hebrew,english_hint,skill,skill_url,transliteration_key,lexeme_id,related_lexemes
מה,everything / nothing can be done / there is nothing to do / what / what are / what do / what does / what is / what is happening / what time is it / what's happening / what's up / whatever,Questions,Questions,mh,4ab82e6792709e726d71655345988e52,
אוהב,like / likes / love,Letters 1,Letters-1,vhb,bd5672dc02f9384901a0c6690cb0c4f2,
לכם,do you have / to you (pl. masc.) / you / you have (p.m.),There is/To Have,There-is,lkm,5b3b0abb42752f764baf3a8ddf947aab,
אני,I / I am / I am a girl / I think so / i'm / me,Letters 1,Letters-1,ny,09061d460c1938aa743bf7f9d6294371,
אתה,you / you are,Letters 1,Letters-1,th,f67797f09b2cf1cbd5e99d3353de712e,
היא,her / it / she,Letters 1,Letters-1,hy,2a141388df07a6317c89931d6f5187cf,
לא,aren't / didn't / do not / does not / doesn't / don't / is not / no / no longer / not / not anymore / not yet / we will not have / won't,Letters 1,Letters-1,l,9f71891c187cd0ba608419b9e41d6709,
או,or,Letters 1,Letters-1,v,e0648d8a3ba32a534d1b809bbfcf1b61,
רוצֶה,want / wants / would like,Letters 3,Letters-3,rvtseh,0b55fbf3b6498b2a5601976cb4638a84,
זאת,it is (feminine) / that / that is (feminine) / this / this is (feminine),Letters 2,Letters-2,zt,04bc5b98dfdc2426223f86cf5dcb8271,
זה,it / it is / it's / that / this / this is,Letters 2,Letters-2,zh,38143c863029ba06cfd190ad3164265f,
הרבה,a lot of / lots of / many / much,Numbers 1,Numbers-1,hrbh,3b414be2748a82d8d575db8c80d8294f,
שלי,mine / my,Possessives 1,Possessives-1,shly,abd24d52cf9f2a666ee7623ab8501d9c,
הילד,the boy / the boy is / the kid,Letters 2,Letters-2,hyld,5d4baf41b41ff9b06730658fb72b85ad,
עם,who with / with / with whom,Prepositions 1,Prepositions-1,`m,6546fe39c7ec5bc4679bece65edc27e1,
אבל,but,Conjunctions,Conjunctions,bl,b2821c3a18ecfe0e14ffd43c150b897f,
לאן,,Questions,Questions,ln,97f1382197dc4e2512b1e154555832c4,
עברית,Hebrew,Common Phrases,Common-Phrases,`bryt,f1dfc05d45334109836fafaa0b60a54c,
של,'s / Abraham's / Avraham's / of / whose,Possessives 1,Possessives-1,shl,88396c458e160ecb79761374f6c2e2c5,
הוא,(he) is / (it) is / he / him,Letters 1,Letters-1,hv,fef90ce1cd3afc2b9b754d04206d3e30,
כן,,Letters 2,Letters-2,kn,bc24f90d64c9ba81c5e93a338e489807,
הולך,,Letters 2,Letters-2,hvlk,88610b69e9338ca3e091356dc3eecb45,
הכלב,the dog,Letters 2,Letters-2,hklb,cba8035a702d7b789db3d729b7931565,
מתוק,,Letters 3,Letters-3,mtvq,455e7c221aa477409951b88e170fe619,
יותר,any longer / any more / more / taller / too / too many / too much,Comparison,Comparison,yvtr,2b1ae05c91baad29f18d6a262b94ef60,46b8df8aefd6b44eb0a38815dfd78d63
שלנו,our / ours,Possessives 1,Possessives-1,shlnv,7449b147cc9ff43d526a3899f0cb7a28,
פחות,less / minus,Comparison,Comparison,pkhvt,94fda9b193a21347ea931dca4fd04c6f,eccff0f24313f7a1860ff756abad8e54;5709b128c7d602ecececa8b27783f0e5
הכי,best / prettiest / the most,Comparison,Comparison,hky,d068cc7e35df1eea20333e19bc3462b1,
שלךָ,your (sg.masc.) / yours (sg.masc.),Possessives 1,Possessives-1,shlka,a655268a4e39893dd8a1ee59eefa1324,
ביותר,biggest / most / the greatest / very,Comparison,Comparison,byvtr,0c74b360452a1048d11d56a61a0c6832,
לךָ,to you / you,There is/To Have,There-is,lka,01c57f1d67d5e1656288cfecc10a6b3f,
להיות,be / becoming / it's possible / maybe / might / to be / to become,Infinitives 1,Verbs:-Infinitive,lhyvt,f93a8fc7555cccf8ccb91cd663448bd2,
אחד,just anyone / one (masc.),Numbers 1,Numbers-1,khd,cf8110990c2ef16fde3522479a46cea6,
את,it / that / the fruit / the milk / this / you,Letters 1,Letters-1,t,4b2f39316b300621459aa1a1d86812ae,
לקנות,,Infinitives 1,Verbs:-Infinitive,lqnvt,8b0555a5f450ae01897bc5effa12e450,
להם,them / they do not have / to them,There is/To Have,There-is,lhm,356bbf5e3c36b214f3982188ab4fe135,
איפה,where / where are / where is,Questions,Questions,yph,18bf068776674b7161373cd86f0beaac,
האם,do / does / is,Letters 1,Letters-1,hm,9ba467f8c7297f831df1e6eb5762827e,
לידנו,,Prepositions 1,Prepositions-1,lydnv,edac2dc273c097b5957d3eabd9452c93,
אהבה,,Letters 1,Letters-1,hbh,5b1ffa1b970035ba14d9ec4e8893fe78,
מים,water,Letters 1,Letters-1,mym,047c460364def427e390aeb337409bed,
בה,,Prepositions 1,Prepositions-1,bh,6dcc8ff10daffd8046f8d59efe07c20a,
נגדה,,Prepositions 1,Prepositions-1,ngdh,526b36b2cd56e27901f12b1b691bd71e,
בתוכה,,Prepositions 1,Prepositions-1,btvkh,16e92f1c472cf065252cbf5ea37225f1,
נגדו,,Prepositions 1,Prepositions-1,ngdv,d71daa25e61a94d85b42db5872418f02,
עוגה,a cake / cake,Letters 3,Letters-3,`vgh,2697706d9562afac178377654d221a7d,
אותו,him / it / the same,Direct Object,Direct-object,vtv,bca1de73870cea47d63659db6aaf1772,
אוהבת,like / likes / love / loves,Letters 1,Letters-1,vhbt,c7e7b29880e7892820601f3742caa536,
אוכל,eat / eating / eats / food / is eating,Letters 2,Letters-2,vkl,bd869bbbb945d184c4872cc55876a0ef,
ואני,and I / and I am,Letters 1,Letters-1,vny,993e7d1e8e9e4dc5f8b5d1546e6d0e7f,
אלא,,Conjunctions,Conjunctions,l,7076f80d6da6bbf40b3ac00f46b290d8,
הזה,that / this,Determiners,Determiners,hzh,cf08682580736533c010bb366a2eb5a6,
לחזור,come back / return / to go back / to return,Infinitives 1,Verbs:-Infinitive,lkhzvr,da922167102c81d6d6474e0cd2859f9b,
מדי,much / too / too many / too much,Numbers 1,Numbers-1,mdy,322f44cfc793ac1d36f661055a4034a6,
איזה,what / which,Questions,Questions,yzh,777e68399d74106592b9f2aab7177f15,
שלהם,their / theirs,Possessives 1,Possessives-1,shlhm,1695db1115b493582765438a51d9115e,
אישה,a woman / wife / woman,Letters 2,Letters-2,yshh,789115e44f7b65619f1ec9ee35d3d32a,
הילדה,the girl / the girl is,Letters 2,Letters-2,hyldh,10e3ce4a0b80fc2c6e305b5e678fe870,
רואֶה,is seeing / see / sees,Letters 2,Letters-2,rveh,b78300a03df34f51dac3c023f98ad0a6,
הגבר,the man / the man is,Letters 2,Letters-2,hgbr,4b7ecadafb5f16021f3481d04304e2ab,
לי,I have / for me / me / to me,There is/To Have,There-is,ly,2bda1225118b08dc04aebd7f0aa78468,
למה,why,Questions,Questions,lmh,323203d675f67605327b4f03af0dc6a2,
לעשות,do / nothing can be done / there is nothing to do / to do,Infinitives 1,Verbs:-Infinitive,l`shvt,d49092c7d3435b8f9f6dc6248ce2b928,
מי,the one who / who / who are / who is / who with / whose / with whom,Questions,Questions,my,1e8d49aea63c8f740562cb0c57cf0284,
אלה,these / those,Determiners,Determiners,lh,9a580e7095f9379e196db5ce360850a9,
שלכם,your / yours / yours(p.m.),Possessives 1,Possessives-1,shlkm,daa6f85f2545110dcdbf16149b42d56e,
הספר,the book,Letters 3,Letters-3,hspr,df0596238b56d7de5254deb9eec704ce,
הזאת,that / this,Determiners,Determiners,hzt,3412c93cda8a63a9de6a61af3083584b,
ממני,,Prepositions 1,Prepositions-1,mmny,dac6017524076d4eef56d3cfde76c90d,
רואות,see,Basics,Basics,rvvt,e867c39cd8f064469d8b1f312684ae41,9406d8ef7d0c588e094b07f4ae3be5de
רואים,,Basics,Basics,rvym,afae3a2d751499f0fc541f5dee4ca2e2,70c44e4cbc57620fd016cfb101869bfc
כי,,Conjunctions,Conjunctions,ky,ec9909f2eca3eff0e9f1332b9db70c19,
האלה,these / those,Determiners,Determiners,hlh,878c9acdc42445ba03158324d96361af,
ארוחת צהריים,,Food 1,Food-1,rvkht tshryym,a526bc9fd95446ecbbb22ad853bacbdf,4cb4d2953ad5522028481bdd606a5676
לנו,for us / to us / us / we have / we will not have,There is/To Have,There-is,lnv,a650431190832ec78c47badc56402880,
בת,daughter / the cousin / the female cousin / years old (sg. fem.),People,People,bt,a04bebfbb1aa8030801842825e4eed44,7cbede43337c8375780987dcbf63e78e
אם,if / whether,Conjunctions,Conjunctions,m,e94385df4e070d8c7d94a28ede0d7efb,
לישון,sleep / sleeping / to sleep,Infinitives 1,Verbs:-Infinitive,lyshvn,290819d182d6586e294f3ffac6f7057c,
לומר,to say / to tell,Infinitives 1,Verbs:-Infinitive,lvmr,f83ce8acdf80518e78c5d9421a7edb35,
לדבר,,Infinitives 1,Verbs:-Infinitive,ldbr,463248bf6f686beb7b5b691d46a04d65,
לוּ,if / if (cond.),The Conditional,Verbs:-Conditional,lv',fe14e62c9986b0bde0ab7eb665b24aaf,
שלו,his / its,Possessives 1,Possessives-1,shlv,44a127de2ccad8d4e4a1e6ede7ee75bd,
איך,how / how are / how is,Questions,Questions,yk,cd8e2dff1020391e5134eafc0cfae979,
אמא,mom / mother / mum,Letters 1,Letters-1,m,e3f32a98d73ae3c26d7c9678628f92ae,
כמה,a few / how / how many / how much,Questions,Questions,kmh,36d8565748e44b6fb984edd08ff2c711,
לעבוד,,Infinitives 1,Verbs:-Infinitive,l`bvd,b4c80ed7668dcc3ecfa66ff0afc9fea3,
אַל,Do not,Negative Imperatives,Negative-Imperatives,al,993bf302279669d4eae28b3a60160f33,
אותם,the same / them,Direct Object,Direct-object,vtm,7e7f11be7e0d66d9dc4fac2f96d00cc8,
ללכת,,Infinitives 1,Verbs:-Infinitive,llkt,e7d1e2dfed6017d081dcf4d5b1e267a9,
התפוח,the apple / the apple is,Letters 3,Letters-3,htpvkh,7f57ee9a4cf82e2ce3d2fc2136dfe43e,
לשחות,,Infinitives 1,Verbs:-Infinitive,lshkhvt,be7fbf6e5d6cb299e124a0a7f9cd4dee,
ספר,a book / book,Letters 3,Letters-3,spr,ff6fdb4b17c7ad3b02d4b41db5d19433,
סליחה,I am sorry / Pardon / excuse me / sorry,Common Phrases,Common-Phrases,slykhh,b4ef4e03b66c742824481f4ac44c7e39,
שותֶה,drink / drinking / drinks / is drinking,Letters 2,Letters-2,shvteh,92e0e2e1ecfd66721d6b742adba57a98,
שלה,her / her boys / her children / hers / its,Possessives 1,Possessives-1,shlh,2290c2aeb93c15250aa7962087520c19,
בן,boy / my partner / son / years old (sg. masc.),People,People,bn,03ba90c867717fd0e71fe76ff75b0434,
אותנו,,Direct Object,Direct-object,vtnv,21261c1bd7883d248724fca2a41227ba,
עדיין,still / yet,Conjunctions,Conjunctions,`dyyn,e5a6944528ea2c540c53d7ba40a7cc3a,
לבוא,to come,Infinitives 1,Verbs:-Infinitive,lbv,82f2ea77a48096cd63bcc0fac254d874,
אתכן,,Direct Object,Direct-object,tkn,81544f54194dd2b10294f894e58ce45c,
אותן,the same / them,Direct Object,Direct-object,vtn,68ff30d8039015813e2fcbd9cc170f7e,
אותךָ,you,Direct Object,Direct-object,vtka,9fa3e8636c0ed7e8926165fd2ae3a46c,
אותךְ,you,Direct Object,Direct-object,vtk@,4625ee6af06a06996bb06f7c74c12bbf,
אותה,,Direct Object,Direct-object,vth,40448fce671d01e7bb7d565c62830393,
שלךְ,,Possessives 1,Possessives-1,shlk@,ed77efa0fbb7cb94ca8ef0e06a7b805b,
לה,her / it (feminine nouns) / she has / to her,There is/To Have,There-is,lh,f31ef8b03ed30c4238c4a773f92757ff,
לךְ,do you have / you / you have,There is/To Have,There-is,lk@,c52801880e941193aaa7fd415a341fc0,
לשחק,,Infinitives 1,Verbs:-Infinitive,lshkhq,440ba747c630b9dbdd6a85e2ae9257d2,
לפתוח,,Infinitives 1,Verbs:-Infinitive,lptvkh,793d543bf7f18acf05a12a5dd7350e3b,
לסגור,,Infinitives 1,Verbs:-Infinitive,lsgvr,305d2bc17be93e498218f18b988f89a4,
לבקר,to visit,Infinitives 1,Verbs:-Infinitive,lbqr,d805b18832af4d57cd4ec9781c1d516d,
חלב,milk,Letters 1,Letters-1,khlb,9060ec0576a6294b9aef94b14725dcee,
בא,come / comes / coming / is coming,Letters 1,Letters-1,b,c120f4f72558eab3f412083111546fed,
חם,,Letters 1,Letters-1,khm,38063f53aa8809ba3b2e35cca030343e,
היונה,,Letters 1,Letters-1,hyvnh,427a82a845322c9fa644d7b54ce723cc,
באה,come / comes / is coming,Letters 1,Letters-1,bh,0618280c9c5ab086a401e8e55a44c88b,
לחם,bread,Letters 1,Letters-1,lkhm,fc6fb7ddebfc8b189bb0a88c415e59e8,
וחלב,,Letters 1,Letters-1,vkhlb,6304bd0676d3333ed1470d0bc9526c15,
יין,,Letters 1,Letters-1,yyn,9b59221bd72db8aca2aaa866c5b8997d,
אבא,dad / father,Letters 1,Letters-1,b,4b46a3e6c1a7313ea1a2668db793f6b3,
לו,,There is/To Have,There-is,lv,995770ba934dbed0d772b5b0168cc8e6,
ילדה,I am a girl / a girl / child / girl,Letters 2,Letters-2,yldh,acac85057d0ebc5dcff1c41bb261965a,
אותי,,Direct Object,Direct-object,vty,c57064f52b32fe08da36855b0119f239,
איתי,with me,Prepositions 1,Prepositions-1,yty,86f5bc43db61f497388dc4286636d244,
בבקשה,here you go / please / you are welcome,Common Phrases,Common-Phrases,bbqshh,dfbb15a79f18aa681c9a1f55b6579008,
ילד,,Letters 2,Letters-2,yld,80584287888bfb94376f5f7460e15c13,
איתו,with him / with it,Prepositions 1,Prepositions-1,ytv,71de6e615bf7e088d7eefd875fc6c8f2,
האישה,the woman / the woman is,Letters 2,Letters-2,hyshh,aa7fbefc3a24ae71da1b7711a65f1fd2,
תפוח,an apple / apple,Letters 3,Letters-3,tpvkh,d18b8a572240925bcf0e69a6fe9c327a,
כלב,a dog / dog,Letters 2,Letters-2,klb,4ece4c97993fb38fe065cb8cd603760b,
רואָה,,Letters 2,Letters-2,rvah,3e86c7f755be617913ef69c69e9983c6,
לעזור,help / helping / to help,Infinitives 1,Verbs:-Infinitive,l`zvr,6a9145852f98996264be9d20232faab1,
לקבל,,Infinitives 1,Verbs:-Infinitive,lqbl,652ddcb51eb9c564ce66fe326e983d61,
לבשל,,Infinitives 1,Verbs:-Infinitive,lbshl,bcd045508f86718bf61eac792b419e6f,
להגיד,,Infinitives 1,Verbs:-Infinitive,lhgyd,5c5211c673de563328d52c3177714bfe,
רוצָה,want / wants,Letters 3,Letters-3,rvtsah,ea1c3c37a9e47b47e100eb91ed7bc6e7,
לשתות,,Infinitives 1,Verbs:-Infinitive,lshtvt,afd1a3806cb7acba3b29dd79b9d8e2b9,
לגור,,Infinitives 1,Verbs:-Infinitive,lgvr,683ac12a8af08647059cceec0191f368,
עוף,,Letters 3,Letters-3,`vp,1be0e626b76d7064d83c389ec3f3aa01,
שלום,hello / hi / peace,Common Phrases,Common-Phrases,shlvm,a340b50867ba0e36ed86fb573cfcb465,
אוכלת,are eating / eating / is eating,Letters 2,Letters-2,vklt,5a1ba4e9b6071cddab3fbe15043c09d5,
קורא,is reading / read / reading,Letters 3,Letters-3,qvr,ef0e6bc6492f0a7bfa947e568311365c,
אין בעד מה,,Common Phrases,Common-Phrases,yn b`d mh,a3c0d2c9b8c8de2690f3ec38413ab41e,
הולכת,go / goes / is going / is walking / walk,Letters 2,Letters-2,hvlkt,5bd6d27208a2db5aad93e381a2aaa29a,
יותר,any longer / any more / more / taller / too / too many / too much,Numbers 1,Numbers-1,yvtr,46b8df8aefd6b44eb0a38815dfd78d63,2b1ae05c91baad29f18d6a262b94ef60
למצוא,,Infinitives 1,Verbs:-Infinitive,lmtsv,b453dbb7fe744f94eed1de35e4ded3d9,
אחת,one (fem.),Numbers 1,Numbers-1,kht,cd81291629f29ccc40217850651010b2,
מתי,when,Questions,Questions,mty,f76bd919af3023b5de580504a469e5a0,
חמוץ,,Letters 3,Letters-3,khmvts,09841e30dfb293dd5588d708e5457302,
התפוז,,Letters 3,Letters-3,htpvz,3d1202c07d9be37c3057b4a19feea2ce,
שלכן,,Possessives 1,Possessives-1,shlkn,f11665579c5dad1e9d76db0f63410e02,
שלהן,,Possessives 1,Possessives-1,shlhn,d1dce715bbfba25ebd3febb615799596,
האוכל,the food,Letters 2,Letters-2,hvkl,f2052d4a7856bcb86c2c02fa13c84efc,01e99d0a73002c052b1bc7b2ba698f2a
ארוחת ערב,,Food 1,Food-1,rvkht `rb,640b37d74d4e0948bb4b17c242523ee5,
בשבילי,,Prepositions 1,Prepositions-1,bshbyly,c8ba4ab1546b7625072e857ba76c7a52,
מיץ,a glass of juice / juice,Letters 3,Letters-3,myts,9d86749e68106438dfd7a2a690344fd5,
איזו,,Questions,Questions,yzv,ee8f03ea8ec00083dc12e289f33c4609,
קוראת,is reading / read / reading,Letters 3,Letters-3,qvrt,a2321bab8a474b7f68d2a046656cdd34,
תפוז,an orange / orange,Letters 3,Letters-3,tpvz,94419aec576ff44e932b40bc8186addf,
שותָה,,Letters 2,Letters-2,shvtah,5a52655272b808cdd83c7e4ae173bcb7,
האלו,,Determiners,Determiners,hlv,620629b57f81062d8018eb370b18d461,
אוכלים,are eating / eat / eating,Determiners,Determiners,vklym,a9dc22ae17de06cb706fc22312778383,
ארוחת בוקר,,Food 1,Food-1,rvkht bvqr,531bda8b811f25e6b46d680f95cd0240,1ea42bb69ca5ad4d275d6506faa01720
עיתון,,Letters 3,Letters-3,`ytvn,d971c92da2afdee132c75f3e010fc72f,
להן,,There is/To Have,There-is,lhn,1a1c86642644d494b7cb7d0ef4e664d2,
לכן,That's why / therefore / you,There is/To Have,There-is,lkn,eae662e765717013f7f33edb303f8eab,
אורז,rice,Letters 2,Letters-2,vrz,086f4d38b5d13dbc2a85d4d777974e5a,
כזה,,Determiners,Determiners,kzh,9f24979a211ad9e2a54bbd57f176163d,
דרך,path / road / way,Letters 2,Letters-2,drk,e998eadb1fcc9c5845fb3c0f1a81e001,
גבר,a man / man,Letters 2,Letters-2,gbr,be79d7c6af865e23cbcbf30383cc4843,
ממנה,from her,Prepositions 1,Prepositions-1,mmnh,7fa5764bf312e11aa7a34c1d29e35aa2,
המלך,,Letters 2,Letters-2,hmlk,3a7db33e0f376c942d1277eca6192faf,
לראות,see / seeing / to see,Infinitives 1,Verbs:-Infinitive,lrvt,4c671aa9908acc706dd4175990633a61,
בו,,Prepositions 1,Prepositions-1,bv,06af6c13023993fdb2f21da299e92dc4,
לתת,,Infinitives 1,Verbs:-Infinitive,ltt,fc336949053237c18b2e8f7fe280e849,
אפרסק,,Letters 3,Letters-3,prsq,3d099c21da3914c3958c6cc77a1f1831,
של מי,,Questions,Questions,shl my,eeacc45e59d05152a0aebf7c0b6fb758,
אילו,if / what / which,Questions,Questions,ylv,240aad92375c005130f96345110f3977,
את מי,,Questions,Questions,t my,ab8b83c7582fec08d39dfb081dde4e54,
בשביל מה,,Questions,Questions,bshbyl mh,f467eab66030373c972a38fd11da6ec7,
ואבא,,Letters 1,Letters-1,vb,9d7e4d80b0cdac03158ae05c89a21dee,
תודה,thank you / thanks,Common Phrases,Common-Phrases,tvdh,1faddd584035bf7ad036c0844dc92a64,
מה קורה,,Common Phrases,Common-Phrases,mh qvrh,6ff1f1d353c6a2b14c26632e64f2140e,
בתיאבון,,Common Phrases,Common-Phrases,btybvn,a047c6b26fb39c666cf4877a2bf7e85d,
בסדר,alright / fine / ok,Common Phrases,Common-Phrases,bsdr,2dcfd661808165fbe765084bec77c786,
תודה רבה,,Common Phrases,Common-Phrases,tvdh rbh,0d682a662ac1de81676f5ff89c66824b,
בהצלחה,,Common Phrases,Common-Phrases,bhtslkhh,a33d7294767a70115190ef53b2a8b91f,
מזל טוב,,Common Phrases,Common-Phrases,mzl tvb,9f06039375700a80b6bae07dcbec47e6,
טל,,Common Phrases,Common-Phrases,tl,f9026ae1b5518633350918efae301e0d,
מה נשמע,,Common Phrases,Common-Phrases,mh nshm`,12b220dbdc2743ebfb1e8c1e0d771ede,
לקחת,,Infinitives 1,Verbs:-Infinitive,lqkht,ec1c7123b7e639b08fcd03f78a919712,
ועוד,,Numbers 2,Numbers-2,v`vd,54aad5e477e73352fa4bc33e46eabf92,
לשמוע,,Infinitives 1,Verbs:-Infinitive,lshmv`,5115115f794a0695dbb8de92865ef695,
אגוז,,Letters 2,Letters-2,gvz,2854a4b7dcdedd8ff33ce8df9a2160b6,
יונה,,Letters 1,Letters-1,yvnh,979c243a42a2e5a0cf60cd0c117038ca,
לכתוב,to write / writing,Infinitives 1,Verbs:-Infinitive,lktvb,d9ff74f52e32a2c7f5ddfe7b810a67af,
לרוץ,run / running / to run,Infinitives 1,Verbs:-Infinitive,lrvts,2e1535ffa101c2663ecdaca2442456db,
נא,,Formal,Formal,n,b05a0db127f5d830ff5061e5783d26ef,
פחות,less / minus,Numbers 2,Numbers-2,pkhvt,5709b128c7d602ecececa8b27783f0e5,eccff0f24313f7a1860ff756abad8e54;94fda9b193a21347ea931dca4fd04c6f
אנגלית,,Common Phrases,Common-Phrases,nglyt,ca34095f5586cc35f4f1f7bf39f1bab1,
כיף,,Letters 3,Letters-3,kyp,58895be23f068f961f68ccb948ede046,
האבא,,Letters 1,Letters-1,hb,ffdc11ee70972086f1ead30b54ed4a46,
ולחם,,Letters 1,Letters-1,vlkhm,982e5d692149e9239bb873ca64afc637,
אתכם,you,Direct Object,Direct-object,tkm,1e904cdcff68a4de3e0baed8e9039e7d,
שאהנה,,Future Nif'al,Verbs:-Future-Nifal,shhnh,bf76e2456fa59a70198322c8bff2c104,
החלב,milk / the milk / the milk is,Letters 1,Letters-1,hkhlb,635fb420c4f0287a2e61fa8254c2ba86,
האמא,the mom / the mother,Letters 1,Letters-1,hm,5464895cb9ad6cd8519c4cabe761547f,
הביתה,,Places,Places,hbyth,a1f1dba999f4986378ee7ad37ff95981,
משאית,,Letters 2,Letters-2,mshyt,49b7a0b857ee6dfb40ea2856cf23e274,
זמינה,,Adjectives 3,Adjectives-3,zmynh,07ae83e1de7e27de5c224888bb1c54b1,
יומי,,Adjectives 3,Adjectives-3,yvmy,5b44ec329892c0ffcf40d0d6374bfc9f,
מרשימים,,Adjectives 3,Adjectives-3,mrshymym,63415f3c45dc5db671dae40751fd8fa6,
מרשימה,,Adjectives 3,Adjectives-3,mrshymh,6506080b2504657e34d5e000f7eaa000,
טהור,,Adjectives 3,Adjectives-3,thvr,186d51aaeba4b6b712beac6f93c332c8,
עבָה,,Adjectives 3,Adjectives-3,`bah,e2b51aad34ebca45680e5a6cd678af51,
טהורים,,Adjectives 3,Adjectives-3,thvrym,7d8f557ce769fa312ff10f21f5443320,
עבים,,Adjectives 3,Adjectives-3,`bym,71478435c15f66826571c2a675f00f52,
זמין,,Adjectives 3,Adjectives-3,zmyn,1c193fd4ce9330b306fa82586f7b417b,
מעריצים,,Feelings,Feelings,m`rytsym,7fec771e51f148c265be032763ee7ee7,
מתנשקת,,Feelings,Feelings,mtnshqt,77460a176336c6661ad626acc537d5b1,
רגועים,,Feelings,Feelings,rgv`ym,25d592926be6c8153357ed768564ec36,
מעריצה,,Feelings,Feelings,m`rytsh,852845874f017c6aad82ac96ea982fe1,
מעריץ,,Feelings,Feelings,m`ryts,727fb2d0cbfbb7ece6829342bf6190d5,
מתנשקים,,Feelings,Feelings,mtnshqym,19e50891716a4933eedbbe3242bf4143,
נגדנו,,Prepositions 1,Prepositions-1,ngdnv,6425542b65276425107d624c151d833e,
לשאול,,Questions,Questions,lshvl,01913c4bbe76706ca20138feb2521d04,
לוח שנה,,Dates and Time,Dates-and-Time,lvkh shnh,53b02b0345696a0ec0e32431ba95f37b,
ההווה,,Dates and Time,Dates-and-Time,hhvvh,77459e05f5b139d55d4b61780628d007,
צהריים,lunch / noon,Dates and Time,Dates-and-Time,tshryym,ed7410cfaae1bfeaf3391ea9772312b0,
איתנו,with us,Prepositions 1,Prepositions-1,ytnv,b378ce9d1f70026f413bf010f81c4368,
חדר שינה,,Home Sweet Home,Home,khdr shynh,01a39eeb7b9dfd46e12eb48cd90de1e1,
בחדר שינה,,Home Sweet Home,Home,bkhdr shynh,7c04a8cabe0eb46567b99da1d16af0a5,
חדר אוכל,,Home Sweet Home,Home,khdr vkl,755b7caf9265a75be34b0cedd7dc3938,
הספה,,Home Sweet Home,Home,hsph,422733566f8a952f5ade6c220dc75044,
דוודים,,Home Sweet Home,Home,dvvdym,a309bce021366efa939b29873ece54de,
שכן,,Home Sweet Home,Home,shkn,c5b3f06520424f80cee504cf0b320ddb,
ארון,,Home Sweet Home,Home,rvn,76a9d4df38cf46b23b57afd19487737d,
ספה,,Home Sweet Home,Home,sph,92ff2abc46488a8d0db471b48f1f67db,
הברז,,Home Sweet Home,Home,hbrz,2a4f5b84ddbdaf8d751f959a55310868,
הארון,,Home Sweet Home,Home,hrvn,fa32955f576a3c3f24a559e4317e9b92,
שכנה,,Home Sweet Home,Home,shknh,090da4dbed37176493b4e70521eb3541,
כריך,a sandwich / sandwich,Food 1,Food-1,kryk,464ef8b3f053c5f011f21e8091f9411a,
הבודד,,Adjectives 3,Adjectives-3,hbvdd,325df0b363d4afa21faf076beeef8d81,
בודדים,,Adjectives 3,Adjectives-3,bvddym,191727fcd0476e26f4a706e69e5a6944,
מיידית,,Adjectives 3,Adjectives-3,myydyt,8d813e0c623543d03e7487007c52df59,
ימני,,Adjectives 3,Adjectives-3,ymny,2213064a91be78c9d2eab1058218ad07,
רחב,,Adjectives 3,Adjectives-3,rkhb,067bbb6be519ec90973027c193668303,
המסורתית,,Adjectives 3,Adjectives-3,hmsvrtyt,b090bcc8ac23d1bc1dbdf504e13491aa,
תרבותיים,,Adjectives 3,Adjectives-3,trbvtyym,fc395e9f50fac097fc928eed59243fda,
הדתי,,Adjectives 3,Adjectives-3,hdty,3ca8b964c70749f435b4595ab063c865,
מסורתי,,Adjectives 3,Adjectives-3,msvrty,622e1345e376709d6a29e15eb9d5322b,
דתי,religious (sg. masc.),Adjectives 3,Adjectives-3,dty,cb8477647217a832e7e3e83c51b70458,
שלם,,Adjectives 3,Adjectives-3,shlm,ffb3c78c32ab2cee543512f27e15a2f8,
תרבותי,,Adjectives 3,Adjectives-3,trbvty,7128c999e2fe23a04ab061a274e3a8e8,
תהיה לךָ,,Verbs: Future Active 1,Verbs:-Future-Active,thyh lka,626fd07cab286275d876a01cff7688c2,
יהיה לי,,Verbs: Future Active 1,Verbs:-Future-Active,yhyh ly,0764974310d57e2e6c73b19dc6134fb1,
תשמע,,Verbs: Future Active 1,Verbs:-Future-Active,tshm`,7c71917fda3fab5be4b0436fe2ce5425,
תחליט,,Verbs: Future Active 1,Verbs:-Future-Active,tkhlyt,d78b286b76e7e7510b9558eb0e8f839d,
יאהב,,Verbs: Future Active 1,Verbs:-Future-Active,yhb,255842b16693133f920340faa3200c8d,
תהיינה,,Verbs: Future Active 1,Verbs:-Future-Active,thyynh,0632cf1c9dad7928347c36a4ae6ebca0,
ישמע,,Verbs: Future Active 1,Verbs:-Future-Active,yshm`,2691c25b7d6aace54af532c04e87fa42,
אעמוד,,Verbs: Future Active 1,Verbs:-Future-Active,`mvd,037761d5b3730d647a3ca3db478b2362,
יהיה להם,,Verbs: Future Active 1,Verbs:-Future-Active,yhyh lhm,389affdae284eb659d01a7977f3fe461,
נאהב,,Verbs: Future Active 1,Verbs:-Future-Active,nhb,bcb9a5abae908dcb9e262c852ea2ced4,
תעמוד,,Verbs: Future Active 1,Verbs:-Future-Active,t`mvd,73a24a5f3c93b6bf4634cf9a434dca67,
מאיתנו,,Prepositions 1,Prepositions-1,mytnv,ae2883a5d36a2d51a52ead9217addc20,
איתךָ,,Prepositions 1,Prepositions-1,ytka,3dcf1ca668a5e7c877bd4f89a94237e8,
מהן,,Prepositions 1,Prepositions-1,mhn,84accccbbc85dd7a61a0ddc8a48ded41,
בשבילךְ,,Prepositions 1,Prepositions-1,bshbylk@,222f4743a88f0a1a8a2060a98745e4c3,
מהם,,Prepositions 1,Prepositions-1,mhm,80687895298d41cac7997914d9ba2f90,
בשבילם,,Prepositions 1,Prepositions-1,bshbylm,56ccf315e77e9cef7e5be3f023e07a70,
בשבילן,,Prepositions 1,Prepositions-1,bshbyln,dd8574a2a62ffc72cf61a346ee0f7c71,
נגדם,,Prepositions 1,Prepositions-1,ngdm,aa3be5e137e48c3752093e4939fbc659,
לקטגורייה,,Abstract Objects 1,Abstract-Objects-1,lqtgvryyh,e8968ca2fe9ebdb22ef5c51b10832eab,
מההשקפה,of the perspective,Abstract Objects 1,Abstract-Objects-1,mhhshqph,0495f88f8e09c307915a0f69e6b63d41,
ביצועים,,Abstract Objects 1,Abstract-Objects-1,bytsv`ym,e74311fecec8a35aee4b1483863f3e25,
ברירה,,Abstract Objects 1,Abstract-Objects-1,bryrh,bf3c3c184396c63805dc7049a506af5a,
הביצועים,,Abstract Objects 1,Abstract-Objects-1,hbytsv`ym,9a8c48eb70c74a0632be35cacca31452,
תקווה,,Abstract Objects 1,Abstract-Objects-1,tqvvh,bf29d93052569ccc0407355b0611be9d,
מהביצועים,,Abstract Objects 1,Abstract-Objects-1,mhbytsv`ym,c587eca3d4a6f0b4447b51e6b0b56a61,
הקדמה,,Abstract Objects 1,Abstract-Objects-1,hqdmh,886415207d1e31f2925c6aa9212072a7,
קטגורייה,,Abstract Objects 1,Abstract-Objects-1,qtgvryyh,292dd6386553e7b9e32c1e3c69616be3,
ההקדמה,,Abstract Objects 1,Abstract-Objects-1,hhqdmh,7d0451ca85d2552f943c017b9f04e28a,
מבנה,a building / a structure / structure,Abstract Objects 1,Abstract-Objects-1,mbnh,87d55a35bc013d1d4a14684e9a24892c,
הקטגורייה,,Abstract Objects 1,Abstract-Objects-1,hqtgvryyh,c4251f91e9a4512637d9025e6dc5b796,
ממנו,from him / than him,Prepositions 1,Prepositions-1,mmnv,3600bb1f95fa2dfdb88d6cf43dcf1f01,
ההמלצה,,Politics,Politics,hhmltsh,a51762e00a2777f9e4585a06d2b9ce96,
זכויות,,Politics,Politics,zkvyvt,c513c88f11f5805e8cffae1ceaed0e49,
מס,,Politics,Politics,ms,75cd68541e7ab8a377b8907b295de435,
במעצר,,Politics,Politics,bm`tsr,7fee0efe0d6ab4087e46051657c3997b,
במשרד הביטחון,,Politics,Politics,bmshrd hbytkhvn,76fa82d0582c2f46c536d588621c0a9e,
מושלת,,Politics,Politics,mvshlt,783b75cee804a3e00f43368dbab53076,
המלצות,,Politics,Politics,hmltsvt,51bfd8d231decfc6d6e50ac155d86b4e,
מהמעצר,,Politics,Politics,mhm`tsr,d4dbf96a25ea785455cdbe225d6e8ae5,
המעצר,,Politics,Politics,hm`tsr,ea3185fd1b674ef942b0ed07133855db,
ממשרד הביטחון,,Politics,Politics,mmshrd hbytkhvn,bd0034b3778fc1e073f597fb24efe843,
משרד האוצר,,Politics,Politics,mshrd hvtsr,70be6dce7c4293d9e4ab8ef60bbacb05,
ההד,the echo,Music,Music,hhd,c1579aed55aea67149a3a2c7128471d8,
הנבל,,Music,Music,hnbl,40d16ca464a1c666714e8a148d976a8d,
תוף,,Music,Music,tvp,b1f1bb81e2125146884f70f8b4c9b845,
המנצח,the (music) conductor,Music,Music,hmntskh,012c823f34bd4f0224777fa66717a092,
ים-תיכונית,,Music,Music,ym-tykvnyt,9f5148c97c02417402eb9a49a9a50cca,
הד,,Music,Music,hd,7ba5e4a86830e24bf8731c994f00a04f,
והרמקולים,,Music,Music,vhrmqvlym,10c1cd8013f62c04e1fca7f9270103c2,
המנגינה,,Music,Music,hmngynh,01415d0166636de617a1a9db36b0387a,
המיקרופונים,,Music,Music,hmyqrvpvnym,df5e782b9a484ccf98e4baa5ad1cb125,
מהמיקרופון,,Music,Music,mhmyqrvpvn,2ae4c44229596719718b79aa91ca712a,
נבל,,Music,Music,nbl,edf173e9b066ccd8a2e9b76e488c054b,
מנצחים,,Music,Music,mntskhym,aa3e91aa1c5675a3713aaa0b619910e2,
בתופים,,Music,Music,btvpym,cd6e3a670caf4ca48aa3173dc4cf1bf2,
בנו,,Prepositions 1,Prepositions-1,bnv,63983e998af24efd89f2654c4a13943b,
בתוכו,,Prepositions 1,Prepositions-1,btvkv,d65de3ad96e5ddee3cc4a24d41d67323,
בתוכי,,Prepositions 1,Prepositions-1,btvky,268f957a7f05491ebe20796265f9c3fe,
בי,,Prepositions 1,Prepositions-1,by,b4e3db4153f213801360672938db56b3,
בהן,,Prepositions 1,Prepositions-1,bhn,9211f9a910634826f2e885ea23b5294c,
בהם,,Prepositions 1,Prepositions-1,bhm,fc3305a64a10c6e2ec13748409ebc586,
מכם,,Prepositions 1,Prepositions-1,mkm,3b3ca349e4f2f04d1809d80f1e758749,
לידךְ,,Prepositions 1,Prepositions-1,lydk@,fc0c1df3f9a42d3c09b54b836cd2018b,
מכן,,Prepositions 1,Prepositions-1,mkn,c37d6e00bb0ef5f573554b4e9505d54b,
לידךָ,,Prepositions 1,Prepositions-1,lydka,6049962fe5774bd7ddc215c89d1087a9,
בתוכן,,Prepositions 1,Prepositions-1,btvkn,d9561f450a8ffe5298e88e68f4aac0ce,
בךְ,,Prepositions 1,Prepositions-1,bk@,5c50e57e53239101018f9502ee508a95,
לידו,,Prepositions 1,Prepositions-1,lydv,b9fafc8de1657dda414495026f958f69,
בשבילנו,,Prepositions 1,Prepositions-1,bshbylnv,7e7d9fdb2b74684e033ff14ad0553468,
בשבילו,,Prepositions 1,Prepositions-1,bshbylv,e8e5c730ef0d5870746bf0cac1ed80e4,
בתוכנו,,Prepositions 1,Prepositions-1,btvknv,3ef59d272fd140329fbd8f128f931a86,
לידי,,Prepositions 1,Prepositions-1,lydy,d7b184c7ae12f44b2e8156488e354077,
לידה,,Prepositions 1,Prepositions-1,lydh,3497dc87eb526a52b7604d5067969253,
בשבילה,for her,Prepositions 1,Prepositions-1,bshbylh,ed164a54f2cfdc883b1e848d279fd3f6,
בתוכךָ,,Prepositions 1,Prepositions-1,btvkka,7cc6eda3a4d0bf51110a16df716ed41b,
בתוכךְ,,Prepositions 1,Prepositions-1,btvkk@,258513a9d262ee60ae12739e914bba14,
בכן,,Prepositions 1,Prepositions-1,bkn,bf089423b88156a7b2b0097b0821e4b9,
הרפואה,,Medical,Medical,hrpvh,b9c057c5ad98ca235287138d3fd07f0a,
יד,,Medical,Medical,yd,53e518c14271f01cf0dc69b231d1662a,
הריונות,,Medical,Medical,hryvnvt,e0037d3dbbe5db67deab5f6feee58c6a,
בהריון,,Medical,Medical,bhryvn,b62d09acdfbe104614c4e6e941723f9b,
השפתיים,,Medical,Medical,hshptyym,45a397e9baab98219c19de6e376078cb,
כף הרגל,,Medical,Medical,kp hrgl,99b3d243e0d8dca632108ad71d03eb22,
מובן,,"Passive: Pa'ul, Pu'al and Huf'al",Passive:-Paul-Pual-Hufal,mvbn,1c8917ad2886c49f7bc33bf6130cb4c7,
משונֶה,,"Passive: Pa'ul, Pu'al and Huf'al",Passive:-Paul-Pual-Hufal,mshvneh,ead0da2e2728526c702259355306c5be,
משונָה,,"Passive: Pa'ul, Pu'al and Huf'al",Passive:-Paul-Pual-Hufal,mshvnah,4ea583a1c9ddcaaa109e796e180cd836,
העצמות,,Medical,Medical,h`tsmvt,b21e8b16357fb8ac931041d6be0d6b51,
המרפקים,,Medical,Medical,hmrpqym,b8da29e278579718e1eeac16543f317c,
המרפאה,,Medical,Medical,hmrph,0617fe750e47fb37fd0a1b434edefc85,
האף,,Medical,Medical,hp,c00c9847f8eabf08fcd0601e9efb9d1b,
עצם,bone / noun / object,Medical,Medical,`tsm,804a1a6bd9cd061d3103516193078a3a,
בדיאטה,,Medical,Medical,bdyth,42e2ce0e7c48ce3b6646cb8c3ace5d1a,
הרגליים,,Medical,Medical,hrglyym,195ba9713fd1568edad1a29d6779e2a3,
אחיות,,Medical,Medical,khyvt,0cbb3a3fd979e3608070a9d1989c1e4e,
המרפק,the elbow,Medical,Medical,hmrpq,a324b376fe0e35f866856df377128daf,
דיאטה,,Medical,Medical,dyth,b4c5c7a7c66d05cc2507934573bdcf6b,
אף,even though / nose / not a,Medical,Medical,p,b5ed3ac798d62324ca3e6c8e042d9bae,
הזרוע,,Medical,Medical,hzrv`,e9eea035ab8551ff1d9536b2f46c3c4b,
החלף,,Imperative 1,Imperative-1,hkhlp,0f305716d313f67f47b45e171f029bc0,
התחברי,,Imperative 1,Imperative-1,htkhbry,ebc1dd0e241a125a5acae86cfc7ccbb7,
התחבאי,,Imperative 1,Imperative-1,htkhby,5b3286df6cccdb0fe764d7d37531df93,
שתו,,Imperative 1,Imperative-1,shtv,0e94fb650773de36fef39a53ec6611e0,
התחבא,,Imperative 1,Imperative-1,htkhb,072c9196f5a9ab266a70684b814b7943,56d854c171f943f3bb93f86ac609ccc9
הראֵה,,Imperative 1,Imperative-1,hreh,1f125b37a4a843e912dfa99f7714e393,
נפגעתָ,,Nif'al Construction,Nifal-Construction,npg`ta,ff0ba26c606d72ebb1ecf230ab825e30,
נעשית,,Nif'al Construction,Nifal-Construction,n`shyt,ef0216870ec584f27d0978da76ac4a0b,
ניתן,,Nif'al Construction,Nifal-Construction,nytn,2601ed6f11b6861d27bf3e35024be16e,9dd6b059b11a6da360712e103ea54768
נפרדים,are breaking up / are separating,Nif'al Construction,Nifal-Construction,nprdym,3a334be1e8017b08e3fc715689b5e459,
נאמרות,,Nif'al Construction,Nifal-Construction,nmrvt,1ffc2ee6b324188f14fef941714f2366,
נעשות,,Nif'al Construction,Nifal-Construction,n`shvt,1c8c590958b71bd72a45ae168e1e5962,
ניתנות,,Nif'al Construction,Nifal-Construction,nytnvt,2f8671924d86e0ca0a009ba4522f2fbc,
שמורות,,"Passive: Pa'ul, Pu'al and Huf'al",Passive:-Paul-Pual-Hufal,shmvrvt,a03e6197a3ea8008daa128f84c5eb830,
מוצלח,,"Passive: Pa'ul, Pu'al and Huf'al",Passive:-Paul-Pual-Hufal,mvtslkh,e877dd53580968d4da7db860bdc98a32,
מופרע,,"Passive: Pa'ul, Pu'al and Huf'al",Passive:-Paul-Pual-Hufal,mvpr`,11c099bcbdd46609c0145db75575039c,
זכור,,"Passive: Pa'ul, Pu'al and Huf'al",Passive:-Paul-Pual-Hufal,zkvr,9e5e2efe809e4959979c26c421f2c019,
השמורות,,"Passive: Pa'ul, Pu'al and Huf'al",Passive:-Paul-Pual-Hufal,hshmvrvt,203c97049cc26a648f265adf60f54746,
מושפעים,,"Passive: Pa'ul, Pu'al and Huf'al",Passive:-Paul-Pual-Hufal,mvshp`ym,a4feee211c710ba71ff849c7e51b2fd6,
משוכנעים,,"Passive: Pa'ul, Pu'al and Huf'al",Passive:-Paul-Pual-Hufal,mshvkn`ym,68a0e8baae977941ba276b7d487c236b,
מוגבל,limited / restricted,"Passive: Pa'ul, Pu'al and Huf'al",Passive:-Paul-Pual-Hufal,mvgbl,4032766e1dd2d8cde63bb0ebbf3a5423,
מוגבלת,,"Passive: Pa'ul, Pu'al and Huf'al",Passive:-Paul-Pual-Hufal,mvgblt,8e432e0554d4275fd237586f6d4c3130,
מופרעת,,"Passive: Pa'ul, Pu'al and Huf'al",Passive:-Paul-Pual-Hufal,mvpr`t,f4a2e662b46b584edb039e007ade4999,
משוכנע,,"Passive: Pa'ul, Pu'al and Huf'al",Passive:-Paul-Pual-Hufal,mshvkn`,e9569db7a15c5bb1d15327c1d1edbf17,
הזכורים,,"Passive: Pa'ul, Pu'al and Huf'al",Passive:-Paul-Pual-Hufal,hzkvrym,b6dbaf9ca66cc867feb438f9172c8155,
לדעת,to know,Infinitives 1,Verbs:-Infinitive,ld`t,802111d09b6e84b5f87f1796e353537a,
קנויה,,"Passive: Pa'ul, Pu'al and Huf'al",Passive:-Paul-Pual-Hufal,qnvyh,7d62326588cca21f008593ee23a52a96,
הצפויה,,"Passive: Pa'ul, Pu'al and Huf'al",Passive:-Paul-Pual-Hufal,htspvyh,2371699a684f47b9389cf87c9657dcee,
בכמה,,"Passive: Pa'ul, Pu'al and Huf'al",Passive:-Paul-Pual-Hufal,bkmh,7aa8a41af733d0f2a200b33ebe926e3b,
מדובר,,"Passive: Pa'ul, Pu'al and Huf'al",Passive:-Paul-Pual-Hufal,mdvbr,a099736a6ad298942ab1aea92c7bab7f,
מוסבר,,"Passive: Pa'ul, Pu'al and Huf'al",Passive:-Paul-Pual-Hufal,mvsbr,48c301a411d910cf009795f52a820c6f,
משותפת,,"Passive: Pa'ul, Pu'al and Huf'al",Passive:-Paul-Pual-Hufal,mshvtpt,b7539054f661d6b41959d700d0460af7,
כתוב,written,"Passive: Pa'ul, Pu'al and Huf'al",Passive:-Paul-Pual-Hufal,ktvb,4f9379e03b7725fdd5695a0125021379,
מוזמן,,"Passive: Pa'ul, Pu'al and Huf'al",Passive:-Paul-Pual-Hufal,mvzmn,ed22855e659ffa88f0e75184d4d3b9e6,
צפויה,expected,"Passive: Pa'ul, Pu'al and Huf'al",Passive:-Paul-Pual-Hufal,tspvyh,aad1025b89464cecf14d0705707ee4e0,
כתובות,,"Passive: Pa'ul, Pu'al and Huf'al",Passive:-Paul-Pual-Hufal,ktvbvt,ddcaaecc5fb7071eed5081781e2d06ce,
מבושל,cooked,"Passive: Pa'ul, Pu'al and Huf'al",Passive:-Paul-Pual-Hufal,mbvshl,dee15c8abd0dbdc3462adf248140f7c9,
מוזמנת,,"Passive: Pa'ul, Pu'al and Huf'al",Passive:-Paul-Pual-Hufal,mvzmnt,bc96706c2e79f0a7644a2ec906683217,
קנוי,,"Passive: Pa'ul, Pu'al and Huf'al",Passive:-Paul-Pual-Hufal,qnvy,c0c66c7c26c1852357fa8ef20b1c6849,
כלבינו,,Possessives 2,Possessives-2,klbynv,e924149d61e3eb714fac290ed3c8f32b,
ילדותיי,,Possessives 2,Possessives-2,yldvtyy,3830b7ef1aabc1db11ef536a6869c711,
כלבתה,,Possessives 2,Possessives-2,klbth,ffe8908bbde82a2f2c7811d111413b4f,
חולצותיי,,Possessives 2,Possessives-2,khvltsvtyy,06cf8f979191359d8fcbf0eba93bdd39,
ציפורייך,,Possessives 2,Possessives-2,tsypvryyk,257ebd1945ec7ecfb713b8aa5645c5e8,
חולצתו,,Possessives 2,Possessives-2,khvltstv,8aae684f2521be6427355adeb4d25fed,
כלבתי,,Possessives 2,Possessives-2,klbty,c9d0bb1f0f1db7395f7bfceac8154db8,
ילדותייךָ,,Possessives 2,Possessives-2,yldvtyyka,566930470ba81aeb42b388227ffdce0d,
חולצתנו,,Possessives 2,Possessives-2,khvltstnv,3b6cc8e8966e4e9b0f5544a8718cfe56,
ציפוריכם,,Possessives 2,Possessives-2,tsypvrykm,f5415a9a1497b19af5778246fb13e118,
כלביהם,,Possessives 2,Possessives-2,klbyhm,ca9aa38c59a9cb55800489c91481b748,
ברכי,,Imperative 1,Imperative-1,brky,16ec0637a9f63db3c8d81b2a6415253f,
מהספר,,Imperative 1,Imperative-1,mhspr,b235e047cd9772d00db2866fb3d29c1a,
תקנו,,Imperative 1,Imperative-1,tqnv,4f53b7257d12a9a9e38efc69565be267,
הַזמינו,,Imperative 1,Imperative-1,hazmynv,96166516e7067576c52dcfb052200a55,
תקני,,Imperative 1,Imperative-1,tqny,79a38e12101d1436ef6de6a37b1bbc18,
התכונני,,Imperative 1,Imperative-1,htkvnny,882fed7eb1255d94cb8cf11af67ed0fc,
תקן,,Imperative 1,Imperative-1,tqn,d0145018f5b222416f46d9cf0b86f2b7,
ברך,,Imperative 1,Imperative-1,brk,137395b0b2aaa459c5a7965f3845e461,
הרגישו,,Imperative 1,Imperative-1,hrgyshv,322012545a57c7dc3b1cef4edd3b4454,
התכוננו,,Imperative 1,Imperative-1,htkvnnv,a0e4c8e151a3345666db4dbae2574fe3,
התקלח,,Imperative 1,Imperative-1,htqlkh,1827f7f6f7edce34ff106b996aeb88cc,
התפללי,,Imperative 1,Imperative-1,htplly,1761b2e924d8dce8ffbd935482db7026,
רחמי,,Imperative 1,Imperative-1,rkhmy,eb7e144aec0ae6235ac7b26a43352825,
ברד,,Weather,Weather,brd,a4fff5d01d8fb0d418613e3423272e54,
מעלות,degrees,Weather,Weather,m`lvt,060430f3a9617adc41cce0f37867188a,
האובך,,Weather,Weather,hvbk,682a3d4d28d0b1fd643abf6dcbe2d5e9,
מטפטפת,,Weather,Weather,mtptpt,5ae5780f65e6b4531165ec64e049397d,
הרעם,,Weather,Weather,hr`m,67ccfb8a445697091101f59254a32c78,
גל הקור,,Weather,Weather,gl hqvr,95fd111f38eec79d1c59c5b59d740e3f,
ורעמים,,Weather,Weather,vr`mym,05408d5950641c32fb51edf1d12b568a,
מטפטף,,Weather,Weather,mtptp,2256c71f0d12b677b1ec1fe6e9660c6f,
מטאור,,Outer Space,The-Outer-Space,mtvr,e10eb18d1aa8225eed6ffd3136ab830d,
חור שחור,,Outer Space,The-Outer-Space,khvr shkhvr,a23eece0284566fa05f3e58e1829dff1,
לצדק,,Outer Space,The-Outer-Space,ltsdq,62a4568d5b1e9a4ee316cfc8f8fbb12c,
במסלול,,Outer Space,The-Outer-Space,bmslvl,f06c1cc190f27d63d9f1e3cd518d7e03,3ff8808f1ac7c65a0550a2e956ccb925
מסטיק,,Food 2,Food-2,mstyq,8bd473680d71a4900a6e689a56ec5e25,
המצרכים,the ingredients,Food 2,Food-2,hmtsrkym,33ecbda1e7dfd6053be353fd6746cd26,
מפית,,Food 2,Food-2,mpyt,3b66469bc8afe82ec0fc3d28e11476d3,
סיר,,Food 2,Food-2,syr,7d32a3679b8c266d9113c677ab1eea4b,
התגלח,,Verbs: Past Active 2,Verbs:-Past-Active-2,htglkh,9cf1d8abc9740a3e96ece39ff4655504,
המשכתי,,Verbs: Past Active 2,Verbs:-Past-Active-2,hmshkty,893920e666a3ce6c3c2963371b6aa63c,
והמשיך,,Verbs: Past Active 2,Verbs:-Past-Active-2,vhmshyk,4b20c4c5bce0f255fa599456bbf70bef,
הפגישה,,Business,Business,hpgyshh,e6b8aa95d666aa88ab8fa711ce0e609b,
פגישה,,Business,Business,pgyshh,59962c2a05567c36c2bef02ab4e490ed,
ראיון,,Business,Business,ryvn,1694ca8f262f33dac24ab8db294e9b8a,
אגורות,,Business,Business,gvrvt,a1a905d15a2e2ada8853206b31efbb3a,
הקידום,,Business,Business,hqydvm,7463867b0ec473da66582ed5a84d750a,
הארגונים,,Business,Business,hrgvnym,d5979313d8c7430ce089cc46e547db2c,
ראיונות,,Business,Business,ryvnvt,56ff74f709627e5132a2c49e9f13e7d6,
קצת,,Dates and Time,Dates-and-Time,qtst,7eacddc129ac20c250601896ddc80836,
חצות,,Dates and Time,Dates-and-Time,khtsvt,ad02c65e8c47480c38cbc02ac94f32f2,
בנובמבר,in November,Dates and Time,Dates-and-Time,bnvbmbr,2866673d626477fd98d646b1dcaf6a8a,
נובמבר,,Dates and Time,Dates-and-Time,nvbmbr,514dc7352d0c4dc29e81ff605510a3f0,
ודצמבר,,Dates and Time,Dates-and-Time,vdtsmbr,9f02d10f0befb9794543e574647c2879,
בחצות,,Dates and Time,Dates-and-Time,bkhtsvt,b54fe8b8d7e81e29aafbaf81bfbd5810,
מאי,,Dates and Time,Dates-and-Time,my,62e596af5a682d05db86dbdd2d564f42,
מרץ,,Dates and Time,Dates-and-Time,mrts,8c01ea7d07aa34fac90eb8b03bffd483,
ואוקטובר,,Dates and Time,Dates-and-Time,vvqtvbr,8967de2d815f4459269ad5dd020af92d,
ביוני,,Dates and Time,Dates-and-Time,byvny,44a75727ac045045990bdd7219ba5f4f,
אוקטובר,,Dates and Time,Dates-and-Time,vqtvbr,7e487cc8f862d808e56d0e961c44fdd3,
ערפד,,Legends,Legends,`rpd,5ff8ae533596d593dd49880e9b049e9c,
המפלצת,,Legends,Legends,hmpltst,b17ec47cb3915ba01cd3ada7bb462a3d,
איש זאב,,Legends,Legends,ysh zb,6cefd04f0359a62a2b6da4f6d98e2b6c,
הקללות,,Legends,Legends,hqllvt,16ecc9c706dcefeb00eb0e214739f85b,
ביצורים,,Legends,Legends,bytsvrym,0e0c35f26a560971d6c80f4feb541d15,
יצור,,Legends,Legends,ytsvr,bb9a363c9cb17c5fb5bddc051eb7d17d,
איש הזאב,,Legends,Legends,ysh hzb,e24daa5409973b9297164059dedab015,
הדרקון,,Legends,Legends,hdrqvn,f1ceeb38e8208f9a3045dfe01421e513,
חוטים,,Objects,Objects,khvtym,21f5654a2df8e177f0ccbe3950d9be42,
החוט,,Objects,Objects,hkhvt,9fba4f20d9abfe478b2e2bdf26a256e8,
הביטוח,,Business,Business,hbytvkh,177d30d54824262a03193614ddf03def,
כרטיס,business card / card / ticket,Business,Business,krtys,cec03f68bd188e4b1b28fa544b7f0afa,
מותגים,,Business,Business,mvtgym,7ece95bd25d069d97a21f9b37f4cce27,
שהעלות,,Business,Business,shh`lvt,822ed8935293c0f656fa14036e2db55b,
העלות,,Business,Business,h`lvt,d17c97cb9eba6c610c61e1c2cb275291,
המסחר,,Business,Business,hmskhr,6093d76becf399bcefa09bfbe7829c61,
הבורסה,,Business,Business,hbvrsh,141cc4fb2f36dd449ec2f06c835c9ccd,
המחיר,,Business,Business,hmkhyr,c2172d746c8dc2bd2d12334e7447032a,
פרסום,,Business,Business,prsvm,3b63e930b1aa0e1a76fdc8ff925ae4e3,
שהמותג,,Business,Business,shhmvtg,79901e98e2b430aebe5f2b11ad4db786,
הפרסום,,Business,Business,hprsvm,51668eb15bbc7d0e5c2f37a7430db08f,
נאכל,,Past Nif'al,Verbs:-Past-Nifal,nkl,39794f1c7c4f5cfbfb2c5c9e95cfaa42,
נשלחתי,,Past Nif'al,Verbs:-Past-Nifal,nshlkhty,013f7d7171f899f7b6d24cf175b476ff,
נגמר,ended / finished / over,Past Nif'al,Verbs:-Past-Nifal,ngmr,ba1c0a618c388b4a567cfde246f02b54,6a08f00e608fc6c72150a45c921dbb9d
נאכלה,,Past Nif'al,Verbs:-Past-Nifal,nklh,6975b12f89ab41ba76f336dcdf1d448b,
נקראו,,Past Nif'al,Verbs:-Past-Nifal,nqrv,4f0f7e72cc68013cb86ecb0067404901,
נאבדה,was lost,Past Nif'al,Verbs:-Past-Nifal,nbdh,3f464241aa2b0a3e8efc2a972d001ae7,
נשמעו,,Past Nif'al,Verbs:-Past-Nifal,nshm`v,8df7218373bfa08edd518ab4946de9fd,
ועדיין,,Past Nif'al,Verbs:-Past-Nifal,v`dyyn,c5f64d12f65fd922896ef5e351a3784e,
חלום,,Medical,Medical,khlvm,5e98572efd687485f855add4c080c8b8,
אצבעות,fingers,Medical,Medical,tsb`vt,fd728c88aed934bf3e6c3b4b25819e5f,
חלומות,,Medical,Medical,khlvmvt,e053c2767c245effe65e40e3f48f7df8,
איברים,,Medical,Medical,ybrym,2e46b81b5e910e49f312532edecc43c3,
סרטן,,Medical,Medical,srtn,688e646b4da388715a936d8056db35bd,92c4e148b20140c37dc894ebdb994833
כתפיים,shoulders,Medical,Medical,ktpyym,c038aff3ca2aba67d71090c6a4cc8b95,
הלידות,,Medical,Medical,hlydvt,69763e8a82da13679201c2b366778466,
גב,,Medical,Medical,gb,f0d3deb8b721370dbe98b986a9d4aabc,
האיברים,,Medical,Medical,hybrym,876f395fbbe0c6a4c14683fec7f3f5f0,
העיניים,,Medical,Medical,h`ynyym,cf0b6c85ba57d30a073e904bdbb8f096,
מצפָה,,Feelings,Feelings,mtspah,96ef3951e9aeef79bd0d0c3592ad6331,
מנשקים,,Feelings,Feelings,mnshqym,61ae58e25d16c64eef3576c7a2955c62,
מצפֶה,expect / look forward to,Feelings,Feelings,mtspeh,8203a8b20fbf621e982e5ef9c55c20cd,
מנחמת,,Feelings,Feelings,mnkhmt,ba77774e4618aefe24baa3734c534d6e,
עוינים,,Feelings,Feelings,`vynym,78c4877c4f5d7b4275f870a9cb866a4a,
רגישה,,Feelings,Feelings,rgyshh,ea3f3eaa258d6340c0214a3bb1b3679e,
לנחם,,Feelings,Feelings,lnkhm,88126d0496f6694f4c54045e97f4092c,
מנשק,,Feelings,Feelings,mnshq,8b7caed3020fbdf633699f4a2f97dc9b,
בודד,,Feelings,Feelings,bvdd,f0681158e9c5b6f83d50f05a9a064d62,
נעלב,,Feelings,Feelings,n`lb,b458a73d1282b3a9f5d94c7f6028c6c8,
עוין,,Feelings,Feelings,`vyn,03900ef587245466ed972e9202b8c25b,
רגיש,,Feelings,Feelings,rgysh,c6e2569609caf4280af4e8bc1c0ff3c3,
מתלהבים,,Feelings,Feelings,mtlhbym,03a37575f29428d45d64208baaf6aa65,
צילום,,Arts,Arts,tsylvm,3e47ec886c14bde132e59e70d6899452,
האפקטים,,Arts,Arts,hpqtym,22085a99e1aee7fecdda047c7bbb2869,
הדמות,,Arts,Arts,hdmvt,8c95524622c0b0d27456dc1e1664e19b,
המצלמה,,Arts,Arts,hmtslmh,d8b8fc4236fa8a95a1090dcc5bcfdf13,
להסכם,,Abstract Objects 1,Abstract-Objects-1,lhskm,760ae4be18f9e78012a6dad39578d79e,
ייצור,,Abstract Objects 1,Abstract-Objects-1,yytsvr,ee7d9a2d99f1408c11d651b70f585abd,
חלופה,,Abstract Objects 1,Abstract-Objects-1,khlvph,7b8ad67809d20f06f97928958e7241f4,
מההסכם,,Abstract Objects 1,Abstract-Objects-1,mhhskm,7b05d56bbb00be308a92ea541424d851,
הייצור,,Abstract Objects 1,Abstract-Objects-1,hyytsvr,ca1c58102ca4ca93a1e8d18370eeef5d,
תגובה,,Abstract Objects 1,Abstract-Objects-1,tgvbh,8c0cf26dc59548a4687db77bfb5ce3fe,
רמה,,Abstract Objects 1,Abstract-Objects-1,rmh,4a4c6205d29debc2b2eee4f6a1288fd7,
התגובות,,Abstract Objects 1,Abstract-Objects-1,htgvbvt,f088bc2d6199eabb9f1b8ca114920620,
התיאור,,Abstract Objects 1,Abstract-Objects-1,htyvr,2a6680ef8d0871c4843da7723c3e1472,
בצד,,Abstract Objects 1,Abstract-Objects-1,btsd,69348c165f588156521e7361ed123da2,
המערכת,,Abstract Objects 1,Abstract-Objects-1,hm`rkt,5803017ed95aeabbd1c1016a080ec0e3,
חודשי,,Adjectives 3,Adjectives-3,khvdshy,07fe2fe1ff5e7d7b5dcf802b2e5495ab,
השבועית,,Adjectives 3,Adjectives-3,hshbv`yt,69bfe20aac76003b0348e546084b4623,
החודשית,,Adjectives 3,Adjectives-3,hkhvdshyt,e709505816bb4c5030b3c7f00a81b0c6,
מטומטמת,,Adjectives 3,Adjectives-3,mtvmtmt,04834f4bfb89ccc03a7f9a81345672e3,
התחתונה,,Adjectives 3,Adjectives-3,htkhtvnh,8963b9dfa39992215b775347e344464d,
צר,,Adjectives 3,Adjectives-3,tsr,0330cc12b4f4775c4ddad88fc7499a67,
עמוקים,,Adjectives 3,Adjectives-3,`mvqym,11f376cd84c8e5ef4de88d0446e88058,
ההיסטורי,historic / historical,Adjectives 3,Adjectives-3,hhystvry,fba5d0c36978c36d4881053a5a758e90,
אישי,,Adjectives 3,Adjectives-3,yshy,71c5ac4b20a1353732506b4173640b90,
מטומטם,,Adjectives 3,Adjectives-3,mtvmtm,a485bf179aebc3607268affbfb697e4b,
עמוק,,Adjectives 3,Adjectives-3,`mvq,a92b7cc521c6c2f812dba33b3670bc69,
העמוק,,Adjectives 3,Adjectives-3,h`mvq,412510319e4588b2865d0893bbef014d,
להתאושש,to recover,Infinitives 2,Verbs:-Infinitives-2,lhtvshsh,9e174d51ed250898e3ad9c43285dc7cf,
לחשוב,,Infinitives 2,Verbs:-Infinitives-2,lkhshvb,dab966c1fd8aa19418531f50004d9c1a,
להשתמש,,Infinitives 2,Verbs:-Infinitives-2,lhshtmsh,86b12807f1098e5db29f09136e160869,
התאוששתי,,Verbs: Past Active 2,Verbs:-Past-Active-2,htvshshty,49bbdee5538eb1119135e0b6bc453af1,
התחבא,,Verbs: Past Active 2,Verbs:-Past-Active-2,htkhb,56d854c171f943f3bb93f86ac609ccc9,072c9196f5a9ab266a70684b814b7943
התעלפה,,Verbs: Past Active 2,Verbs:-Past-Active-2,ht`lph,b690815ecceda9e0772aebb8b7c665ac,
התיעצנו,,Verbs: Past Active 2,Verbs:-Past-Active-2,hty`tsnv,27c3c64ebdef04318c30288f8277c646,
התעלפתי,,Verbs: Past Active 2,Verbs:-Past-Active-2,ht`lpty,d3c4402d63ace9cfe01368b87228770e,
התאוששו,,Verbs: Past Active 2,Verbs:-Past-Active-2,htvshshv,34e67cfdcb6579389a4f4fd34acfe601,
התפשט,,Verbs: Past Active 2,Verbs:-Past-Active-2,htpsht,0e1f31a9937d67afab6d7e7f72d1b5ff,
התעלף,,Verbs: Past Active 2,Verbs:-Past-Active-2,ht`lp,ea9806b6df504bca2547b86c1f875237,
התפוצצו,,Verbs: Past Active 2,Verbs:-Past-Active-2,htpvtstsv,4fe628ef478c2c10629e457cd051cf2e,
התנדבה,,Verbs: Past Active 2,Verbs:-Past-Active-2,htndbh,e0329859e971ccc827766595efcf7451,
התיעצתי,,Verbs: Past Active 2,Verbs:-Past-Active-2,hty`tsty,7492e7c323afb832b8d9b323e6ae80a8,
נוגע,,Verbs: Present - Pa'al,Verbs:-Present1,nvg`,445c09d88f1ef215d74eee835789c661,
עונות,,Verbs: Present - Pa'al,Verbs:-Present1,`vnvt,4ccd29eceba42a14adf5b80cf8e5b739,
שוכר,,Verbs: Present - Pa'al,Verbs:-Present1,shvkr,7ddf099369e67cc7f0701b96def34dc2,
שובר,,Verbs: Present - Pa'al,Verbs:-Present1,shvbr,b5b86f6f5c12a9ada33b42ae80dc6f71,
בוהות,,Verbs: Present - Pa'al,Verbs:-Present1,bvhvt,7bcef2fd4e5ab5e98f88ef07e68aa072,
שוברים,,Verbs: Present - Pa'al,Verbs:-Present1,shvbrym,7c74c82ae5b856ed2e852eaaf86f9ee9,
עונֶה,,Verbs: Present - Pa'al,Verbs:-Present1,`vneh,942e9365fce96bf338a004be58fa8241,32abee0bd48ce50480deee5e9497c7cf
שוברת,,Verbs: Present - Pa'al,Verbs:-Present1,shvbrt,7a8f505733d94b310678007e82abf76c,
גונבת,,Verbs: Present - Pa'al,Verbs:-Present1,gvnbt,6842c67bf307de1f61c7154a7a152979,
וכואב,,Verbs: Present - Pa'al,Verbs:-Present1,vkvb,5878f379afb05b3a641c07be063017a7,
בוהים,,Verbs: Present - Pa'al,Verbs:-Present1,bvhym,da498f25b97e8f7a415bd44f6dff4549,
למסה,to the mass,Science,Science,lmsh,8c0a5b40380814944b5e46539d83bd15,
מנמיכים,,Science,Science,mnmykym,3ffb640d2d4d60e676ece3ba1089cdb3,
מדע,,Science,Science,md`,f5d5704241293774b0acdcc9a146ea38,
מנמיך,,Science,Science,mnmyk,753bcdbe139ab36719b7d6cae726ea3f,
הטכנולוגיה,,Science,Science,htknvlvgyh,b20b37b8d3c8d348ef5329ecf62e9afe,
הסיבה,,Science,Science,hsybh,bb345722740160e936cdf92db8cab746,
בפילוסופיה,,Science,Science,bpylvsvpyh,f3944dc20e4aefe42753279a570f749a,
סיבות,,Science,Science,sybvt,66c71c30ab8fc823d5b79e4f6a0fe459,
פילוסופיה,,Science,Science,pylvsvpyh,78959977d9d50b098a8aa5de0f53d766,
מסה,,Science,Science,msh,726e645033f274dfd197f5690ee8e7a4,
מחצבים,,Science,Science,mkhtsbym,7afa07c41b7d9eca7f934c15066b916c,
רגיל,,Adjectives 2,Adjectives-2,rgyl,1a416f821ae9396d9531ca53148fbb67,
אפשרי,,Adjectives 2,Adjectives-2,pshry,bfeaf77f2efe94c4e945380914d7afe2,
צבאי,,Adjectives 2,Adjectives-2,tsby,78d4bf4f133f313703d6822bd1c595e3,
זולה,,Adjectives 2,Adjectives-2,zvlh,3ecd3f1f4cf63ab9310ed47cbfeb7bcd,
אחראית,,Adjectives 2,Adjectives-2,khryt,ef9e339432cce1d2c7acc1296567d24b,
זול,,Adjectives 2,Adjectives-2,zvl,e988127661c4113005aa253ac25f9bb1,
הרזֶה,,Adjectives 2,Adjectives-2,hrzeh,395b48fe7faaca514ad7b0e4549d3eac,
רגילה,,Adjectives 2,Adjectives-2,rgylh,bb8d15d774c677dc50bb0544e4a1935e,
רזָה,,Adjectives 2,Adjectives-2,rzah,4cfc9c3f64f9bc292dffa58416feb568,
הסתפר,,Imperative 1,Imperative-1,hstpr,e37a344077223005601de2258ed8d813,
החזירי,,Imperative 1,Imperative-1,hkhzyry,9129df38dd3adc5ba748c440193959b8,
הסתפרו,,Imperative 1,Imperative-1,hstprv,7fa84e1a97e78bb335008c4f28926252,
הצטרפי,,Imperative 1,Imperative-1,htstrpy,1ea9059fb9ccfc2c5504bb5eb1676d60,
התחילי,,Imperative 1,Imperative-1,htkhyly,65bcb9906358fe2345f2bd8fe42a1c1a,
הצטרף,,Imperative 1,Imperative-1,htstrp,7f203782b9b38f00ed110f390dd5e31e,
טוסי,,Imperative 1,Imperative-1,tvsy,8df4e8a8edacc7db0c7e9e3bc42c9b2c,
הוסף,,Imperative 1,Imperative-1,hvsp,eaa895771457cff398db030f72f838d8,
טוסו,,Imperative 1,Imperative-1,tvsv,040e65c76357191647d65fc211f2a975,
סַיימי,,Imperative 1,Imperative-1,sayymy,05e07e7ee340e692038c2500f24c492f,
הוסיפי,,Imperative 1,Imperative-1,hvsypy,73957e47b9be04fa7d2bb4a43b8e2725,
אחריה,,Prepositions 2,Prepositions-2,khryh,86438fc12b8a87ec774ca4f0a00ec8db,
לפניך,,Prepositions 2,Prepositions-2,lpnyk,29e63daa90d5246ab8d6fc8a44ac9dfa,
עליה,,Prepositions 2,Prepositions-2,`lyh,2785088ef8ace881a0fdb21c34644c5b,
לפניי,,Prepositions 2,Prepositions-2,lpnyy,29302ac4f4e4a6c57bfd9c238216b22e,
טובע,,Emergency!,Emergency!,tvb`,73a023a5338c232c0eeeb4e518a02d50,
טובעת,,Emergency!,Emergency!,tvb`t,d799caa7bc5a7cc0587667962e3d367b,
עומק,,Geometry,Geometry,`vmq,1f7c441e392e356f7ac6abf5a04fbea1,
מילימטר,,Geometry,Geometry,mylymtr,a7fb26ceac3a7a63a75b41568fa21187,
מילימטרים,,Geometry,Geometry,mylymtrym,8a1eaf16a420e626e0d83cc28505decd,
אמרנו,,Verbs: Past Active 1,Verbs:-Past-Active,mrnv,fd888fea15148f28a708b648ee619a6f,
הכירו,,Verbs: Past Active 1,Verbs:-Past-Active,hkyrv,bda0e86604b7186eaa718ac66fa33d14,
הראה,,Verbs: Past Active 1,Verbs:-Past-Active,hrh,b7559d354234e9bb44f6dbf839ff481b,
לגבר,,Verbs: Past Active 1,Verbs:-Past-Active,lgbr,53bc904f94b7c32c568cab9644fc2c09,
הייתְ,,Verbs: Past Active 1,Verbs:-Past-Active,hyyt@,d1a05e125960f2de3a835b8baf844dc3,82df4bb3c50b982b814a51845f0b7c69
הייתה לנו,,Verbs: Past Active 1,Verbs:-Past-Active,hyyth lnv,1a7a27bc8f44d19aa9303943f3b2e148,
הפכנו,,Verbs: Past Active 1,Verbs:-Past-Active,hpknv,f59a974029f0e332df58cbe0e1bdd668,
הפך,became / has become / turned (into),Verbs: Past Active 1,Verbs:-Past-Active,hpk,cce7c5442f72b75573ebec8d21cb580b,
חיכיתם,,Verbs: Past Active 1,Verbs:-Past-Active,khykytm,44392749d5699bdb39045b931b0730b2,
חיכינו,,Verbs: Past Active 1,Verbs:-Past-Active,khykynv,dc5486cae344f0052841633190b27ebf,
הכרתְ,,Verbs: Past Active 1,Verbs:-Past-Active,hkrt@,b0e5925dcc422078889585ad520c65eb,
הראתה,,Verbs: Past Active 1,Verbs:-Past-Active,hrth,8a1ed50cf03e0f071b17b511bcdb3614,
רצנו,,Verbs: Past Active 1,Verbs:-Past-Active,rtsnv,a22e5d79edb37c1fe7ff196c0200b03a,
הקשבנו,,Verbs: Past Active 1,Verbs:-Past-Active,hqshbnv,8b6b43ff5eb91f94f636fee6d5773540,
רץ,did run / is running / run,Verbs: Past Active 1,Verbs:-Past-Active,rts,e8c05161ae991ac0fc8807caff22b1b8,
גדַל,,Verbs: Past Active 1,Verbs:-Past-Active,gdal,8ae8d8362a79c490af01f6b5720d083c,
אי פעם,,Verbs: Past Active 1,Verbs:-Past-Active,y p`m,0eecdbce6a293ee28ffcb5dff9f4e016,
ביקש,,Verbs: Past Active 1,Verbs:-Past-Active,byqsh,66d6a6e5f090771491c06245809a705a,
שאי פעם,,Verbs: Past Active 1,Verbs:-Past-Active,shy p`m,eb818a6f7ae7a8e888dbb9b447471cee,
גדלתי,,Verbs: Past Active 1,Verbs:-Past-Active,gdlty,909087cc5d42dd16239d7cac1620c28f,
קראתי,,Verbs: Past Active 1,Verbs:-Past-Active,qrty,91ce27f52b3518eff0f8107883a3b371,
הקשיבה,,Verbs: Past Active 1,Verbs:-Past-Active,hqshybh,73a7b4f5a84d43934c10f209142e4d4d,
היו לו,,Verbs: Past Active 1,Verbs:-Past-Active,hyv lv,443b6732f1380b69326fffea10e1c74c,
קרא,,Verbs: Past Active 1,Verbs:-Past-Active,qr,014967941b697df177ff0ff357ea0a56,
איים,,Places,Places,yym,96c6e8bb59e6de67642fc763279ee65f,
עם מי,,Questions,Questions,`m my,9b795be7bf4dbcd1006c39a994224cb0,
מתגלח,,Verbs: Present Reflexive - Hitpa'el,Verbs:-Present-Reflexive---Hitpa'el,mtglkh,fa0b4dd8bdf77d1db30f6549913da744,
מתנתק,,Verbs: Present Reflexive - Hitpa'el,Verbs:-Present-Reflexive---Hitpa'el,mtntq,cfaa750a5d0de14b3ffdcbc24ad19f20,
מתאחדות,,Verbs: Present Reflexive - Hitpa'el,Verbs:-Present-Reflexive---Hitpa'el,mtkhdvt,89094afd6e67e334434f68c5402816ed,
מתראָה,,Verbs: Present Reflexive - Hitpa'el,Verbs:-Present-Reflexive---Hitpa'el,mtrah,df01a476e2b61c8f8190b3e1a7506c49,
מתקרבים,,Verbs: Present Reflexive - Hitpa'el,Verbs:-Present-Reflexive---Hitpa'el,mtqrbym,18aaa6e3122c02ec5c46550b29b37646,
ערוצים,,Technology and Communication,Tech-and-Comm,`rvtsym,b4a485b4c1773b634bd2fdc15ff518e0,
מידע,,Technology and Communication,Tech-and-Comm,myd`,070d6c42ff752e277de173d563dd243e,
ההורדה,,Technology and Communication,Tech-and-Comm,hhvrdh,0cb1b4ab8b25c1cef1ab377a5b687514,
הורדה,,Technology and Communication,Tech-and-Comm,hvrdh,bb8c7630a4b9a945428cb3813947e060,
המידע,,Technology and Communication,Tech-and-Comm,hmyd`,fda1f3e90db2c342ae4cd8cef7d3c9dd,
הייתָ,,The Conditional,Verbs:-Conditional,hyyta,5002a9bae87fb59c9892416bc98f1851,
הייתן,,The Conditional,Verbs:-Conditional,hyytn,1bfc4f9adb36681d35dd28fd32d42e93,64d8f9adc7d78e46712cea0873b27edc
אִילו,,The Conditional,Verbs:-Conditional,iylv,b3e659f65b3732e8386d0cf7bd2d055b,
הייתְ,,The Conditional,Verbs:-Conditional,hyyt@,82df4bb3c50b982b814a51845f0b7c69,d1a05e125960f2de3a835b8baf844dc3
בעיר הבירה,,Places,Places,b`yr hbyrh,7233379e65ad6ee5eba914c5079a864c,
ארמון,,Places,Places,rmvn,4fa138e7af8b91674b6a329b6e0e8603,
בעמק,,Places,Places,b`mq,b10db86a38d89c437d0151257b5ad426,
ארמונות,,Places,Places,rmvnvt,b15ea4d796305e34d6059ceaf42fb0d3,
גבול,,Places,Places,gbvl,543c9fbe9fa821b0d670aeb9ff015202,
הקניון,,Places,Places,hqnyvn,0bbbb3827a3fac211a0eb0d8c5af8c6d,
בקניון,,Places,Places,bqnyvn,7a37b9c46ca436f4630d4fe523027ef1,
הגבולות,,Places,Places,hgbvlvt,d7d4f716029a874a78ad0878f4e9d71f,
לשכונה,,Places,Places,lshkvnh,c4f97b785c9fa0b74fa1c657195d1be6,
הכפרים,,Places,Places,hkprym,96255fd6106593dec4af1bdd8da932bd,
העמק,,Places,Places,h`mq,695b16d9bd4df60e968c4aaba6be4fbe,
מחוז,,Places,Places,mkhvz,510aa1717fca6d92234f8af3e93c7431,
שואב,,Home Sweet Home,Home,shvb,5d83494395f662ba9152b2f651ff94b5,
שוטפת,,Home Sweet Home,Home,shvtpt,0de57d5bd17c67fe57b4b9e7cfe745b5,
צעצועים,,Home Sweet Home,Home,ts`tsv`ym,075b7b41c74fd3a237ab5405cb15dfc0,
שוטפים,,Home Sweet Home,Home,shvtpym,094b49a56d4a9dc9ba22a5e0557fbd3c,
המזגן,,Home Sweet Home,Home,hmzgn,c7bbcdaa9c32d55d6f8fe78d2ef5966e,
הסמרטוט,,Home Sweet Home,Home,hsmrtvt,686e33b64ae4f4b3da4191e81737ac24,
מזגן,,Home Sweet Home,Home,mzgn,1b6037a4e832766ada5b0dd97ac3008b,
המכשיר,,Home Sweet Home,Home,hmkshyr,ed40e591064483ad67e8c7db8caa6292,
המטאטא,,Home Sweet Home,Home,hmtt,f8c86d481aca11fb6941f29508926bf6,
צעצוע,,Home Sweet Home,Home,ts`tsv`,5434111a32a695f393174c14d44745f2,
סמרטוט,,Home Sweet Home,Home,smrtvt,2f08e9155a259aa0752274229196e47e,
די,pretty / quite / rather,Adverbs,Adverbs,dy,8e62269ec013f3e9da85829483b73d88,
לעתים רחוקות,,Adverbs,Adverbs,l`tym rkhvqvt,3c48a1b018f5b4c16a8baf633bf79cfd,
לא בהכרח,,Adverbs,Adverbs,l bhkrkh,c8b0652685ddeac0e0a71b79a9d0f5a4,
באופן כללי,,Adverbs,Adverbs,bvpn klly,694401c9cdc31fd89c8ef77dbb9b20f3,
כלימון,,Adverbs,Adverbs,klymvn,996dc0738ea507c57303233353dd8c94,
בכל אופן,,Adverbs,Adverbs,bkl vpn,30c8c84ff3c4f07741c98c2e2e3ad2d5,
פעם בשלוש שעות,,Adverbs,Adverbs,p`m bshlvsh sh`vt,f8c0e8228a781e6f59ad71cfa5991aab,
כמעט,,Adverbs,Adverbs,km`t,f5bd94df4fbd59cc4a0f0afe78b8ec3a,
כציפור,,Adverbs,Adverbs,ktsypvr,63938e513fa3c0eb65976edcc4a6f832,
איתה,with her,Prepositions 1,Prepositions-1,yth,230e72f3f1d00f497bebd122d2565484,
ישלמו,,Verbs: Future Active 1,Verbs:-Future-Active,yshlmv,eead2c86e19186e38970dbbf5c9a7eb5,
יקשיב,,Verbs: Future Active 1,Verbs:-Future-Active,yqshyb,2da09b5bfa3ecfbc9a6a1f26c856b22c,
אתקלח,,Verbs: Future Active 1,Verbs:-Future-Active,tqlkh,00cf4e05de65c7e309ba6608789d8eb6,
שנתקלח,,Verbs: Future Active 1,Verbs:-Future-Active,shntqlkh,d638ef95119809a86e8427947a8c2df9,
יתגעגעו,,Verbs: Future Active 1,Verbs:-Future-Active,ytg`g`v,3d16e83d7e031ec55bebe9fe144fe936,
יכתבו,,Verbs: Future Active 1,Verbs:-Future-Active,yktbv,887945383537b445e2e7905e7c023747,
תתכונן,,Verbs: Future Active 1,Verbs:-Future-Active,ttkvnn,d9792c69083fb7c7e02c178fedee40b5,
תהיי,,Verbs: Future Active 1,Verbs:-Future-Active,thyy,579c7ef70f1cd9b9d694fc2089b3017f,
יהיו לנו,,Verbs: Future Active 1,Verbs:-Future-Active,yhyv lnv,f914473af1244f16f95c7445c49f33be,
ישלם,,Verbs: Future Active 1,Verbs:-Future-Active,yshlm,d21d436db4bf8f8cd377a9fdf71ad36a,
ונתכונן,,Verbs: Future Active 1,Verbs:-Future-Active,vntkvnn,692ee32338ff98116be24dc036e7a9ca,
תקשיב,(she) will listen / (you) will listen,Verbs: Future Active 1,Verbs:-Future-Active,tqshyb,2a2bf0b4dbefc43e55fb134a2f8c5842,
לעצמךָ,,Pronouns: Reflexive,Pronouns-reflexive,l`tsmka,b51880f1f57dbe988b2bf616bf4a575d,
בעצמךָ,by yourself,Pronouns: Reflexive,Pronouns-reflexive,b`tsmka,77abfc8a2a61ef3405f215f0771fa18f,
הזיתים,,Food 1,Food-1,hzytym,f21092f97681e1cf8c7107175c474d91,
אננס,,Food 1,Food-1,nns,c2691b89bf019cb963cf5a574542638f,
זיתים,,Food 1,Food-1,zytym,0e3675bc5ea27bc948976736078770ec,
אַל תדבר,,Negative Imperatives,Negative-Imperatives,al tdbr,89c70114e410efba6646bcfa351b17af,
אַל תדברי,,Negative Imperatives,Negative-Imperatives,al tdbry,e241705beb575b54ec9f4084d575d0ca,
אַל תיגעו,,Negative Imperatives,Negative-Imperatives,al tyg`v,f93b70b13b9c165bc2f3499068eb5643,
אַל תשני,,Negative Imperatives,Negative-Imperatives,al tshny,194c77614a0e15251c397813ff49868b,
אַל תשנה,,Negative Imperatives,Negative-Imperatives,al tshnh,60d69510b2043340c733edf95050b3f7,
אַל תיגעי,,Negative Imperatives,Negative-Imperatives,al tyg`y,3c2e79e8f2cc4b66f980d9fd62739f46,
אַל תשנו,,Negative Imperatives,Negative-Imperatives,al tshnv,3fdbd5a0a33dafb8f37a3dcd89b0f1c3,
אַל תשכחו,,Negative Imperatives,Negative-Imperatives,al tshkkhv,8187c7d6eaf0f4464095ef5b5e9d8b6c,
המועמד,,Politics,Politics,hmv`md,6adb7a5a446dae33038ba34142f0b10d,
הפרלמנט,,Politics,Politics,hprlmnt,2321a0a2e9bc589c89342a4d07f3e535,
המועמדת,the candidate,Politics,Politics,hmv`mdt,5a729b88c9d60f93ba71ddf0e1cadf2d,
שהמדיניות,,Politics,Politics,shhmdynyvt,6b50edd307df0ae4a4c7fced5de3a70b,
כלכלה,,Politics,Politics,klklh,335510725b98e560a62d090600c2ae4b,
המועמדים,,Politics,Politics,hmv`mdym,3448196e4fb32ec4be79b6608d63d2d5,
החוק,the law,Politics,Politics,hkhvq,9d9fd9538951efbab14e504e256d940d,
למפלגה,,Politics,Politics,lmplgh,7f6fc154a1137a3e9aabe67ddb409256,
הנאום,,Politics,Politics,hnvm,c402252331ec778869e8aa185675b0f8,
העירייה,,Politics,Politics,h`yryyh,c1a501aa2890ff868be4b834f1f74a91,
למפלגות,,Politics,Politics,lmplgvt,0689d6d570a90d816e78a5a4fe4fded9,
נאום,,Politics,Politics,nvm,f81356046ced05f1028d0d22c526543c,
מתוקה,,Construct State 1,Construct-state-1,mtvqh,d619640b70be0d86a63b92be4c5f38f4,
בתי קפה,,Construct State 1,Construct-state-1,bty qph,a98201d5e286b02a5c084dcec87c9c5c,
בחדר השינה,,Construct State 1,Construct-state-1,bkhdr hshynh,4d43fd2ea12c31039322aaeb6057337d,
עוגת הגבינה,,Construct State 1,Construct-state-1,`vgt hgbynh,6cc30ab235e62e18e51a722838d8b1ca,
עוגת השוקולד,,Construct State 1,Construct-state-1,`vgt hshvqvld,d82e4b95bb6bc2feede651289344a113,
עוגת שוקולד,,Construct State 1,Construct-state-1,`vgt shvqvld,d427db3f468f30e6c38dcddc33a70a62,
מכונת הכביסה,,Construct State 1,Construct-state-1,mkvnt hkbysh,c714183f39b63e61006a75614c773ee0,
חדר השינה,,Construct State 1,Construct-state-1,khdr hshynh,76dccb4ece91fcfcd807e001520234ab,
לעגבניות שרי,,Welcome To Israel,Welcome-To-Israel,l`gbnyvt shry,528a25c685012018625fe66dc9f153a8,
העלייה,,Welcome To Israel,Welcome-To-Israel,h`lyyh,0943ec246a9ae75535b15d905e7af344,
עגבניית שרי,,Welcome To Israel,Welcome-To-Israel,`gbnyyt shry,cd3075df46b40c9db6f4c6c97230167d,
עלייה,,Welcome To Israel,Welcome-To-Israel,`lyyh,932a37cc9f7e2a455601ee4df9927346,
טבריה,,Welcome To Israel,Welcome-To-Israel,tbryh,ba0075999453e9df8a7663bacd965180,
בים האדום,,Welcome To Israel,Welcome-To-Israel,bym hdvm,015a90a7d6900a0893c6b80ad1ace752,
ובים המלח,,Welcome To Israel,Welcome-To-Israel,vbym hmlkh,b5c4f5568078b2a29889b432391ffd8c,
לים המלח,,Welcome To Israel,Welcome-To-Israel,lym hmlkh,a3e2a89c54d4f2b90e13f995180337cd,
באילת,,Welcome To Israel,Welcome-To-Israel,bylt,9beb801d40d46107edfe9eacba4562fb,
המשרת,,Legends,Legends,hmshrt,d631ce1a60e1d1343bfa689141f10291,
לזומבים,,Legends,Legends,lzvmbym,bd1c12181f8c342413526e6de478c106,
משרתים,,Legends,Legends,mshrtym,82583e6ebc7f211fe802b2112ab327fd,
הקסדה,,Legends,Legends,hqsdh,1a9983bbfa2f3c59d8abe9f0fc222f91,
הגולם,,Legends,Legends,hgvlm,aa1cba633e0b7ac6863d243d21904136,
הגיבור,,Legends,Legends,hgybvr,83173af26e02108eb3c6ca8b9c0dc33e,
השריון,,Legends,Legends,hshryvn,5a3c9fbc0ac81cd8e8f90cfe545e16cf,
קסדה,,Legends,Legends,qsdh,d3c7505f115a7f031f769b7bd9e679dd,
המכשפים,,Legends,Legends,hmkshpym,6a340250c4ce0894f3b833ea7641e6be,
המכשף,,Legends,Legends,hmkshp,c513ee75be6087edd3795ef83ee2107e,
גיבור על,,Legends,Legends,gybvr `l,9542260fb53c570114ac880dba745431,
מכיל,,Verbs: Present - Hiph'il,Verbs:-Present-3,mkyl,0a1d4d5c0c95a8f1c3f6a35df7953081,
הסוסות,,Plurals,Plurals,hsvsvt,becd753aaf14105e95dedfe103ccae07,
היינות,,Plurals,Plurals,hyynvt,0486a63a1c473b2d822aee2cf8d3709a,
ודרכים,,Plurals,Plurals,vdrkym,870d5aad64b6d4dda0643b2a1f6d833e,
סוסות,,Plurals,Plurals,svsvt,80107e39f5b638d4b7b1f4a7eed77e65,
ובירות,,Plurals,Plurals,vbyrvt,d0bf36918c7362ad0cb76c9b5443c4dc,
צבים,,Plurals,Plurals,tsbym,a3f2318f007428720357c652aa954730,
הבירות,,Plurals,Plurals,hbyrvt,9836be26dce3e2d393c11fc241d44f31,
יינות,,Plurals,Plurals,yynvt,ac01dfbef4e57e8b7329f9582c5b143e,
אספרנטו,,Languages,Languages,sprntv,c8d8825b057f509e06a5559ce54db55d,
נוטֶה,,Languages,Languages,nvteh,e2bdc32b52ec859db8b815b1ac1e3b5f,
ביידיש,,Languages,Languages,byydysh,2f5f659b70ec198247b0a02b0ae259e1,
סינית,,Languages,Languages,synyt,4c97fd8df8d7649807e1a5e5f6ee9453,
נוטָה,,Languages,Languages,nvtah,e49711d591ea3a85309401ad6e4289c5,
בשורה,,Languages,Languages,bshvrh,3659f83a549e084599e9bc81591e606f,
הינדי,,Languages,Languages,hyndy,2d24b9f656520ee411414c530ad757f2,
אות,,Languages,Languages,vt,2079cda4625dd1ddf204e8aadd0390b8,
יידיש,,Languages,Languages,yydysh,a135dda21faa015844d2c03b1e1ba498,
בהינדי,,Languages,Languages,bhyndy,d9470f3648b20bf8a6af6c02696bea74,
יבול,,Nature,Nature,ybvl,58d6197986e33c8fe1ebcbab410ff475,
ביקום,,Nature,Nature,byqvm,dc6e1e6711fcfa8bb026d0950bfc6265,
החוֹם,,Nature,Nature,hkhvom,d0f34451cef1506c3d4cdc0e7a77faf5,
היבולים,,Nature,Nature,hybvlym,a8364192f6bd8a20458c40ef6eb38ba6,
הטבע,,Nature,Nature,htb`,49f7218b74240ec85bf2c36f2197f1a8,
מהטבע,,Nature,Nature,mhtb`,e1d081f34a920d73b821039a0d6040b7,
נגוע,,"Passive: Pa'ul, Pu'al and Huf'al",Passive:-Paul-Pual-Hufal,ngv`,bec3393eefc03f98d27dd91c13513a53,
מעורבבים,,"Passive: Pa'ul, Pu'al and Huf'al",Passive:-Paul-Pual-Hufal,m`vrbbym,5ebc8aed1170ad5f3210b15337ebc464,
הנגועים,,"Passive: Pa'ul, Pu'al and Huf'al",Passive:-Paul-Pual-Hufal,hngv`ym,815bde83c0f1290accdbcee1941e2056,
ממולא,,"Passive: Pa'ul, Pu'al and Huf'al",Passive:-Paul-Pual-Hufal,mmvl,83d60e5b52e21dc8a02b6e1b6103a4c9,
מורכבת,,"Passive: Pa'ul, Pu'al and Huf'al",Passive:-Paul-Pual-Hufal,mvrkbt,2ac74a8cc54b8aea9700a8d66428f492,
מסודרים,,"Passive: Pa'ul, Pu'al and Huf'al",Passive:-Paul-Pual-Hufal,msvdrym,8b2fb16dc664a0075877e7bba89930ce,
מוחלף,,"Passive: Pa'ul, Pu'al and Huf'al",Passive:-Paul-Pual-Hufal,mvkhlp,9d1c76d5ff234af27c8e6a7958fc37d9,
חתוכה,,"Passive: Pa'ul, Pu'al and Huf'al",Passive:-Paul-Pual-Hufal,khtvkh,58cc63b9646bdd7ebda3bf55b4d71638,
מסודרת,,"Passive: Pa'ul, Pu'al and Huf'al",Passive:-Paul-Pual-Hufal,msvdrt,7310cbf94c49fda3f7e37dc6082f4411,
מותאם,,"Passive: Pa'ul, Pu'al and Huf'al",Passive:-Paul-Pual-Hufal,mvtm,aaeb492abe4836c22564b1a4f633b471,
מעורבב,,"Passive: Pa'ul, Pu'al and Huf'al",Passive:-Paul-Pual-Hufal,m`vrbb,d726978b2b0501b777be46639bf15960,
ממולאת,,"Passive: Pa'ul, Pu'al and Huf'al",Passive:-Paul-Pual-Hufal,mmvlt,35a78a0f6969aa42952180103b3d8672,
נגנים,,Music,Music,ngnym,915f310ec5ab948a18f344cb9773314f,
כנר,,Music,Music,knr,f2bf24b8ec372b3c0fdd69903eebb4f5,
הסולם,the (musical) key / the (musical) scale / the ladder,Music,Music,hsvlm,e601c9bd5652b6c81b1f2f8f2a85e061,
סולם,,Music,Music,svlm,16200706a20c16cbf6163a01740e2681,
הגיטריסט,,Music,Music,hgytryst,84ab789e93f2a4a7c908c88936f6fcfc,
כלִי הנגינה,,Music,Music,kliy hngynh,90492989198c712b5a534d740d218c1f,
לכוון,,Music,Music,lkvvn,2b73a7c60dc8dda648b9d3e738a5c274,
חצוצרה,,Music,Music,khtsvtsrh,7cf13b020f8b4533b668aa3539a20065,
הכנר,,Music,Music,hknr,f77dcafb8ca5737eebd2bc87d1879824,
הסינתיסייזר,,Music,Music,hsyntysyyzr,fdaa6778b47f4529694bd2196bb9d3d8,
מכוונת,,Music,Music,mkvvnt,89d1c9d57e88e7b510af72aa96eb3f33,
בסינתיסייזר,,Music,Music,bsyntysyyzr,c93b997bb03969332de687a58d537e67,
כלֵי הנגינה,,Music,Music,kley hngynh,82c17c9a37cee3989da3f2e5f22f9dd1,
בחצוצרה,,Music,Music,bkhtsvtsrh,4836f773ae2c06eae654083e0bfc9856,
סינתיסייזר,,Music,Music,syntysyyzr,36410c27a2e816f07ba44cf668fd7a79,
כלִי נגינה,,Music,Music,kliy ngynh,ccd2f127496b007b25f692fc5cf429b4,
ישים,,Future 2,Future-2,yshym,9d97627f2a4efff464d043ca8d222ee5,
תמשיך,,Future 2,Future-2,tmshyk,87db7db5589d48065e24a265b82664be,
ימשיך,,Future 2,Future-2,ymshyk,d2e36f6bfaf5e8e06c5329f7e1e4ec2f,
תסגור,,Future 2,Future-2,tsgvr,f501cd648f799204a29c41293d89910e,
יפתחו,,Future 2,Future-2,yptkhv,b372f9a594d07b598195302bd867ba3c,
ימלא,,Future 2,Future-2,yml,1a80fbf3dbbf37b1940e28f2fb1b0ce6,
ישימו,,Future 2,Future-2,yshymv,28c511390ec4ddab931db26793c14890,
יסגור,,Future 2,Future-2,ysgvr,b002f5fef996e25eb13049a53700da93,
מחשב נייד,,Technology and Communication,Tech-and-Comm,mkhshb nyyd,69842aec333480bdad2c60650cd1e0e3,
לוחצת,,Technology and Communication,Tech-and-Comm,lvkhtst,75d2b5097659db861ea1c77036410b16,
טקסטים,,Technology and Communication,Tech-and-Comm,tqstym,224bb8db475fc29abde660e307e28450,
המחשב הנייד,,Technology and Communication,Tech-and-Comm,hmkhshb hnyyd,64db2041d8d5150c91f31911ab5436e3,
המיילים,,Technology and Communication,Tech-and-Comm,hmyylym,889269b73e1ff866d36904f95a5ff9cc,
התקשורת,,Technology and Communication,Tech-and-Comm,htqshvrt,04eb35906ec031d12d6193db2fd1c2d1,
מקלדות,,Technology and Communication,Tech-and-Comm,mqldvt,faa06baee5fc55630e1a327b5d2830c0,
בולים,,Technology and Communication,Tech-and-Comm,bvlym,19b1f7701b7a88f9e8f67436feae1797,
הרובוט,,Technology and Communication,Tech-and-Comm,hrvbvt,0234572554dac10c510b785a6e553513,
המייל,,Technology and Communication,Tech-and-Comm,hmyyl,ff37d5fc5c113ece5126ee263ff7da0a,
הטקסט,,Technology and Communication,Tech-and-Comm,htqst,3c6a8e8bfe43e9a9606690ad12bf2f58,
למי,who / who for / who to,Questions,Questions,lmy,457ca23c7c476728043c07fb30d94e63,
עונֶה,,Questions,Questions,`vneh,32abee0bd48ce50480deee5e9497c7cf,942e9365fce96bf338a004be58fa8241
באיזה,,Questions,Questions,byzh,359f3cda8b8c626bfa64daa118b772c8,
בבר,,Places,Places,bbr,3b6674c539d19594e382307e673d4f3b,
בעיירה,,Places,Places,b`yyrh,c8de4a2cb73636783e6e749ea64e057b,
המערב,,Places,Places,hm`rb,79ea0a4cf0e245d650ff45a1a4f46717,
כיכרות,,Places,Places,kykrvt,5a70413ec91ab941b29baec9e6b24684,
לאורך,along,Places,Places,lvrk,1db612385ad4b6153903ba2c548d4cc1,
בשדרה,,Places,Places,bshdrh,07b4699a1ad91c472fd408d2b85c1912,
אחורה,,Places,Places,khvrh,3b1b9663d615cbe121a06eb215fbefe1,
הקרקע,the ground,Places,Places,hqrq`,68832d002c10cebc7518339ac0601489,b3fd55575d8c259dcb061abbc4e3a2a7
שומעים,,Determiners,Determiners,shvm`ym,201be12eb9cb7899e1307850895c90cd,
אלו,these / these are / those,Determiners,Determiners,lv,035cdb4aa82b95da1d6520d101a59a9e,
אומרים,,Determiners,Determiners,vmrym,484d8c408ce5acfc936d6a762d988f81,b36b35420b45270ecc36cb59b77efc6b
ממי,,Questions,Questions,mmy,835b1ad97bdaaa8e29123c5121637517,
מתגברת,,Verbs: Present Reflexive - Hitpa'el,Verbs:-Present-Reflexive---Hitpa'el,mtgbrt,b34fa635ffe37e83290faff77a0d64cb,
מתגברות,,Verbs: Present Reflexive - Hitpa'el,Verbs:-Present-Reflexive---Hitpa'el,mtgbrvt,e24ab78d3237f0c1c4b218a0afdcf571,
מתחממים,,Verbs: Present Reflexive - Hitpa'el,Verbs:-Present-Reflexive---Hitpa'el,mtkhmmym,fd6dce65f753ceda4049f129f617d6b5,
מתקרר,,Verbs: Present Reflexive - Hitpa'el,Verbs:-Present-Reflexive---Hitpa'el,mtqrr,47dca21f6dec25181b2c096e3bddc896,
מתחנכים,,Verbs: Present Reflexive - Hitpa'el,Verbs:-Present-Reflexive---Hitpa'el,mtkhnkym,6dd4c4d880642f3e95bb8a2524ee6d83,
מתייעצת,,Verbs: Present Reflexive - Hitpa'el,Verbs:-Present-Reflexive---Hitpa'el,mtyy`tst,a80a4fe06827540c8f28d48e0eb8c404,
מתייעצים,,Verbs: Present Reflexive - Hitpa'el,Verbs:-Present-Reflexive---Hitpa'el,mtyy`tsym,1751d18bf7a0df137560bfbfb7deed54,
מתחבאים,,Verbs: Present Reflexive - Hitpa'el,Verbs:-Present-Reflexive---Hitpa'el,mtkhbym,8f2ed8b68efeb70b4b26661afc0ea217,
מתחמם,,Verbs: Present Reflexive - Hitpa'el,Verbs:-Present-Reflexive---Hitpa'el,mtkhmm,adc99d97d5a3e7aa6457606a69856f15,
אחד עם השני,,Verbs: Present Reflexive - Hitpa'el,Verbs:-Present-Reflexive---Hitpa'el,khd `m hshny,b5a6c79b9a8f26d11d49a0714f1fdd9f,
מתחנך,,Verbs: Present Reflexive - Hitpa'el,Verbs:-Present-Reflexive---Hitpa'el,mtkhnk,9a46566f7703b3e21eaf935a1765758a,
בזבז,,Verbs: Past Active 1,Verbs:-Past-Active,bzbz,48ed396c7536e6f698f21cc114ae26b4,
הייתם,,Verbs: Past Active 1,Verbs:-Past-Active,hyytm,ddbb4c14daf951b2a8ace4e15b691be9,
סיפר,,Verbs: Past Active 1,Verbs:-Past-Active,sypr,7eee56b6232e4418dd13fa066540967e,
הבינו,,Verbs: Past Active 1,Verbs:-Past-Active,hbynv,ce1a65cfa9e5793bf720860775ecd9dd,
בישלתי,,Verbs: Past Active 1,Verbs:-Past-Active,byshlty,9ba3ccdce9950ee3f768c7f7d58e59b6,
קינאנו,,Verbs: Past Active 1,Verbs:-Past-Active,qynnv,f35d7662b5360e65c878846e2edb1c7e,
הייתן,,Verbs: Past Active 1,Verbs:-Past-Active,hyytn,64d8f9adc7d78e46712cea0873b27edc,1bfc4f9adb36681d35dd28fd32d42e93
הסברתי,,Verbs: Past Active 1,Verbs:-Past-Active,hsbrty,7555241c2744e90ae51b3ab4f4cb2a52,
בישלו,,Verbs: Past Active 1,Verbs:-Past-Active,byshlv,89ab89b99c4a2edf96f4f232330376f9,
הבין,,Verbs: Past Active 1,Verbs:-Past-Active,hbyn,1b3f70d1a310b71d5396430ea7e7086f,
בישל,,Verbs: Past Active 1,Verbs:-Past-Active,byshl,89f97d529074b7a921ea56a01c6b24e6,
התמחות,apprenticeship / expertise / internship,Occupations,Occupations,htmkhvt,11f3ec78f1a87ad98f092f78de50b3e7,
ההתמחות,,Occupations,Occupations,hhtmkhvt,bb576077c421de9b01cc856c49be5840,
מצליח,,Verbs: Present - Hiph'il,Verbs:-Present-3,mtslykh,1ad0b3b66fcc4d662511efebc5bfd86c,
להרשות,,Verbs: Present - Hiph'il,Verbs:-Present-3,lhrshvt,d821479093b896fc139201bf2f823c49,
מסבירים,,Verbs: Present - Hiph'il,Verbs:-Present-3,msbyrym,7e3a05aae4554e9af764271ee086f9f1,
מוסיף,,Verbs: Present - Hiph'il,Verbs:-Present-3,mvsyp,9c15bfcafe5afbe7cdd9cdaf67030354,
להוסיף,,Verbs: Present - Hiph'il,Verbs:-Present-3,lhvsyp,2cfa0bbcb6a8d7dfb4e587c17d471138,
מגיש,is serving / serve / serves,Verbs: Present - Hiph'il,Verbs:-Present-3,mgysh,7f4759301ca5ecef81c00190d21bfec4,
מרשָה,,Verbs: Present - Hiph'il,Verbs:-Present-3,mrshah,72e8a76890467d66e0070593fdc46876,
מכריז,,Verbs: Present - Hiph'il,Verbs:-Present-3,mkryz,96759686943fb3438ae6cd810d8c2a92,
מוסיפה,,Verbs: Present - Hiph'il,Verbs:-Present-3,mvsyph,f4f4954bda3f60156c87829878b292f6,
מציגה,,Verbs: Present - Hiph'il,Verbs:-Present-3,mtsygh,b155b446824114dc80f0716daafaa930,
מכריזה,,Verbs: Present - Hiph'il,Verbs:-Present-3,mkryzh,26e619c757d40b19730ad8dc0cee1d9a,
מצליחים,,Verbs: Present - Hiph'il,Verbs:-Present-3,mtslykhym,37ad952eb9a585e1252603a850634c46,
להתראות,,Common Phrases,Common-Phrases,lhtrvt,30c78e5c34361cf6dbcb10e9ff7b03a0,
לאן שאני,,Conjunctions,Conjunctions,ln shny,2fe15f0143556054ffe2333a7e192958,
מה שאני,,Conjunctions,Conjunctions,mh shny,e51e2201da9d0f491b4ef58aecec743a,
מה שהם,,Conjunctions,Conjunctions,mh shhm,f354f7f0d41c978fbf4d2d7338e4b15e,
לאן שהיא,,Conjunctions,Conjunctions,ln shhy,c90c480f9b8a084e42140a6b3580a8b2,
אחרי שהכלב,,Conjunctions,Conjunctions,khry shhklb,e93dcc925a4c8b03b1c91e0408ab0293,
אף על פי,,Conjunctions,Conjunctions,p `l py,b2d6c3ba020069adb104d018b6b68aa7,
מי שאתה,,Conjunctions,Conjunctions,my shth,c3ab58541c53204fb3b947e7af1494a8,
מי שעושֶה,,Conjunctions,Conjunctions,my sh`vsheh,d162fac5709ae0bdc0fb69e772dd1ecb,
לפני שאני,,Conjunctions,Conjunctions,lpny shny,211a0143145289154d5c91da0c94fbf9,
אחרי שאני,,Conjunctions,Conjunctions,khry shny,7aec66b6dafd85abc03263d0f4cfe3d8,
לפני שהם,,Conjunctions,Conjunctions,lpny shhm,e9dffe3208a1318daaa3724447583af6,
תוהֶה,,Discussions and decisions,Discussions-and-decisions,tvheh,a58bee3a5be958c86782d754c0564483,
בוחרת,,Discussions and decisions,Discussions-and-decisions,bvkhrt,162058a659b9cb3a8fe8d93cf5e2c8d4,
הסכמה,,Discussions and decisions,Discussions-and-decisions,hskmh,f82e5a609351f51f856be45c61288694,
לפי,In my opinion / according to / by,Discussions and decisions,Discussions-and-decisions,lpy,c4259a5c0744ca18c5a13acbf37614f9,
ההסכמה,,Discussions and decisions,Discussions-and-decisions,hhskmh,8574099d2adb5a68a4dcbc9c898e770f,
עדיף,,Discussions and decisions,Discussions-and-decisions,`dyp,6de2f04f9eb19e678c542536b2e38a13,
אַל תיקחי,,Negative Imperatives,Negative-Imperatives,al tyqkhy,2d694185a66ffb9a275a4d4faf2ded1b,
אַל תחליט,,Negative Imperatives,Negative-Imperatives,al tkhlyt,7ac54ab4eb85a90784bec81827a22d6d,
אַל תסגרו,,Negative Imperatives,Negative-Imperatives,al tsgrv,af0ed5c23e9b91863c1cdfd3b0ccaa98,
אַל תהיי,,Negative Imperatives,Negative-Imperatives,al thyy,b6544a57dbfddfffddcfd7f3efa4ded8,
אַל תתעלמו,,Negative Imperatives,Negative-Imperatives,al tt`lmv,5dee18bd0cefc46ec38a2773a512f89e,
אַל תסגרי,,Negative Imperatives,Negative-Imperatives,al tsgry,7de21fd34599b2e857fde8d3ee22ec5a,
אַל תרגישו,,Negative Imperatives,Negative-Imperatives,al trgyshv,481a84c7a0a0077b4ddd62f698607399,
אַל תסגור,,Negative Imperatives,Negative-Imperatives,al tsgvr,79c73d79515035effbe378735be25b9f,
אַל תאמר,,Negative Imperatives,Negative-Imperatives,al tmr,bc2ebf05d46bd4bbcb6dbe152032df0f,
אַל תרגיש,,Negative Imperatives,Negative-Imperatives,al trgysh,cb81cf50436dfbced06954cffa055ceb,
אַל תשאלי,,Negative Imperatives,Negative-Imperatives,al tshly,c1665b8d7c7da9ae763e082aa218232a,
אַל תאמרו,,Negative Imperatives,Negative-Imperatives,al tmrv,a0f8579c04ab7e6ad99a86373d466bcc,
אַל תחליטו,,Negative Imperatives,Negative-Imperatives,al tkhlytv,679107cd4feb1e88d38892e909a1c54b,
אַל תתעלמי,,Negative Imperatives,Negative-Imperatives,al tt`lmy,9815ad43323011b360671fc74cfb773a,
ואמא,and mom / and mother,Letters 1,Letters-1,vm,6a91f4b6da890ce47e237d617af13916,
המספריים,,Objects,Objects,hmspryym,d5a1d6e2f9d0987df47b0036706583ad,
שולחן העבודה,,Objects,Objects,shvlkhn h`bvdh,e3614839cdbed524bb6bbfd2ba2a96f7,
הפעמון,,Objects,Objects,hp`mvn,d7fa0b643fbceb2dcc8135fa509c8fbe,
סבון,soap,Objects,Objects,sbvn,10da526a352f4ec469bce67dfd987299,
טלפון נייד,,Objects,Objects,tlpvn nyyd,ea7ac967bde97a27268831c9e7b426fc,
הסוללה,,Objects,Objects,hsvllh,8ccc9dc9c0b8f23f8624ca6b49fd58b7,
שזאת,,Objects,Objects,shzt,0a9a237b4db9a9befbeac7b690297cb2,
מגזין,,Objects,Objects,mgzyn,44780c5aabd5ebd0aa871f71827b0d2d,
מגזינים,,Objects,Objects,mgzynym,b7b3346b9b73de8b5910933036e1b1ce,
חתיכות,,Objects,Objects,khtykvt,f21cfc25861774dbe56359cd1a4c74fe,
נראו,,Past Nif'al,Verbs:-Past-Nifal,nrv,7d8e7b0903e5e2d0ed79ce236b6f3631,
נהננו,,Past Nif'al,Verbs:-Past-Nifal,nhnnv,401f685b4140ae6503ee127de3480d77,
נגרם,,Past Nif'al,Verbs:-Past-Nifal,ngrm,de78efc3f4fb453068a4ea0ab961f071,
נכתב,,Past Nif'al,Verbs:-Past-Nifal,nktb,72e94e5ed2e7d3ae4116e5386c23507e,06941f3f2b543472284070a5047361ed
נפגשתְ,,Past Nif'al,Verbs:-Past-Nifal,npgsht@,21ade97798cf0cd65101fdd2066be326,
נשאלה,,Past Nif'al,Verbs:-Past-Nifal,nshlh,c4355d948fcd93f71ef0c25b9b5052dc,
נפגשנו,,Past Nif'al,Verbs:-Past-Nifal,npgshnv,729454d55858e7967e6a8f55a35fda1e,
נהנתי,,Past Nif'al,Verbs:-Past-Nifal,nhnty,301110b3b0bb92684638f5a61c68511a,
נראינו,,Past Nif'al,Verbs:-Past-Nifal,nrynv,3194e7a6d4d4bdaf042f47a345c1ef25,
ניתן,,Past Nif'al,Verbs:-Past-Nifal,nytn,9dd6b059b11a6da360712e103ea54768,2601ed6f11b6861d27bf3e35024be16e
שניתנה,,Past Nif'al,Verbs:-Past-Nifal,shnytnh,4ac16402cfde5b4580fe6a9ab058ab1a,
נפרדנו,,Past Nif'al,Verbs:-Past-Nifal,nprdnv,77073ac5d72fddc969239bc8d47bbda9,
נגרמה,,Past Nif'al,Verbs:-Past-Nifal,ngrmh,d3ffdd1c4c4b35a404f91002b5cea907,
לאו דווקא,,Adverbs,Adverbs,lv dvvq,57ebaca6df6278bd70e7d129d3ae1b62,
סביר להניח,,Adverbs,Adverbs,sbyr lhnykh,58f233bbf13df45d44c962a76dcbfd57,
באמת,,Adverbs,Adverbs,bmt,176bb99bf928ff1646a7d2353629d747,
אך ורק,,Adverbs,Adverbs,k vrq,b29527bf06de2b35ad57a6a5310cac4f,
אחר כך,,Adverbs,Adverbs,khr kk,75e862d67019422676d4c383e88d92e8,
לאט,,Adverbs,Adverbs,lt,e270e301c97691ad3c126773308e2bcc,
באופן,,Adverbs,Adverbs,bvpn,dcf9c814f73829f98de6d65ab81fe92a,
בהחלט,,Adverbs,Adverbs,bhkhlt,1fe3fcd0abe6fce48765b85ca1dec994,
אַל תאכלי,,Negative Imperatives,Negative-Imperatives,al tkly,a43e4743b7544371b2225a53bb95a8a5,
אַל תגיע,,Negative Imperatives,Negative-Imperatives,al tgy`,026bea77e713628581eb5795c1464476,
אַל תשתמשו,,Negative Imperatives,Negative-Imperatives,al tshtmshv,a821962e8103ce69cfa8f12aa39b4a06,
אַל תנסו,,Negative Imperatives,Negative-Imperatives,al tnsv,07343fbd94723e475c0ce9050a467942,
אַל תנסה,,Negative Imperatives,Negative-Imperatives,al tnsh,66b1f0ac7fc0c89623fc3a7b66feeeee,
אַל תסבירי,,Negative Imperatives,Negative-Imperatives,al tsbyry,b42fc5f51085233cbd860eee4ca0613a,
אַל תסבירו,,Negative Imperatives,Negative-Imperatives,al tsbyrv,65cb01747b1157cf1a7ad15d17327d48,
אַל תנסי,,Negative Imperatives,Negative-Imperatives,al tnsy,50564f14d3d593061526c58d82a42012,
אַל תספרו,,Negative Imperatives,Negative-Imperatives,al tsprv,c524749deaab2e4baa0c6dc46f8354ac,
אַל תתחילו,,Negative Imperatives,Negative-Imperatives,al ttkhylv,c454a1ae2346169f16087ccce8870dea,
אַל תגיעו,,Negative Imperatives,Negative-Imperatives,al tgy`v,a20bae4119b2d1cbe47e8fb58d474596,
אַל תשתו,,Negative Imperatives,Negative-Imperatives,al tshtv,d4ee3063148161f8c9457775c969ba6e,
אַל תאכלו,,Negative Imperatives,Negative-Imperatives,al tklv,4600ab3d5574ac203f04a6a2514c4470,
אַל תספרי,,Negative Imperatives,Negative-Imperatives,al tspry,0d449ad12bbc5ffce3ac1ad2e5a6dc49,
הפֶסל,,Arts,Arts,hpesl,854e2c6c158006678ff24a5dafe7f54d,
המפיקה,,Arts,Arts,hmpyqh,e2ca5050aac392af004f680e585394e7,
ספרות,literature,Arts,Arts,sprvt,ce6e72bb73e6cd11163bc58717f61787,
באולפן,,Arts,Arts,bvlpn,65d9db44ac23d1d6c72f048a8ec4042f,
לפסקול,,Arts,Arts,lpsqvl,4b6b8627c1dc156c54942c76a27c7856,
האולפנים,,Arts,Arts,hvlpnym,2b8449ebce1d59a53d2a3803403a7618,
בספרות,,Arts,Arts,bsprvt,d04a536ec4e66f0e8bd7d07522bf3219,
קהל,,Arts,Arts,qhl,4f3cfc537c1e95a08a80989f16560312,
מרקדן,,Arts,Arts,mrqdn,c942d8cff73cf32ce6c7228a5890d322,
רקדניות,,Arts,Arts,rqdnyvt,348cf4234ed3654b42d88939d00cb2cf,
לאולפן,to the Hebrew class / to the Ulpan / to the studio,Arts,Arts,lvlpn,96ca220686cace38f9bfc7f208de841f,a28c37ff3b7a9bedb92933f0839452c4
הקהל,,Arts,Arts,hqhl,6e154bfc13f1c7829dc7cfff723835ab,
הפַסל,,Arts,Arts,hpasl,0ce300e96578954070e579378e82762a,
המפיק,the producer,Arts,Arts,hmpyq,232d1d97322e36b963908af63703f3ac,
בוא נעשה,,Imperative 2,Imperative-2,bv n`shh,0e8bc637a6a2ee8dece732e5904abf25,
חזור,,Imperative 2,Imperative-2,khzvr,16db8c1885439001be8b8adb9cd3c1d5,
בוא ננסה,,Imperative 2,Imperative-2,bv nnsh,ea45aa7a50d1974f2abe9120064e13be,
חזרי,,Imperative 2,Imperative-2,khzry,11c59b13c06c1b5e5449d78b66feb84e,
בואי ננסה,,Imperative 2,Imperative-2,bvy nnsh,ca74e8ac039119e60589f2a5229dfbce,
בוא נגיד,,Imperative 2,Imperative-2,bv ngyd,6468f9cde94a4b156aacf741e0b9210e,
עמוֹד,,Imperative 2,Imperative-2,`mvod,e3ff99e88cf19352d3c99f3d53284e3c,
בואו נעשה,,Imperative 2,Imperative-2,bvv n`shh,9b4debcac2205c5014ae16393afaff0c,
הומור,,Abstract Objects 2,Abstract-Objects-2,hvmvr,87878510161c14eab66e22d343c8935b,
תכונות,,Abstract Objects 2,Abstract-Objects-2,tkvnvt,63ea32c638c7a78001b2d21a3e0c86d9,
כיוון,,Abstract Objects 2,Abstract-Objects-2,kyvvn,21381016e32f0fffa4caaff8a4e8b2ac,
הפחד,,Abstract Objects 2,Abstract-Objects-2,hpkhd,f05a06c292acd54412aca7febfe50304,
מציאות,,Abstract Objects 2,Abstract-Objects-2,mtsyvt,966fcd971050b754072066d724f0f366,
בכבוד,in respect / with respect,Abstract Objects 2,Abstract-Objects-2,bkbvd,f3ce5b2acc722c303333a8a5fe9f7452,
ההומור,,Abstract Objects 2,Abstract-Objects-2,hhvmvr,d63cc251c7adf8775e08bac5a4cf8d47,
מזל,,Abstract Objects 2,Abstract-Objects-2,mzl,8c91860f1d483dcf2aa397d65a699902,
בפחד,,Abstract Objects 2,Abstract-Objects-2,bpkhd,7fbb1645936187d95496706db6732080,
הביטוי,,Abstract Objects 2,Abstract-Objects-2,hbytvy,ad3d6ac62af8b6c812db7ee3c3703a73,
ביטוי,,Abstract Objects 2,Abstract-Objects-2,bytvy,488fd73f5abd34fae0ef10aaa0bbde24,
לכבוד,,Abstract Objects 2,Abstract-Objects-2,lkbvd,c121aa257061958c079f40477c4c94d0,
תחפושות,,Clothing,Clothing,tkhpvshvt,9cd8756617612fcec94bf6c114b01560,
צמידים,,Clothing,Clothing,tsmydym,02274d4385bb34b241cb3fb1d84117a8,
הכפפה,,Clothing,Clothing,hkpph,59aacbf422cd6646ef7102730a3ff0be,
בכיס,,Clothing,Clothing,bkys,d37a4eedc01a0202f5ebe2f78f7dc865,
נועל,,Clothing,Clothing,nv`l,8c753c1c3aaa77edfb3da334d08fa2bc,
נועלת,,Clothing,Clothing,nv`lt,8e2c488040d37d63e3d256a5f9756d14,
החגורה,,Clothing,Clothing,hkhgvrh,d23abfcaa549a40cdb3b7b4445d3f7f5,
כיסים,,Clothing,Clothing,kysym,5b936cfac98ae664fb6ae49d3df7d8d2,
שרשראות,,Clothing,Clothing,shrshrvt,8a716c9b795bf13a392af7ceb14c5f05,931977e5d08b1f6e06aa86fbf03097dd
שרשרת,,Clothing,Clothing,shrshrt,d51336546ed2159ac4cb3a4cd5611b1f,ef46a01f2953ade682a6404b7d690b83
צמיד,,Clothing,Clothing,tsmyd,1c0d970de198d5126b65a5f5cfc4d6df,
לסוודר,,Clothing,Clothing,lsvvdr,0e8d6dc1e42361ed9648fb501672f38d,
התחפושת,,Clothing,Clothing,htkhpvsht,32d855fdf02ad204fc26c0e6f48230e9,
זנב,,Animals,Animals,znb,00ae225e8b2662587bd4bb87e8f52662,
סרטן,,Animals,Animals,srtn,92c4e148b20140c37dc894ebdb994833,688e646b4da388715a936d8056db35bd
המשיח,,Religion,Religion,hmshykh,20f159cfd0aede8bae812d96347d28d4,
חילוניות,,Religion,Religion,khylvnyvt,d6707ad158faa945c6693ff91da8eb3b,
מערת המכפלה,,Religion,Religion,m`rt hmkplh,8a9225b6ec6a1a111426a766deb98dd7,
חילונים,,Religion,Religion,khylvnym,8080281c2778dca55fe0c59521d564df,
הנשמה,,Religion,Religion,hnshmh,694fc90bf4adb6317489eacadb9eff84,
הכדורסל,,Sports,Sports,hkdvrsl,9fea3fe6beb97db566b934ab1456bca6,
הבעיטה,,Sports,Sports,hb`yth,f64924ca17d97a65dfcea67b2ed47938,
התקפה,,Sports,Sports,htqph,95233dd2f6ef5f2065ae9dde7ed560c1,
הארכה,,Sports,Sports,hrkh,9ff76474afe14238a023d2c1c3422795,
ההתקפה,,Sports,Sports,hhtqph,9f7bcbd22ec4583b00c89ff1e962ba30,
פנדלים,,Sports,Sports,pndlym,b11aebe6f76c0c72ab5b62050597df86,
בבעיטה,,Sports,Sports,bb`yth,5bad38a49156a4244413d09627129cc6,
לפנדלים,,Sports,Sports,lpndlym,5eb1ef5939f9cd852f3c99cbaa7d55f3,
העמדות,,Sports,Sports,h`mdvt,dff49def0d9d2aaf4bae246d71d21d7a,
עמדה,,Sports,Sports,`mdh,70185cf59bc083903ff03e637485c884,
שלושער,,Sports,Sports,shlvsh`r,771eedc91b01738c95702265bb195df8,
בהארכה,,Sports,Sports,bhrkh,43101ae231349f0ca33e7b7c090d9f86,
באיזו,,Sports,Sports,byzv,838c5ebe6d70a2faa78cf30bca64a0d1,
מגרש,,Sports,Sports,mgrsh,309cc1ca90acbe2db3779025dc54922b,
בכדורסל,,Sports,Sports,bkdvrsl,55630c3633667d667b19ebb212ff6176,
בלעדינו,,Prepositions 2,Prepositions-2,bl`dynv,e9606945ffdd4c31e7e283982eb82fee,
אלינו,,Prepositions 2,Prepositions-2,lynv,af365dee04bc0dda0d24bcc4d671371a,81988da303e53de52a8bc389e69534ee
לבינךָ,,Prepositions 2,Prepositions-2,lbynka,867a15571bdb1de5ed92ed61df329415,
מתחתיו,,Prepositions 2,Prepositions-2,mtkhtyv,f208fb0bb0e216ff00d51b00f09fbd91,
מעלינו,,Prepositions 2,Prepositions-2,m`lynv,a7573c452073e0e304a10bef591c9da3,
אליה,to her / towards her,Prepositions 2,Prepositions-2,lyh,d0f9a79a737d918d2aa706bb484b448b,ebcdb59c2e51ee62053f0bc3b8bf0829
ביני,,Prepositions 2,Prepositions-2,byny,91c8c666c924c2330da71ce23fa27dc7,
מאחורינו,,Prepositions 2,Prepositions-2,mkhvrynv,ef1dc58bd730b3b4c18cb8d092cec4a6,
מולי,,Prepositions 2,Prepositions-2,mvly,d47bb265b4905772c7f23f9a57d58fb3,
מולנו,,Prepositions 2,Prepositions-2,mvlnv,134d88a687ceb42f58e4255f2aef07df,
מעליהן,,Prepositions 2,Prepositions-2,m`lyhn,94e412f565d4129931ad188995aae6a1,
מעליך,,Prepositions 2,Prepositions-2,m`lyk,6614376e4146dc2f5c79ee96225bf4cd,
ההשפעה,,Abstract Objects 1,Abstract-Objects-1,hhshp`h,4360b7ebfd4a0ae7e212d6ceb4f99158,
העיצוב,,Abstract Objects 1,Abstract-Objects-1,h`ytsvb,06f2952fe6187dc0a4ee5b3739ba463b,
ציוד,,Abstract Objects 1,Abstract-Objects-1,tsyvd,959a2ed6e8c76f5a0d0e8b933dfa08e6,
במקרה,,Abstract Objects 1,Abstract-Objects-1,bmqrh,867ee80660c7d5e7020112f550580cb9,
יציאות,,Abstract Objects 1,Abstract-Objects-1,ytsyvt,0450085fdba54d23c0f94d9c2fea36d9,
פרופיל,,Abstract Objects 1,Abstract-Objects-1,prvpyl,f2feffc45015e3c0fd93b76166ce3de4,
השפעה,,Abstract Objects 1,Abstract-Objects-1,hshp`h,f288047e000188e0a9fbcfcaf551bd3a,
עיצוב,design,Abstract Objects 1,Abstract-Objects-1,`ytsvb,325e87033803b6659f59dc8832007dcd,
מהחושך,,Abstract Objects 1,Abstract-Objects-1,mhkhvshk,25e94a845f3757bff1786b89022335f3,
משברים,,Abstract Objects 1,Abstract-Objects-1,mshbrym,a9369b7120846e664c7e2440fa37bc63,
חושך,,Abstract Objects 1,Abstract-Objects-1,khvshk,08c40e33b9666374149d400d740e750c,
היציאה,,Abstract Objects 1,Abstract-Objects-1,hytsyh,587f1679cd008e01eb18253fac27f380,
שהעדיפות,,Abstract Objects 2,Abstract-Objects-2,shh`dypvt,05f70776e210876f0e9b9465b8692bb0,
נפילה,,Abstract Objects 2,Abstract-Objects-2,npylh,4aafa6d4d16f278f32ec7e46cea6e01f,
התועלת,,Abstract Objects 2,Abstract-Objects-2,htv`lt,178759606b6053b998a0213e251b2755,
יופי,,Abstract Objects 2,Abstract-Objects-2,yvpy,2e202ed80e99da5f1a000850a3b8d213,
הזכרון,,Abstract Objects 2,Abstract-Objects-2,hzkrvn,520e686da97da9a44b1531a57b33b3e4,
החיוך,,Abstract Objects 2,Abstract-Objects-2,hkhyvk,2092c68ab5575ecafe9f682ce7f54e27,
בעדיפות,,Abstract Objects 2,Abstract-Objects-2,b`dypvt,ddeac792aef996efbceb27736084a46e,
ההפתעה,,Abstract Objects 2,Abstract-Objects-2,hhpt`h,fbe020410615efba887e84db94f0206e,
זיכרון,memory,Abstract Objects 2,Abstract-Objects-2,zykrvn,ebd63c4f2aed4c5ba53b52edf4fa32ae,
לרצח,,Abstract Objects 2,Abstract-Objects-2,lrtskh,7d832328fd1a3b9526de7d243e750e79,
היופי,,Abstract Objects 2,Abstract-Objects-2,hyvpy,48a41d9da66bb52837abe85e8aa6f183,
בהפתעה,,Abstract Objects 2,Abstract-Objects-2,bhpt`h,fcff4aa7b1ae4dd69423af7140a48abd,
מטקות,,Welcome To Israel,Welcome-To-Israel,mtqvt,b4bffcd81e11a3548a350d3d933b5424,
ביסלי,,Welcome To Israel,Welcome-To-Israel,bysly,8d22e4f84d48bc012ac1bf024a0efb4d,
במצדה,,Welcome To Israel,Welcome-To-Israel,bmtsdh,8515d205b679c251b0546832e846d430,
הכנרת,the Kinneret / the Sea of Galilee,Welcome To Israel,Welcome-To-Israel,hknrt,9d6ebc0522c3651d661baabc429815de,
פיתות,,Welcome To Israel,Welcome-To-Israel,pytvt,827016dc6bb3c9dd0ea30e13bcbb4f4f,
וחומוס,,Welcome To Israel,Welcome-To-Israel,vkhvmvs,a8241d2760d4413f670c859fb3150d67,
בפיתה,,Welcome To Israel,Welcome-To-Israel,bpyth,0b69ab8f5f1e82c044a24b67cfdd3d84,
לאולפן,to the Hebrew class / to the Ulpan / to the studio,Welcome To Israel,Welcome-To-Israel,lvlpn,a28c37ff3b7a9bedb92933f0839452c4,96ca220686cace38f9bfc7f208de841f
למצדה,,Welcome To Israel,Welcome-To-Israel,lmtsdh,53f037aacab155040069c620a920aada,
מזרחית,,Welcome To Israel,Welcome-To-Israel,mzrkhyt,ee51606059cd148b7cfdf70f433fc777,
הרכבת התחתית,,Travel,Travel,hrkbt htkhtyt,b5cb2f8f1dc21fb0fd398115a1112188,
רוכבים,ride,Travel,Travel,rvkbym,45807b352fbb7e2727618b40a492e259,
סירה,,Travel,Travel,syrh,7d07e7f310255a7fbf60ef4ccc5a4361,
הסירה,,Travel,Travel,hsyrh,962ea55b4427e3bcf9801ed11e39e7d0,
יבשת,,Travel,Travel,ybsht,7c6aee587e19f2ecf2aa11806a7e758a,
רוכבת,,Travel,Travel,rvkbt,6f3d069eead3837d90ef132fb7363bd4,
היבשת,,Travel,Travel,hybsht,5fd835f2bfc4e08dd99e4dca660e7900,
המדריכה,,Travel,Travel,hmdrykh,4fa3ea0650b0ad3dba391d2f06d9dbbc,
הבה,let us / let's,Formal,Formal,hbh,a71dc37db4dc0efc13031998c43a560e,
מדוע,,Formal,Formal,mdv`,1d24ed0f3aace04e1fda447f6419fb97,
האין,,Formal,Formal,hyn,5b5055e0de7e00622e66b15a27730919,
אנו,,Formal,Formal,nv,6105a672ab7a26c23d316ca9826b4a0b,
הידעתם,,Formal,Formal,hyd`tm,39f3214a0cbe2d0d8a4bf302f7a291ea,
היכן,,Formal,Formal,hykn,c1b020940157f867c0275aee2cd71fc0,
כוונה,,Abstract Objects 1,Abstract-Objects-1,kvvnh,eabdb746f12ecc1169bc090cb58d6b0d,
הערך,,Abstract Objects 1,Abstract-Objects-1,h`rk,634b64fa12bd9ced4eebe6b62a9818c1,
הקצה,,Abstract Objects 1,Abstract-Objects-1,hqtsh,542549d2dcdcf113f29972328616bca0,
ההתחלה,,Abstract Objects 1,Abstract-Objects-1,hhtkhlh,6ef811e0bf817eb41a302269c0ab78e9,
השיא,,Abstract Objects 1,Abstract-Objects-1,hshy,8bc10ab6ccbac164e17d2f09b3c87658,
פקודה,an order,Abstract Objects 1,Abstract-Objects-1,pqvdh,9893d9adeb0bcf475762a8fde823610b,
התחלה,,Abstract Objects 1,Abstract-Objects-1,htkhlh,fc8d2389a7f21e08a637645724a64943,
לפקודות,,Abstract Objects 1,Abstract-Objects-1,lpqvdvt,0f48febecc5d3f5d6ff4568c5b511483,
התוכן,,Abstract Objects 1,Abstract-Objects-1,htvkn,6af1fe6b136f4e37d837082356aeaf30,
השירות,,Abstract Objects 1,Abstract-Objects-1,hshyrvt,da3293955c1e199b5e8818d8e494e662,
רעה,,Introduction to adjectives,Introduction-to-adjectives,r`h,d5e20ffacb30a1ca09b0b552c3c8f907,
בתיבת הדואר,,Construct State 2,Contruct-State-2,btybt hdvr,76c822e45a1f4b1643a20594d0e63021,
חגורת בטיחות,,Construct State 2,Contruct-State-2,khgvrt btykhvt,8712bde2ce650d954a23ef26fdf01d13,
תיבת הדואר,,Construct State 2,Contruct-State-2,tybt hdvr,f97d6ed13eeddcf2cea3aca812e2f212,
משחת השיניים,,Construct State 2,Contruct-State-2,mshkht hshynyym,83b5f20f78530a3d4fbfa8de3fc55778,
אוצר המילים,,Construct State 2,Contruct-State-2,vtsr hmylym,e091f3ba07780061985219ca5568e7ba,
תתקרב,,Verbs: Future Active 1,Verbs:-Future-Active,ttqrb,9613b64d6676e071fe3ad39885eda1b6,
יתחבר,,Verbs: Future Active 1,Verbs:-Future-Active,ytkhbr,f7ed6b1cfb0e7adcb0fb3e9a20dac5c6,
ישתנה,(he) will change,Verbs: Future Active 1,Verbs:-Future-Active,yshtnh,cdd4e0c62c4bb4fa4e583e8198065661,
תשתנה,,Verbs: Future Active 1,Verbs:-Future-Active,tshtnh,b36631328ff38608dbbd98c934dee0de,
שתהיו,,Verbs: Future Active 1,Verbs:-Future-Active,shthyv,a84490cae33880b144b4c5770ea42fb1,
נתעלם,,Verbs: Future Active 1,Verbs:-Future-Active,nt`lm,58954c7868018c9356e59d0e22ca4dd0,
תיתן,,Verbs: Future Active 1,Verbs:-Future-Active,tytn,e945f71b0362f5a6dc3cce5e151b373a,
יתעלם,,Verbs: Future Active 1,Verbs:-Future-Active,yt`lm,47e246900fd56afb46ce04a1e5b5640a,
אתן,,Verbs: Future Active 1,Verbs:-Future-Active,tn,c003a2f3715750ea45281adf727a226f,b26987a312684e240e17140979fdf6ed
תשתה,,Verbs: Future Active 1,Verbs:-Future-Active,tshth,c4831540f7292ccd1a81c9f0016f7de8,
יתחברו,,Verbs: Future Active 1,Verbs:-Future-Active,ytkhbrv,b98d2caf8a1898b465bdc57c13a621f4,
אתקרב,,Verbs: Future Active 1,Verbs:-Future-Active,tqrb,e0a474e2d0740d8a13847377611cc245,
מחלצת,,Emergency!,Emergency!,mkhltst,45e67ddc348c9d826394f0b5f9d390a9,
במצוקה,,Emergency!,Emergency!,bmtsvqh,40e382796c206adccfaa715484466db0,
אזעקה,,Emergency!,Emergency!,z`qh,3b17ff97f9c83c886a8ebf64471d1558,
עזרה ראשונה,,Emergency!,Emergency!,`zrh rshvnh,76ef3a0e078a74ceb9460e098cdc0fb6,
חילוץ,,Emergency!,Emergency!,khylvts,5bf04cf2374cddc025eaa2e0b34b9b79,
החילוץ,the rescue,Emergency!,Emergency!,hkhylvts,6dcd1c7c5fa610761aa0fcffcf1a01b1,
לכוד,,Emergency!,Emergency!,lkvd,c826b238cec1bb0fbd116295633da847,
כששומעים,,Emergency!,Emergency!,kshshvm`ym,a3a3faf395a609b40aeb73fe21ab90f2,
זהירות,careful / warning / watch out,Emergency!,Emergency!,zhyrvt,992af19779635e09e6b69abdcb673296,
מתחשמלים,,Emergency!,Emergency!,mtkhshmlym,1bc6bc0689e18e9b4fc4ff1396702edf,
הטעם,,Food 2,Food-2,ht`m,955db72ddd9fbacd64643967c7503887,
רוטב,sauce,Food 2,Food-2,rvtb,cfd0dc0227539b5d29a8dc853d1f21f5,
צמאים,,Food 2,Food-2,tsmym,8e1289cf6aa50f0f10b2d6a14e50dc27,
למנגו,,Food 2,Food-2,lmngv,27bf8f88cc68e54acaad53855656d604,
מלוח,,Food 2,Food-2,mlvkh,0a360598400d1da524c5419ae7167f08,
כפיות,,Food 2,Food-2,kpyvt,957db0ef9d50d53cad24e76aa1208847,
מנגו,,Food 2,Food-2,mngv,6b60802f915fc3903639137841dd0a06,
טעם,,Food 2,Food-2,t`m,bbec2f723ab8efa3d11cbb694af01b8f,
ואבוקדו,,Food 2,Food-2,vbvqdv,6592edc65f4205a13a3e9802843b124e,
כפית,,Food 2,Food-2,kpyt,f77af6203b7512f4a71b9808548a05f8,
שום,,Food 2,Food-2,shvm,3008c66714895a3d6ba0ff66aee357d4,6ee515bc22dff5987ddbdfee0ea01147
השום,,Food 2,Food-2,hshvm,253e05473cb9568e15b240adbe2b3de3,
לאבוקדו,,Food 2,Food-2,lbvqdv,351dffdeff71f6bb8a91156a812eac3f,
אכול,,Imperative 2,Imperative-2,kvl,f1f3e0a582dc4c0628f166273c892c4e,0d93b80ae9c2564fd55177ae5824b28c
בוא נלך,,Imperative 2,Imperative-2,bv nlk,3c863da717f178043768235875c2c770,
והיכנס,,Imperative 2,Imperative-2,vhykns,fe1fd88004caf8bcb11dd33fe93922f9,
לבשי,,Imperative 2,Imperative-2,lbshy,60dda1c08c1ea0e7c1f6a2b7e7258047,
בוא נראה,,Imperative 2,Imperative-2,bv nrh,0358046449c97ee9a16c4e488f7ba9e8,
בואו נלך,,Imperative 2,Imperative-2,bvv nlk,ac4160612ef4f3b626b23597260fa9c5,
אכלי,,Imperative 2,Imperative-2,kly,ad448ee0798bc6f8e9b1da0cb7cbcc8d,
בקרו,visit (imp.),Imperative 2,Imperative-2,bqrv,d43eecedd6f4f0b34a43b16dbf8de8b1,
הישארו,,Imperative 2,Imperative-2,hyshrv,b8c313debbe4d01c18985f3109b605de,
שבוֹר,,Imperative 2,Imperative-2,shbvor,0fa759a78d7fab5a6a7cfe6198b293cc,
שברי,,Imperative 2,Imperative-2,shbry,86ace347cedca81e7a99782512246ba7,
בקֵר,,Imperative 2,Imperative-2,bqer,5cd8355eb4c1382ed56cb326b79f86a5,
שער החליפין,,Business,Business,sh`r hkhlypyn,8d5acb0aa230b67242fa808c56e56ce7,
בשטרות,,Business,Business,bshtrvt,59b1a962b6b43c5b8aefffb1bec68113,
הדולר,the dollar,Business,Business,hdvlr,d115f9b065740085c6584b5a89dbc770,
חוזה,,Business,Business,khvzh,257b369368e60f5e94e90df80e93bdc8,
שווי,,Business,Business,shvvy,ca0fa027c924a5e20c76c12060ab8687,
שטרות,,Business,Business,shtrvt,5ce6e18608596609ab6fcaf9cd1b9ede,
באירו,in Euros,Business,Business,byrv,60cf3f36bb8c56e2eb91943a6238523b,
התקציב,the budget,Business,Business,htqtsyb,bdc15e5ce9bef720b5b2a06f4f67f793,
בדולרים,,Business,Business,bdvlrym,9866c689e910e86cf660527a3feeacca,
עסקים,,Business,Business,`sqym,f60c134a8e6c5f8e9cdd9f66615892cd,
מאחלים,,Verbs: Present - Pi'el,Verbs:-Present-2,mkhlym,51e26af828ed7ccd53e9f7fca440b30b,
ממלאים,,Verbs: Present - Pi'el,Verbs:-Present-2,mmlym,ea5da5eecfef41ee89cc12151a0da28a,
משכנע,,Verbs: Present - Pi'el,Verbs:-Present-2,mshkn`,0fdda42f46e1c83f173f984ff21ad7ca,
מטפסים,,Verbs: Present - Pi'el,Verbs:-Present-2,mtpsym,28a1aa48f4fdcd8a95377628a955feb8,
משכנעת,,Verbs: Present - Pi'el,Verbs:-Present-2,mshkn`t,af76d2a605aeb615c8c9e3894994f65f,
ממלא,,Verbs: Present - Pi'el,Verbs:-Present-2,mml,82cbe1586a37b2996a0080f994a841c6,
מספקים,,Verbs: Present - Pi'el,Verbs:-Present-2,mspqym,5d842272c20ce8ab7e19d9e039a5a8c6,
מהאיצטדיון,,Sports,Sports,mhytstdyvn,7dc03a48e19b982a62b81322e2d9f395,
הקבוצות,,Sports,Sports,hqbvtsvt,1e26853d102df8a9e502417b9bea4abe,
האיצטדיון,,Sports,Sports,hytstdyvn,3fb29b2cfbe99345c28b73903767d4b3,
שהאיצטדיון,,Sports,Sports,shhytstdyvn,deee697603271d90fcf61d16dc02d2a2,
התיקו,,Sports,Sports,htyqv,e10a04b91f8bec040c404adf8f707d36,
באולימפיאדה,,Sports,Sports,bvlympydh,22005a0bec2d602af0cc54aa0076a557,
האולימפיאדה,,Sports,Sports,hvlympydh,698e316e51937f826034df19e97bc8b7,
השחייה,,Sports,Sports,hshkhyyh,62409960da57b543d29d77a9714db056,
שחייה,,Sports,Sports,shkhyyh,a9babd07f6ea099fcc11f2b7c01b16dd,
כדורעף,,Sports,Sports,kdvr`p,c173504369c508e4ef4a9d158e353cd4,
תיקו,,Sports,Sports,tyqv,922a14298a7058fa6bcfd89ec52e2edb,
הכדורעף,,Sports,Sports,hkdvr`p,c4a46e788aab0ee4960b80d42f5d693e,
האוהדים,the fans,Sports,Sports,hvhdym,3cda3abe791e1a3e8dc0313f2e62aec8,
דרישה,,Verbal Nouns,Nouns:-VerbalNouns,dryshh,5e4223ce5eac48dbf6773b41ee19581f,
האימון,,Verbal Nouns,Nouns:-VerbalNouns,hymvn,ac1d4f565d226a5a81ba3fb3832d947b,
הצפייה,,Verbal Nouns,Nouns:-VerbalNouns,htspyyh,ce8d1cdbc474d05d5089bd2c0392ecf4,
הקנייה,,Verbal Nouns,Nouns:-VerbalNouns,hqnyyh,79b4a9cc7da607aee69d0d1f257ece01,
לימוד,,Verbal Nouns,Nouns:-VerbalNouns,lymvd,0ea81d0b4b53448786f01e92a299ec47,
לאימון,,Verbal Nouns,Nouns:-VerbalNouns,lymvn,63ebb36ec9f4476a4f0427b32c85704a,
התנצלות,,Verbal Nouns,Nouns:-VerbalNouns,htntslvt,52871fe5c2e1f162b41913442b9e9cb5,
לסיפור,,Verbal Nouns,Nouns:-VerbalNouns,lsypvr,38ac97f551bf13ea0f2b2a79d5ca4738,
למידה,,Verbal Nouns,Nouns:-VerbalNouns,lmydh,362c7ab613f7ca3d4bf88ed55ea537cc,
הסיפורים,,Verbal Nouns,Nouns:-VerbalNouns,hsypvrym,de0181f54e8187b3c882f88ba49dfdd3,
תאמרי,,Future 2,Future-2,tmry,036adb4996c358fd943120ac9c73b521,
נאמַר,,Future 2,Future-2,nmar,4cb0ac776d052e57bed7d9157af54d31,
יבקשו,(they) will ask for / (they) will request,Future 2,Future-2,ybqshv,0aa68856f9eb900bb4643bf00e8d34b8,
ישכחו,,Future 2,Future-2,yshkkhv,101c323b15a82ebbaf5c432c861c057f,
תשכח,,Future 2,Future-2,tshkkh,d3f1a79ac86295f48c183706f19030dd,
ישאלו,,Future 2,Future-2,yshlv,a55e396650c4085adcb2c58f08822a9e,
נשאל,,Future 2,Future-2,nshl,ed69a0e76d1ae368f797cfea8afad04f,
אמכור,,Future 2,Future-2,mkvr,3e258033cbed99a911de7880c1577dbe,
אלמֵד,,Future 2,Future-2,lmed,c6afeb914aeed8a697cbdbe20cd564cf,
אערבב,,Future 2,Future-2,`rbb,46e6b75ed24baad955a4da859a9e628e,
נערבב,,Future 2,Future-2,n`rbb,f092b8562107f6c255b41c9779b8be14,
הצמחים,,Nature,Nature,htsmkhym,23950c071ab7456f88bc1481bec6fe14,
נוף,,Nature,Nature,nvp,c3e95f47223d27b473b945dfb48be281,
הר הגעש,,Nature,Nature,hr hg`sh,b3d276e13d28cdad4d968a434d7dc263,
השיח,,Nature,Nature,hshykh,8e81b4ae91cb7dc7db9a97f7c245f848,
הרי געש,,Nature,Nature,hry g`sh,b5589b268d161dcd0a7595fcc578a145,
האש,,Nature,Nature,hsh,24288d07a656337616640a55cec66788,
שיח,,Nature,Nature,shykh,adf0f8041ca8317a8f8a6c94ca373b43,
אקלים,,Nature,Nature,qlym,8f7c474b7192f66a4543d1f563f97508,
קרחון,,Nature,Nature,qrkhvn,dcbc4b5294553bf7f36860ac420eb00e,
גזים,,Nature,Nature,gzym,9804a6c07347d529e1392a8584b6d88c,
הקרחון,,Nature,Nature,hqrkhvn,2fccf0a36e756d0703942985230780c1,
צמחים,,Nature,Nature,tsmkhym,520c5a3473fcd9199591930dc5a0c767,
הגולגולת,the skull,Medical,Medical,hgvlgvlt,e57a220340effaa78d07902feabf7cc1,
ראש,Rosh Ha'shana / head / the Jewish New Year / the prime minister,Medical,Medical,rsh,44e6e179c70626953f6995ffb985ea6b,
הצוואר,,Medical,Medical,htsvvr,2f9b71a7eb91dea6a94b8ccd290b87da,
גולגולת,,Medical,Medical,gvlgvlt,4f8061d079587a7c805a3dc1ef12bb7f,
אמריקה,,Travel,Travel,mryqh,5a76de105b7031e332bb90e9bea38e1a,
מפליגים,,Travel,Travel,mplygym,6df2d3d605cd84f6c301c816dc4c6ca2,
מפליגה,,Travel,Travel,mplygh,ccc0fa7aee1bb8937d0ffc83accc4bf1,
באמריקה,,Travel,Travel,bmryqh,319f6ab93b131363dbd502f91b1bedcd,
נוהג,,Travel,Travel,nvhg,42d20add6791270c0723590e40188f09,
תחבורה,,Travel,Travel,tkhbvrh,f7c5050d064c0846405fa81ec4922840,
דרכון,,Travel,Travel,drkvn,3fe7b80b54a4b95ea79001486e657b49,
תחנת האוטובוס,,Travel,Travel,tkhnt hvtvbvs,6f0f23cb846e90d1c05f315be2f6d4ec,
מטיילות,,Travel,Travel,mtyylvt,e9bd2670170d5ec2cfcbc96750243ddb,
באסיה,,Travel,Travel,bsyh,3a5cf49df4f2b843da1a8c221a87682b,
השישים,the sixties,Numbers 2,Numbers-2,hshyshym,5fdd99292a9f0e55847b75cbf7295cd0,
בסך הכל,,Numbers 2,Numbers-2,bsk hkl,3aecebd32419c4835cbf70eea5cfc1fd,
מטר,,Numbers 2,Numbers-2,mtr,68977e99eb18c77e7c604dc90bf10c45,6d55c38542dd290366521643fc9825f9
חמשת,,Numbers 2,Numbers-2,khmsht,3d35f0ea943af2cb172612079899c2ec,
מטרים,,Numbers 2,Numbers-2,mtrym,47ddeeaa6017dcb5381a911f75662647,3d106451eef31d0d780e14b87b5d4df0
שישים וארבעה,,Numbers 2,Numbers-2,shyshym vrb`h,24592ce76f53e5a33a8ec7fe7ec3bf91,
לחופש,,Politics,Politics,lkhvpsh,987c4154b715dd616aaf6998afeaeedb,
באסטרטגיה,,Politics,Politics,bstrtgyh,8e50f2f6f81ed4d306a87d263f12ec58,
אלימות,,Politics,Politics,lymvt,e15d72ff327bacf4c0bd8a729745eb19,
בקונגרס,,Politics,Politics,bqvngrs,415ba246de01ef7b0e1b4980e3e4ba24,
עושר,,Politics,Politics,`vshr,da8d9d6e0ed984d88330a266c03cb8b2,
בכנסת,,Politics,Politics,bknst,33fe29145c86bdb3e7467dc044aac021,
הבטיחות,,Politics,Politics,hbtykhvt,4de54605abbbf12e831c3cee455a5bc9,
חברי הכנסת,,Politics,Politics,khbry hknst,0f24077e817724d6e9c3466269f2671f,
חברי כנסת,,Politics,Politics,khbry knst,8fee3a20ab7ac5c4b77e47cb340912b2,
שאלימות,,Politics,Politics,shlymvt,39a377e381c9166482fdf133ac75af56,
הקונגרס,,Politics,Politics,hqvngrs,3334534cdac2b92f2166c3b659ebbcea,
הכנסת,the Knesset / to the synagogue,Politics,Politics,hknst,9bb6bc8b8e2d37cf041b9e1dd05051ca,
אסטרטגיה,,Politics,Politics,strtgyh,d585eb8452acc1ab56f4017d704b9589,
מתקלח,,Verbs: Present Reflexive - Hitpa'el,Verbs:-Present-Reflexive---Hitpa'el,mtqlkh,6fae41ae53e0788b323381518a557278,
מתחזקים,,Verbs: Present Reflexive - Hitpa'el,Verbs:-Present-Reflexive---Hitpa'el,mtkhzqym,4b817bec30df08d278a775a512e9838c,
מתאושש,,Verbs: Present Reflexive - Hitpa'el,Verbs:-Present-Reflexive---Hitpa'el,mtvshsh,2a71492090d3009ac607dd2a4337e26f,
משתכרת,,Verbs: Present Reflexive - Hitpa'el,Verbs:-Present-Reflexive---Hitpa'el,mshtkrt,660ae5541ccc53dc41bbb07b5f2b5c0e,
מתחבר,,Verbs: Present Reflexive - Hitpa'el,Verbs:-Present-Reflexive---Hitpa'el,mtkhbr,c8b41b6e6c7e23414499d0ba49a06613,
ומתחזקים,,Verbs: Present Reflexive - Hitpa'el,Verbs:-Present-Reflexive---Hitpa'el,vmtkhzqym,56e543ee9851514e527436b876d53a1a,
מתמודד,,Verbs: Present Reflexive - Hitpa'el,Verbs:-Present-Reflexive---Hitpa'el,mtmvdd,09e96908a934a17cb6ce0ae651a14bc2,
מתבלבל,,Verbs: Present Reflexive - Hitpa'el,Verbs:-Present-Reflexive---Hitpa'el,mtblbl,557251fa043f008188a0e4c52dd9e451,
מתגעגעת,,Verbs: Present Reflexive - Hitpa'el,Verbs:-Present-Reflexive---Hitpa'el,mtg`g`t,e89ccf974407cb22882a2e54e879ac9f,
מתמודדת,,Verbs: Present Reflexive - Hitpa'el,Verbs:-Present-Reflexive---Hitpa'el,mtmvddt,9fcfe5847f7c2d1def593cc87a4dae25,
מקנא,,Verbs: Present - Pi'el,Verbs:-Present-2,mqn,3dc57c856134ead33e2d1d0376a83ea1,
מקנאים,,Verbs: Present - Pi'el,Verbs:-Present-2,mqnym,6f368091ee4e6530551ce221a6a91cc1,
משלמת,,Verbs: Present - Pi'el,Verbs:-Present-2,mshlmt,8ff9e76067ef8070f1ec94add2930846,
משנים,,Verbs: Present - Pi'el,Verbs:-Present-2,mshnym,eeb0c72ff3c34899e178ed6865de4dcf,
מברכות,,Verbs: Present - Pi'el,Verbs:-Present-2,mbrkvt,73989ad6375a4db8c66c1478fa41dba9,
מבזבזת,,Verbs: Present - Pi'el,Verbs:-Present-2,mbzbzt,90a0067c5d993e84496aadb2d9c0f615,
מחדשים,,Verbs: Present - Pi'el,Verbs:-Present-2,mkhdshym,63fbbde8e579e4798c54e6f1dc128e52,
מחדש,,Verbs: Present - Pi'el,Verbs:-Present-2,mkhdsh,540703361f687bf80f2d992fc53b785f,
מאמצת,,Verbs: Present - Pi'el,Verbs:-Present-2,mmtst,c2d63c9936a2c6d8689b06a6b89b90ec,
מגלחות,,Verbs: Present - Pi'el,Verbs:-Present-2,mglkhvt,2ccae57f1b0dbe3a58f193edf01e79f5,
מברך,,Verbs: Present - Pi'el,Verbs:-Present-2,mbrk,365afbe0a4b9e5a78410134564cb2fec,
מגלח,,Verbs: Present - Pi'el,Verbs:-Present-2,mglkh,dfe9aaa444e94b7c333b17991f7e992d,
משנָה,,Verbs: Present - Pi'el,Verbs:-Present-2,mshnah,0748fcf3b818d49f2e439e6adc18c470,
אפרסקים,,Verbs: Present - Pi'el,Verbs:-Present-2,prsqym,fcd449790fc5ced46197b6f091a1249c,
הנכדה,,Family,Family,hnkdh,e698bc81f85034bc0c4816c198b3dc6a,
לנכדה,,Family,Family,lnkdh,b06285942b00b78fb3df8a82f7f95683,
נכדה,granddaughter,Family,Family,nkdh,5869fb81f0f9e12fc13eb2c3a720a3e2,
אחים,brothers / siblings,Family,Family,khym,eaafe706daba5910fcf9f2d483c6793c,
בן דוד,,Family,Family,bn dvd,478334f7535a7c2b92198fa22f6cf83f,
אחייניות,,Family,Family,khyynyvt,da5cb9f0ed86a04c95c095685336fc2c,
הדוֹד,,Family,Family,hdvod,29a8625ea2382429bb668cbde2e3da8d,
נישואין,,Family,Family,nyshvyn,95bf34329840ff3c60cbbe58671fd630,
ההעלאה,,Technology and Communication,Tech-and-Comm,hh`lh,741d35c74b51c57b5090860c19eb6124,
הבלוג,,Technology and Communication,Tech-and-Comm,hblvg,219ab2c606dd810831001b513df02183,
נתונים,,Technology and Communication,Tech-and-Comm,ntvnym,af2cc311cf7b91ecceaa82d3c7b6931d,
בקובץ,,Technology and Communication,Tech-and-Comm,bqvbts,37d4b1e2c753c41825f6f3504c5b07e2,
מורידים,,Technology and Communication,Tech-and-Comm,mvrydym,6a33a97d826f16e95ddda077c6d6fb59,
מכבים,,Technology and Communication,Tech-and-Comm,mkbym,91f94be7ba5d81265304ff1a83890c97,
הנתונים,the data,Technology and Communication,Tech-and-Comm,hntvnym,b27454bf65dd9ba1cb3ceec3cec974b7,
הגלויה,,Technology and Communication,Tech-and-Comm,hglvyh,78f133ff59df9ba09fa93c051b662361,
בקבצים,,Technology and Communication,Tech-and-Comm,bqbtsym,813a07674df30e35a43178872e930cd1,
בלוג,,Technology and Communication,Tech-and-Comm,blvg,d46fe4975fc134e8d2ff02725c363b1c,
גלויה,,Technology and Communication,Tech-and-Comm,glvyh,e5e07f1358f7a686bf2f72159dd12e71,
לכבות,,Technology and Communication,Tech-and-Comm,lkbvt,99caaab2424528f1fdea4eb77d52b2a8,
פחות,less / minus,Numbers 1,Numbers-1,pkhvt,eccff0f24313f7a1860ff756abad8e54,94fda9b193a21347ea931dca4fd04c6f;5709b128c7d602ecececa8b27783f0e5
תשע עשרה,,Numbers 1,Numbers-1,tsh` `shrh,b3a224ae03245f319add0d4ef335d2d1,
מתשע עשרה,,Numbers 1,Numbers-1,mtsh` `shrh,23fc2196729f4f3c83521ced24be8faf,
שניים עשר,,Numbers 1,Numbers-1,shnyym `shr,c74ad625b937f027166f80cd19a95d6d,
שלוש עשרה,,Numbers 1,Numbers-1,shlvsh `shrh,206adc716646c692d60824ffe9df7674,
חמישה עשר,,Numbers 1,Numbers-1,khmyshh `shr,cea8651ef27f94176421613e7326cd4b,
שבעה עשר,,Numbers 1,Numbers-1,shb`h `shr,c9a13186ec105762687519ccb7ff440d,
שמונָה,,Numbers 1,Numbers-1,shmvnah,c669c3a6ba19ec7b8fa613ea42f8d1c7,
ארוחת בוקר,,Construct State 1,Construct-state-1,rvkht bvqr,1ea42bb69ca5ad4d275d6506faa01720,531bda8b811f25e6b46d680f95cd0240
בתי כנסת,,Construct State 1,Construct-state-1,bty knst,09db0a26b492725e98266d773df9ffe5,
בחדר האורחים,,Construct State 1,Construct-state-1,bkhdr hvrkhym,c72cdce6c44ff523581738c8f2b252ba,
בתי הכנסת,,Construct State 1,Construct-state-1,bty hknst,24462a81ebce15b32a9967de133ebbd4,
בתי החולים,,Construct State 1,Construct-state-1,bty hkhvlym,b1eb81017d3c97319deeef61d38ccf65,
שרק,,Construct State 1,Construct-state-1,shrq,7e3f650430012ff1614f47293c61b96b,
לכמה,,Construct State 1,Construct-state-1,lkmh,0c24eb8936277ff915ecc4ccbeca543d,
עוגות שוקולד,,Construct State 1,Construct-state-1,`vgvt shvqvld,14011ee049100c5d71b81bbc173fb071,
ארוחת צהריים,,Construct State 1,Construct-state-1,rvkht tshryym,4cb4d2953ad5522028481bdd606a5676,a526bc9fd95446ecbbb22ad853bacbdf
חדר אורחים,,Construct State 1,Construct-state-1,khdr vrkhym,79092c87deedfbac38b63ba306b75ddf,
ורוצָה,,Construct State 1,Construct-state-1,vrvtsah,a139ca55a8f4788a6c93387ea6e7e439,
ארוחת הצהריים,,Construct State 1,Construct-state-1,rvkht htshryym,b57b502a44c5328ceada41febed23285,
בתי המלון,,Construct State 1,Construct-state-1,bty hmlvn,4330809a64aba77323808f8e8b08cd0b,
מיץ תפוזים,,Construct State 1,Construct-state-1,myts tpvzym,03797f4dbb48b3d8f43a678cb8a60d67,
לִבנות,,Infinitives 2,Verbs:-Infinitives-2,libnvt,8a6ee743475f60e1fcabe42d655a50d6,
לסיים,,Infinitives 2,Verbs:-Infinitives-2,lsyym,62f933603c618b7dfb5eac3b3f735a92,
להסכים,,Infinitives 2,Verbs:-Infinitives-2,lhskym,8da7deb36bd112f30529834be5d169a8,
להרגיש,,Infinitives 2,Verbs:-Infinitives-2,lhrgysh,69458435efbac6c812c06328c8f1e698,
לפתח,,Infinitives 2,Verbs:-Infinitives-2,lptkh,64fc3bda6a3f1da927a06fdbe8a241fe,
לכסות,,Infinitives 2,Verbs:-Infinitives-2,lksvt,2946427ef28c231361cb0c807842dfe5,
לשבור,,Infinitives 2,Verbs:-Infinitives-2,lshbvr,e33bec7a9e22727820fa048319d3bbcb,
לסרב,,Infinitives 2,Verbs:-Infinitives-2,lsrb,b46de76e8eaad83d3016231871828360,
ארבעה,four (masc.),Numbers 1,Numbers-1,rb`h,bf001f8ebd371b63022d643a9405159e,
שמונה עשרה,,Numbers 1,Numbers-1,shmvnh `shrh,18e4775444dfcde6c2bbb2cda8bfc58e,
ארבע עשרה,,Numbers 1,Numbers-1,rb` `shrh,89a224f085ca398657d13f33da83af58,
וארבעה עשר,,Numbers 1,Numbers-1,vrb`h `shr,66a1fad71eb4f8076038c07a31715530,
ארבעה עשר,,Numbers 1,Numbers-1,rb`h `shr,3b2f24f1c6795d61c6f8395b9aeac1ea,
שתיים עשרה,,Numbers 1,Numbers-1,shtyym `shrh,a6394333cd0d1e3dabebff572dbff012,
שישה עשר,,Numbers 1,Numbers-1,shyshh `shr,32e6a3bd93d24a288032db2ec8fab9d0,
אפס,,Numbers 1,Numbers-1,ps,295fc9a8f09f1a2619f8dce860c5f72a,
בימים הנוראים,,Jewish Festivals,Jewish-Festivals,bymym hnvrym,cdefe977d9aaf7a16ffe051ddd71a67d,
שמחת תורה,,Jewish Festivals,Jewish-Festivals,shmkht tvrh,aaf809878c85d1d6ae0e8759d490e9ea,
המצה,,Jewish Festivals,Jewish-Festivals,hmtsh,e1c6fff35e591bdc80b25459ddb5f515,
סוכה,,Jewish Festivals,Jewish-Festivals,svkh,83224fcf83497b50f6ad8c893797c084,
הימים הנוראים,,Jewish Festivals,Jewish-Festivals,hymym hnvrym,1d9d2930536276b538e66ef3bd8e727a,
מצה,,Jewish Festivals,Jewish-Festivals,mtsh,b3e102eb85e0cd3327fbe78aaea1c4a3,
בשמחת תורה,,Jewish Festivals,Jewish-Festivals,bshmkht tvrh,49fabfdaf6180fbef97efc612160b8b5,
בפורים,,Jewish Festivals,Jewish-Festivals,bpvrym,eec92436dc684c3330626fdd39bc9214,
פורים,,Jewish Festivals,Jewish-Festivals,pvrym,1f91f32556934c021194cc0ead719859,
יום כיפור,,Jewish Festivals,Jewish-Festivals,yvm kypvr,156c778a9de8c454cd9e5ba2f2469775,
יציאת מצרים,,Jewish Festivals,Jewish-Festivals,ytsyt mtsrym,058c723ffd4f4905f19d4776d541c4b4,
מדוכאת,,Feelings,Feelings,mdvkt,0ebc7db305290407b9b6b91dce6d22e0,
מדוכא,,Feelings,Feelings,mdvk,c6e54b071400e59602d26408fa87bc10,
רגשות,,Feelings,Feelings,rgshvt,3167cd449db5c5c6160bc8c8329027cc,
בהלם,,Feelings,Feelings,bhlm,dd4851269cd3491eecbbfbad8d26d010,
ופגועים,,Feelings,Feelings,vpgv`ym,54ea6f1e1234ada1b55673079ed52f57,
חסר אונים,,Feelings,Feelings,khsr vnym,df9d89690bba4e8098da41572cf2e6da,
דוחֶה,,Feelings,Feelings,dvkheh,1148d14930a6b5918d06b2787e8b927c,
אופטימית,,Feelings,Feelings,vptymyt,230c975f954cb3deb4a8547b272f8f98,
דוחָה,,Feelings,Feelings,dvkhah,5a258967bee288dca822d8908a6fcb72,
הביישניות,,Feelings,Feelings,hbyyshnyvt,fe65bc7157e02cc43de39b79c2274238,
אופטימי,,Feelings,Feelings,vptymy,4a9ad0696399cd27517608ea81b098e7,
במחבת,,Objects,Objects,bmkhbt,23cf4f8716fc57a5cc63085f1d3d87d5,
המסרק,,Objects,Objects,hmsrq,f26122b344ca3ecf2a87f10581ba4e6c,
המטרייה,,Objects,Objects,hmtryyh,652be9f9b39109116add66389ab869f3,
מחבת,,Objects,Objects,mkhbt,a33edf9f3cff80dec1e17c8b5f877bdd,
השורש,,Objects,Objects,hshvrsh,09d3ed3aff0b90e5f305edd966e5c9eb,
ספלים,,Objects,Objects,splym,22783198534bf9dadeb3caee9e7d6ab4,
גלגלים,,Objects,Objects,glglym,ccddfa5a79abfb1b1aa7eb25dc755741,
מטרייה,,Objects,Objects,mtryyh,09dee0ded98c0f2b155d96b3e94bdc66,
הגלגל,,Objects,Objects,hglgl,d3738663f4521640966433f88cf36d58,
השורשים,,Objects,Objects,hshvrshym,e7c23fb20c56ce0f52b127460be75344,
הספל,,Objects,Objects,hspl,94a0de957444796ed7ff07430a6dc90d,
מחבתות,,Objects,Objects,mkhbtvt,e9ea3a59820cf2e38d757fe6e308bbdd,
שורשים,,Objects,Objects,shvrshym,40bdf952e09d6a6014981897761be697,
מסרק,,Objects,Objects,msrq,6f05a7acc3f984d060c49185b5ec35b4,
הפילון,,Diminutives,Diminutives,hpylvn,14202c367480d5206c9a1fb6cdb81b0c,
צלוחית,,Diminutives,Diminutives,tslvkhyt,020d9560cbbfd01710f25d839e1ec2f6,
המחשבון,,Diminutives,Diminutives,hmkhshbvn,b292ed9a5b81acfb6d396344eb52b909,
מגבון,,Diminutives,Diminutives,mgbvn,e0f77f3404704b9897ca007c3a2ae1f1,
דובונים,,Diminutives,Diminutives,dvbvnym,1c3b8de5b34dacad9a943aadf4cd9327,
הגחליליות,the fireflies,Diminutives,Diminutives,hgkhlylyvt,b939dd0ee5d22123ff326a894636adc5,
החזרזירים,,Diminutives,Diminutives,hkhzrzyrym,325bd6c5b0d12a104090c508eb25da5c,
הדובון,,Diminutives,Diminutives,hdvbvn,22fe6f9beee74d9374a7b40357f54b12,
גחלילית,,Diminutives,Diminutives,gkhlylyt,321d948fe1942d5bbf3aee1eefeb7e3f,
למגבונים,,Diminutives,Diminutives,lmgbvnym,b00203d198d9258f56be89cdb1f0536f,
הספרון,,Diminutives,Diminutives,hsprvn,97ca382f42852ff5301be87cbf533893,
חזרזיר,,Diminutives,Diminutives,khzrzyr,08a20da8a3fefbe6720480c0064da0ad,
לפילון,,Diminutives,Diminutives,lpylvn,da2eca86a9e63a97fcde000f8d7f200c,
נכס,,Places,Places,nks,ac1630a8f9d3eafec30653d1d857d6c9,
ימין,,Places,Places,ymyn,41c5be043b8329c45971cdb2df9d5ba7,
שמאל,,Places,Places,shml,8eb3686515ab3b1131414268bb2eb872,
קדימה,,Places,Places,qdymh,454a8b446a0b24ca3b925980346d9b2b,
בפינה,,Places,Places,bpynh,80a7617c1b354e393ccd852b623b7ee7,
פונָה,,Places,Places,pvnah,3773e82d138c9ac52d6d5b865cf7f5e9,
הכנסייה,,Places,Places,hknsyyh,48cd402eb38f4e6b96f946d8e4b3366d,
הנכסים,,Places,Places,hnksym,e5bdda496510c02b8c3aaeb80dd211d8,
הפינה,,Places,Places,hpynh,e6376b56ead98ab6e9342b807d57b05d,
הימין,,Places,Places,hymyn,ce7f3c5d4fe3357e8e7a4928c97bc805,
הקהילה,,Places,Places,hqhylh,bf0d8fa0b4cfc66f316f00b3450cf354,
שמאלה,,Places,Places,shmlh,b631f942a4e64dd25385f14db224d4fe,
משמאלךָ,,Places,Places,mshmlka,896a3b08fc24d491bfb45980ed199853,
התפילה,,Religion,Religion,htpylh,5d361f07ecf60dadab6f8b6573bd0ed9,
האמונה,,Religion,Religion,hmvnh,eb14a2dc3679122df684630187170095,
לאמונה,,Religion,Religion,lmvnh,9c1727d89914925795e625b9ac265e94,
באלוהים,,Religion,Religion,blvhym,df78d20df36c0306f1fd2ae3ee8cf25a,
כיפת הסלע,,Religion,Religion,kypt hsl`,5dd6a8b14864f92a3b058e11ac3562f2,
הר הבית,,Religion,Religion,hr hbyt,04bc54f9e2b47a93cbce4ce540ba358e,
הר ציון,,Religion,Religion,hr tsyvn,06eea49ac19633c3219d990e55623ced,
בהר הבית,,Religion,Religion,bhr hbyt,8bf014741b758538e67d732818ecfe56,
בודהיסטי,,Religion,Religion,bvdhysty,303ac963cfb5ac7eb5bc0a2406f6ec80,
ביהדות,,Religion,Religion,byhdvt,f0f64db4fef22ce3bbc19d228457f92d,
היהדות,,Religion,Religion,hyhdvt,3ec25f5948a23e079aefef27475056d6,
האלוהים,,Religion,Religion,hlvhym,28f93cd4876eec648088c2fa02e369d6,
חלקי,,Numbers 2,Numbers-2,khlqy,4d237115d7839c78d7000c5187f0d1bd,
מיליון,,Numbers 2,Numbers-2,mylyvn,200765bd7cb2b01c425cb12c8960d8bb,
זוגות,,Numbers 2,Numbers-2,zvgvt,2d008645c68b126e5016731e6863d4a3,
מיליונים,,Numbers 2,Numbers-2,mylyvnym,6b16d509affae04bf27299a9d981321e,
מאתיים וארבעה,,Numbers 2,Numbers-2,mtyym vrb`h,0c67908f89208c8d9e4809b30aea3fc8,
מאתיים עשרים וחמש,,Numbers 2,Numbers-2,mtyym `shrym vkhmsh,50dfdd49c528a6a6287366e1d11c2f3f,
שלוש,three (fem.),Numbers 2,Numbers-2,shlvsh,f39ddad7e8c54310516b6f4534cd386f,
שלושת,,Numbers 2,Numbers-2,shlvsht,e7203831368150c31e6c59a18de44ea5,
משבע,,Numbers 2,Numbers-2,mshb`,59aee3ffeac7fb39fdffea1d103bd340,
מופיעים,,Verbs: Present - Hiph'il,Verbs:-Present-3,mvpy`ym,a4dccd35277eebe1337748399a253de1,
מפיק,,Verbs: Present - Hiph'il,Verbs:-Present-3,mpyq,93673e6952c1d35ba7b79cf7905c2686,
מפיקים,,Verbs: Present - Hiph'il,Verbs:-Present-3,mpyqym,2adb46636eb61ea7a8327eb9da278d2f,
מניח,,Verbs: Present - Hiph'il,Verbs:-Present-3,mnykh,0394531196f23e8130e7ce26badcf24e,
משכיר,,Verbs: Present - Hiph'il,Verbs:-Present-3,mshkyr,9e807e68ae56eff46e9e038b4c0d4417,
מאזין,,Verbs: Present - Hiph'il,Verbs:-Present-3,mzyn,33c7a93ca4d6b4fdf0c4b1e6af4e3e9d,
משכירים,lease / let / rent out,Verbs: Present - Hiph'il,Verbs:-Present-3,mshkyrym,bf0d8a381ed322fa2d02327d06a976c3,
להעביר,,Verbs: Present - Hiph'il,Verbs:-Present-3,lh`byr,2bef3087da3ed97aae335548993c8731,
מופיע,,Verbs: Present - Hiph'il,Verbs:-Present-3,mvpy`,64ad2380544a3f9581219a189308a66a,
להציע,,Verbs: Present - Hiph'il,Verbs:-Present-3,lhtsy`,b699de66d3e0c132368ee3603db0e9e6,
מודים,,Verbs: Present - Hiph'il,Verbs:-Present-3,mvdym,26ed6a119724ad2bca8006795afca393,
מודֶה,,Verbs: Present - Hiph'il,Verbs:-Present-3,mvdeh,df4bf6ae3aeb9e2e8f83c322fc65e3d1,
עליו,,Modals,Modal,`lyv,6c053dbb88800c42a00b465182352d36,435d4847da57b1713730ac4b5881c76c
המטרה,,Education,Education,hmtrh,1bb395eb324c38fd9d6074b66111b777,
הכנה,,Education,Education,hknh,a5ac9ddb1f88ecf0a1e10ad7ba5323df,
קורס,,Education,Education,qvrs,cefb1c77e080099f729e53b9f431d3b9,
מטרתנו,,Education,Education,mtrtnv,8f2f52e7a05cc24e6216bde611f96d64,
קורסים,courses,Education,Education,qvrsym,87966c3fec824527b84bd0888ba64490,
ההכנות,,Education,Education,hhknvt,f1194a77912efe7b55ee9739938c9be4,
שנקרא,,Nif'al Construction,Nifal-Construction,shnqr,62ff84d7b1d8f34b07a816c3d63b36b5,
נפגש,meet / meet up / met,Nif'al Construction,Nifal-Construction,npgsh,9cdc4737efbe7b501d8064e3052386dc,
נעלמת,,Nif'al Construction,Nifal-Construction,n`lmt,399b484c46f00bda05c8ad17fd2599b6,
נסגרת,,Nif'al Construction,Nifal-Construction,nsgrt,8fcfe20f6da78f4e23e9597152286477,
הקודם,,Nif'al Construction,Nifal-Construction,hqvdm,8b4daee534482ffb79269d7db8d68b3f,
נסגרות,,Nif'al Construction,Nifal-Construction,nsgrvt,ead4daf9c7271ff1756e5fb6ac48acd0,
נהנה,enjoy / enjoys,Nif'al Construction,Nifal-Construction,nhnh,c55d7c8f0ec95d5d2f0f630f1956e23d,
נקרא,is called / is read / was named,Nif'al Construction,Nifal-Construction,nqr,9b8b24dffe3981e607f692facea37ff0,
נכשלים,,Nif'al Construction,Nifal-Construction,nkshlym,6d98980712edcfbc79c78f931dce3f27,
הקודמת,,Nif'al Construction,Nifal-Construction,hqvdmt,69b8ff254b0767e8ac2ddb59004e2793,
נעלם,,Nif'al Construction,Nifal-Construction,n`lm,40840290445f4dc47993f0648049c508,
נשמעות,,Nif'al Construction,Nifal-Construction,nshm`vt,bde080d81018ca975adf5f2bfe6071fb,
מדברים,are talking / speak / talking,Determiners,Determiners,mdbrym,907b5ac9c8b34227015c0e840428f9bb,
דובר,,Languages,Languages,dvbr,8ca4a145592722c23cbd3eeaddbac356,
משפטים,,Languages,Languages,mshptym,9715c87f3311d1f47824533ddd3361d3,
בבלשנות,,Languages,Languages,bblshnvt,0a7fcfc601a26f61f67397899ce71544,
המשפט,,Languages,Languages,hmshpt,2b6dacbc81ebe3aeaedfe418594c08d0,
מילון,,Languages,Languages,mylvn,5002c1e00d835d556adc6ab0492636ac,
בלשן,,Languages,Languages,blshn,1712793076636826a89c3e17561604fa,
בלשנות,,Languages,Languages,blshnvt,b8af64699bfdae71c73a60e13d46300f,
דוברת,,Languages,Languages,dvbrt,d4c7566947afd81564ba5451ee15e36a,
אירית,,Languages,Languages,yryt,604f120ac2c745acef31e5d214080a26,
הונגרית,,Languages,Languages,hvngryt,16d37dafd52028b05c227b7108d50b73,
צ'כית,,Languages,Languages,ts'kyt,a9a67f1d42a0f4c5e99c9de4c5ed502b,
במילון,,Languages,Languages,bmylvn,dd544906029726440962197606540bc8,
בני,,People,People,bny,2877973f8deb361ba1651bfc7113ec9a,
בנות,,People,People,bnvt,6e0532459fdb38c3c1758bf487db33e5,
צרפתים,,People,People,tsrptym,8656fbd8960b42176d8d008696baadb8,
חבֵרה,,People,People,khberh,ae2d2db1f7a54665cfc8d9855b14c5bb,
צרפתי,,People,People,tsrpty,9e365b7732a9cbdb40f5c863484f9386,
הציבור,the public,People,People,htsybvr,e39822b19712152e01f988486835acf0,
מערכת היחסים,,People,People,m`rkt hykhsym,3f914368875ad22128932e5abaa1b0b5,
המהדורות,,Science,Science,hmhdvrvt,66584426fa4135445b62997d8f0a3fb5,
תאי,,Science,Science,ty,cda9d7cd40a0c9fd82567133c61379be,
מהמהדורה,,Science,Science,mhmhdvrh,dc366dfe94a726755f8443fdf670cb49,
במעבדה,,Science,Science,bm`bdh,2e9c1297aa8a95036dbfe099e0486248,
וטון,,Science,Science,vtvn,4760b64d58b0f3e2ce89d4bb44eea9e3,
גיאוגרפיה,,Science,Science,gyvgrpyh,e48c9a5006d7038df4f21aa1ddcab377,
מד החום,,Science,Science,md hkhvm,8554896e3f7804a34c0b7fa27413f14c,
המעבדה,,Science,Science,hm`bdh,ea97b4da420c36fcbea823b57a5d7f34,
תאים,,Science,Science,tym,d66a62f30ed4c4626e67a8e5e87a86cc,
נוסחאות,,Science,Science,nvskhvt,48723f8f537b68bed834608e955a8093,
למעבדה,,Science,Science,lm`bdh,f89f0d698290922096502b4dcec1b1ff,
הנוסחה,,Science,Science,hnvskhh,2b7572de750ac54972d31500f9381bb5,
מדי חום,,Science,Science,mdy khvm,1dab97181797deea70126fe871c402f2,
מגביר,,Science,Science,mgbyr,02530c1ab070f07c62777a001b1cbcdd,
המחזור,,Science,Science,hmkhzvr,a51185ee3b6642b08157e5c82a919bc6,
הגודל,,Science,Science,hgvdl,23424186f8e4680feffc2d1e0ecd2ffb,
כוח משיכה,,Science,Science,kvkh mshykh,ddae8d9373ccce149f3351ec9279ac79,
גודל,,Science,Science,gvdl,0dffe8038b5700ec1a309b952d283bac,
ביולוגיה,biology,Science,Science,byvlvgyh,1e0337ab1320b34dab1ddeb5b43abca6,
הכימיה,,Science,Science,hkymyh,f846bf5abd7710a6b5ccb4802201cde5,
בביולוגיה,,Science,Science,bbyvlvgyh,3d426d1053b1561b5008225d9a446a6e,
מהירות,fast / speed / the speed of light / velocity,Science,Science,mhyrvt,481299e4988b137a3a94fee754e770e1,
דגימה,,Science,Science,dgymh,77e691198ebd04041ab39f1ea6a7ec52,
גרם,,Science,Science,grm,a779d10afc2b0b3eb844af93b2841c67,
מחזור,,Science,Science,mkhzvr,721ae86166ff290b81d67598c14470db,
וכימיה,and chemistry,Science,Science,vkymyh,521f4859ee53c3d9f22cc24334863d53,
ממהירות,from the speed / from the velocity / the speed of sound,Science,Science,mmhyrvt,abd7b4942c66ecf5efbe820595cf6f7b,
שטים,,Travel,Travel,shtym,80d14cee6c37befcafab5050bfd3a5be,
דלק,,Travel,Travel,dlq,6d3fcad4d596eeff0fcb1869bbefea4d,
קו,,Travel,Travel,qv,a9f9bf3d164db863746d2f1378ad75c0,
האופנוע,,Travel,Travel,hvpnv`,1ce8f82830fffc05c74011df92fc720f,
הרכב,,Travel,Travel,hrkb,58bacf850ff2a4d1ee38cf2d4dd3cf07,
קווי,,Travel,Travel,qvvy,a32a070167e80807af9790dfd82a92e4,
הטיסה,the flight,Travel,Travel,htysh,523b9b69dc850a76edd4cf58f54b5082,
טסים,,Travel,Travel,tsym,03c47870abb5460cac251842bf86e617,
תחנת רכבת,,Travel,Travel,tkhnt rkbt,561f01d8a2aba94c5027d4135d611ecf,
אופנוע,,Travel,Travel,vpnv`,2c6114774cc437c89c55b45a34259b9b,
חשיבות,,Abstract Objects 2,Abstract-Objects-2,khshybvt,84880b2850b7755a6a85d3767a17a55b,
חושים,,Abstract Objects 2,Abstract-Objects-2,khvshym,e257cdf3faaa3c1d7f3290d026093bb8,
אופי,,Abstract Objects 2,Abstract-Objects-2,vpy,1a9982c5ea6f706ae38418508f3b0ad2,
הטובה,,Abstract Objects 2,Abstract-Objects-2,htvbh,71e99c346b185ec26ddd17fd9074f087,
הניצחון,,Abstract Objects 2,Abstract-Objects-2,hnytskhvn,0258e3f57e5c05d1c2414e33b09fc7ad,
טובה,a favor / best / favor / good (sg. fem.),Abstract Objects 2,Abstract-Objects-2,tvbh,addcf94533987cba0dc03c248a4b83ea,
תשומת הלב,,Abstract Objects 2,Abstract-Objects-2,tshvmt hlb,fb969489fe4cd05f284c70a385ad486a,
החשיבות,,Abstract Objects 2,Abstract-Objects-2,hkhshybvt,9c2cfdeb1d37dfc2f964fa0262d545e6,
זהויות,,Abstract Objects 2,Abstract-Objects-2,zhvyvt,a0f622f65cc555c0f78cdaa7e5241e8e,
הסמל,,Abstract Objects 2,Abstract-Objects-2,hsml,7420d063f8baadc9dcecddac989a15cd,
לניצחון,,Abstract Objects 2,Abstract-Objects-2,lnytskhvn,ca1ae1ae294c884c7281198c0cef6175,
לגעת,,Infinitives 1,Verbs:-Infinitive,lg`t,fcc3af7c6732fc21629b42e786f5c0bd,
לשים,,Infinitives 1,Verbs:-Infinitive,lshym,1edebd1e3d166dbc0c77ce6287d7c7c7,
לשלם,,Infinitives 1,Verbs:-Infinitive,lshlm,e39e4e31d0424220a4619a23401cd39e,
לסבול,,Infinitives 1,Verbs:-Infinitive,lsbvl,6a50b553dc654cbe69c2a67d47d9c38f,
ישאר,,Future Nif'al,Verbs:-Future-Nifal,yshr,65d7fa84659a5b0650beac523a07912d,
אאבד,,Future Nif'al,Verbs:-Future-Nifal,bd,a20d080503ebd0e9ec10be4d37f60ff5,
יאבדו,,Future Nif'al,Verbs:-Future-Nifal,ybdv,789e35694c276f160dbb86a17f103238,
שימו,,Imperative 1,Imperative-1,shymv,7798fb18e9c3ff71bb9712280d833eb9,
עצור,stop,Imperative 1,Imperative-1,`tsvr,4764276c52215752a4d93dcc0b618120,
שים,,Imperative 1,Imperative-1,shym,b88b2f5f32e500795df46fb5f4bebb54,
ערבבו,,Imperative 1,Imperative-1,`rbbv,e37450d79a1eba916216a6aa7bb5c588,
האמֵן,,Imperative 1,Imperative-1,hmen,16ccd8ecd9e613b691d1f87bf814e478,
ערבב,,Imperative 1,Imperative-1,`rbb,eeb55ae2a92040e6a5dfa79b17987481,
דבר,a thing / speak (imp.) / thing,Imperative 1,Imperative-1,dbr,303f6fb59a24635ea4e03ef530cd2cd6,
עצרו,,Imperative 1,Imperative-1,`tsrv,79432752f7b8eb1b55bf410113fa1df7,
וצפו,,Imperative 1,Imperative-1,vtspv,e770133aa0f700b2f305f687a7741695,
למדי,,Imperative 1,Imperative-1,lmdy,5646828c9ae6ba8786b89864e57d9611,
סמן,,Imperative 1,Imperative-1,smn,2b31653e413e7297870cce1ca3ab078e,
משרד ראש הממשלה,,Construct State 2,Contruct-State-2,mshrd rsh hmmshlh,588768896f7ae86e94625cca1f21b816,
שעוני עצר,,Construct State 2,Contruct-State-2,sh`vny `tsr,d34c256c1e42961a4aa96f9ef3bca2cd,
נהג המונית,,Construct State 2,Contruct-State-2,nhg hmvnyt,2c8d48606ecdfad213b61a609d4c9494,
מגדל השמירה,,Construct State 2,Contruct-State-2,mgdl hshmyrh,39a42c3985f7f77e3c23e50b8847e4e1,
סכין גילוח,,Construct State 2,Contruct-State-2,skyn gylvkh,a9634770c416fa0c2bc52be1cfa4399e,
ארגז הכלים,,Construct State 2,Contruct-State-2,rgz hklym,db1249bf25629380d6fba18c82f4b554,
במגדל השמירה,,Construct State 2,Contruct-State-2,bmgdl hshmyrh,4d46ae4bc69cca64ebc39503a43f4757,
סכין הגילוח,,Construct State 2,Contruct-State-2,skyn hgylvkh,b4c832205f1f2684ae750e65e39f4095,
פניית פרסה,,Construct State 2,Contruct-State-2,pnyyt prsh,f9f68d6e14f5467646b6e058d4f0b5b1,
נהג מונית,,Construct State 2,Contruct-State-2,nhg mvnyt,65ba853c71ac26911860abb57ef1d9db,
להפסקת האוכל,,Construct State 2,Contruct-State-2,lhpsqt hvkl,e1ae292d4a6e83f66819bf67286c8fb7,
פניית הפרסה,,Construct State 2,Contruct-State-2,pnyyt hprsh,c965b6c7f30380593dc2afde54c917d9,
קרובים,,Adjectives 1 - Basics,Adjectives1-basics,qrvbym,5ff5288f4dbc20efed521a32c5a94ae7,
קרובה,,Adjectives 1 - Basics,Adjectives1-basics,qrvbh,5f8ce3c4b3f76c2a5b29830dd2a90b68,
משטח,,Geometry,Geometry,mshtkh,83d440f22da627f12a2b01f5ebf6ed18,
קודקודים,,Geometry,Geometry,qvdqvdym,edba6b6eb2dc0b5b80acca62a9f3557c,
השטח,the area,Geometry,Geometry,hshtkh,69572c923437ecb90832d1dd215a6cfd,
הקודקוד,,Geometry,Geometry,hqvdqvd,80fa736dc04bdeb3b3e2451ed369241a,
בזווית,,Geometry,Geometry,bzvvyt,f2cad6a9eed4d5a52d986cb14a9eb461,
מקבילית,,Geometry,Geometry,mqbylyt,e04a4c8a68d5ec06e6ace9c1886687a2,
המשולש,,Geometry,Geometry,hmshvlsh,46863e271ec1cda2c2b95b76ae89d3f5,
למקבילית,,Geometry,Geometry,lmqbylyt,b3bbae8e5b8ef4c17af193e9c818c500,
טריגונומטריה,,Geometry,Geometry,trygvnvmtryh,1df08865949a41e0bfa8d99db4954c75,
ריבוע,,Geometry,Geometry,rybv`,18dd494ed63ba28740cb31b6f39ff816,
הזווית,,Geometry,Geometry,hzvvyt,767256fc1219380e9f91d39aa2270c12,
צלעות,edges / edges (geometry),Geometry,Geometry,tsl`vt,c8a45f5e0f900173fc5932c7e74370cf,
יספר,,Future 2,Future-2,yspr,416f76d1c3b64ee820b5beee1951718c,
אציע,,Future 2,Future-2,tsy`,fe902553a21a220bd62d75077178d234,
יעזרו,,Future 2,Future-2,y`zrv,7aec80f79e5b8750199c0589ccd9f2da,
יעצור,,Future 2,Future-2,y`tsvr,a754c1c4546e01fee9401de981c63b13,
יספרו,,Future 2,Future-2,ysprv,6578ab6c2adc56463a6c924c066a45d5,
ונקווה,,Future 2,Future-2,vnqvvh,8c83d63f9b12eb03f4917a0c38dbd8ae,
אדע,,Future 2,Future-2,d`,9dccbeefe700935435dccc0b1ce83782,
תציע,,Future 2,Future-2,ttsy`,f61925e3e7bf6b80df8c2cfd1ee7e4f2,
אחכה,,Future 2,Future-2,khkh,aeed5b16885132382704605113445d41,
תדע,,Future 2,Future-2,td`,373fd353dbd2ee355035644f27ce2b87,
יקחו,,Future 2,Future-2,yqkhv,4c7f4c038f7ec520cdfe6543831a4c43,
הדוקטורט,,Education,Education,hdvqtvrt,924c3e6f09611c373599d63cd658d594,
לימודים,,Education,Education,lymvdym,92a9b5e458744165ef45086b00adf0df,
המרצֶה,,Education,Education,hmrtseh,0e103c77582d6fb9f1e12d0e848c4564,
לתרגל,,Education,Education,ltrgl,c80145b5d430a32a22accc97326f18e7,
הפרק,the chapter / the episode,Education,Education,hprq,2e776b7fa0777c8d598351fee03bfa9e,
הלימודים,,Education,Education,hlymvdym,2bff0be1663b2d9ef2db6fb281b51d95,
ידע,,Education,Education,yd`,bfbfa0f04195df3481a493a3ed297ca2,
דוקטורט,,Education,Education,dvqtvrt,153e02f0f114fd37e42a9d723632f6d6,
תואר,adjective / degree,Education,Education,tvr,44441e47093226438746102dabced95f,
המרצָה,,Education,Education,hmrtsah,fc467439f891d9e1a6cbd29b09b36331,
התואר,,Education,Education,htvr,11ab4762afa8204bb7bc6504aae852f7,
להחמיץ,,Infinitives 2,Verbs:-Infinitives-2,lhkhmyts,238d53c5c9a5a684c3e14dfc5f7ecd46,
להסביר,,Infinitives 2,Verbs:-Infinitives-2,lhsbyr,66b21d484181a50f7b22ad9b8eab0a55,
להגיש,,Infinitives 2,Verbs:-Infinitives-2,lhgysh,fadb8a81031b4c859066234cd56c3a3c,
להגדיר,,Infinitives 2,Verbs:-Infinitives-2,lhgdyr,3b9ec41ad4de212da7f8f802d8592ac2,
לענות,answer / to answer,Infinitives 2,Verbs:-Infinitives-2,l`nvt,a88f7b5f22e6f4f5195c65f89873108f,
לשפר,,Infinitives 2,Verbs:-Infinitives-2,lshpr,47a4dc2a6e8742ba8a3d9c025dfe10a0,
למות,,Infinitives 2,Verbs:-Infinitives-2,lmvt,b8809504d0f32d7ad2921465c2c5f8a0,
להאמין,,Infinitives 2,Verbs:-Infinitives-2,lhmyn,86f02968fb274329b9453ed6052a105b,
אוסטרלי,,People,People,vstrly,55939808e821c74055325d96f35f6568,
והבחורה,,People,People,vhbkhvrh,c277a6576b341c90a1302a0158aaa0e3,
ידיד,,People,People,ydyd,adc5e3b244b3389ac442bb58af4e9b80,
ידידות,,People,People,ydydvt,a74559bc77e0913786f312952192b8d4,
האוסטרלי,,People,People,hvstrly,6c9d27edf56865672cee915610831436,
בקרן,,People,People,bqrn,b193c9def80dd0758f8974a32bfcea5e,
הקרן,,People,People,hqrn,6dc8c33b27c718097fb557876685bfef,
הבחור,the boy / the guy / the young man,People,People,hbkhvr,e413c0f72b7a784d56dcbd2b281cd9ba,
בחורה,,People,People,bkhvrh,c7fa2908854553fbcdfe92d21e321436,
נערים,,People,People,n`rym,0b1bf5a9837ab9c9f9c0cfce75738f4d,
הקורבן,,People,People,hqvrbn,2bde4b4271fa54898f5ec7f94d759328,
לזה,,There is/To Have,There-is,lzh,59d3899fc4485d02dc06a17b8d4b3df5,
הסביבון,,Jewish Festivals,Jewish-Festivals,hsbybvn,1749b42c97cdf1b801d02184f227ef7e,
לחגוג,to celebrate,Jewish Festivals,Jewish-Festivals,lkhgvg,f79b0d4036800f9fb7b6e02faaf94621,
סביבונים,,Jewish Festivals,Jewish-Festivals,sbybvnym,e4b749e4da91374725da5834449e2552,
ראש השנה,,Jewish Festivals,Jewish-Festivals,rsh hshnh,43a057a0eb785e914c9bcf6a15682165,
בתשעה באב,,Jewish Festivals,Jewish-Festivals,btsh`h bb,eee7bbc51b2dbdcfe8cb5bcfa36caefc,
הצום,,Jewish Festivals,Jewish-Festivals,htsvm,f769fc86e72d5a178519b0ed22e171ff,
ליל הסדר,,Jewish Festivals,Jewish-Festivals,lyl hsdr,a47a8ea083875a28bd4739b375a35efd,
צומות,,Jewish Festivals,Jewish-Festivals,tsvmvt,b89987873d01e907186e55a4230092c3,
תשעה באב,,Jewish Festivals,Jewish-Festivals,tsh`h bb,bcd7c0c5770fe5852ccda957d653c9b4,
חמישים,,Numbers 2,Numbers-2,khmyshym,4cffd83fe92218825d10ff0f6d5bc046,
נגדי,,Prepositions 1,Prepositions-1,ngdy,b73ab577791d15df21f3a9fdf2101bb1,
רציני,,Adjectives 2,Adjectives-2,rtsyny,98a9472b1aae0c9fa6565119fc88325e,
מההר,,Nature,Nature,mhhr,30e43df83c6f3e55c265a1abe6f8ed5e,
צלם,,Imperative 1,Imperative-1,tslm,ff43d2824cab6a03a021a2cdaa5ed8fa,71532ce4b4424b616044a5fb5c8d663d
כתב,,Verbs: Past Active 1,Verbs:-Past-Active,ktb,3a42ff9cfb5032937802435c9f52a464,
אמרו,,Verbs: Past Active 1,Verbs:-Past-Active,mrv,f69573a3a6395ebbea01db913835f921,
חומה,,Legends,Legends,khvmh,bfd5bc4e5f9b7f623d1912ab77f56068,
תורנו,,Abstract Objects 1,Abstract-Objects-1,tvrnv,077368d9313030c917773ea25d6a8994,
שרשרת,,Objects,Objects,shrshrt,ef46a01f2953ade682a6404b7d690b83,d51336546ed2159ac4cb3a4cd5611b1f
מצגות,,Education,Education,mtsgvt,8a5272fcf66f6fe289b3aeff951a65ea,
האהובה,favorite / loved,"Passive: Pa'ul, Pu'al and Huf'al",Passive:-Paul-Pual-Hufal,hhvbh,aa1ab3d8a7340f276d2e04e7f728b249,
העט,the pen,Education,Education,h`t,eed465abd0fdef03b9948bfe0534568b,
משמעות,,Education,Education,mshm`vt,5eb5ef0d16ba7278d37194bbbf069ccb,
אמורה,should / supposed,Modals,Modal,mvrh,9dbe318acd86b7ae95e65d5707936fdd,
יכולה,can,Modals,Modal,ykvlh,4551c8b93557809ff29cebf62879d9ae,
נדבר,we will speak,Verbs: Future Active 1,Verbs:-Future-Active,ndbr,fdeed6437b7be9bf865c403770f0ddc8,
מלחינים,,Music,Music,mlkhynym,980a10c11fe203be77b544d8e9368368,
התיאוריה,,Science,Science,htyvryh,35ee505e930ee529f0416e01472d6ded,
רציתי,,Verbs: Past Active 1,Verbs:-Past-Active,rtsyty,38257615f297b5f49899a84a146bbc71,
מאוהבים,,Feelings,Feelings,mvhbym,d9b73ab0fb508a08b20882be0f475826,
הזמר,,Music,Music,hzmr,aeff0bf9a6b50f8fdf6098e655fd56f6,
כינור,,Music,Music,kynvr,630d45f3e569fb580c9336eb8a453cea,
וכינור,,Music,Music,vkynvr,2ccc6aeb7bdd892812db85ea5b59cf72,
נשרפת,,Nif'al Construction,Nifal-Construction,nshrpt,bca26e84d3f2d3614dd70889e1393d0a,
לצבוע,,Colors,Colors,ltsbv`,b0f70e70ea72bbca363388a104fa9e27,
אליה,to her / towards her,Prepositions 2,Prepositions-2,lyh,ebcdb59c2e51ee62053f0bc3b8bf0829,d0f9a79a737d918d2aa706bb484b448b
החולָה,,Medical,Medical,hkhvlah,c6bedd2aa9c193790ee7d294cad42b06,
דבש,,Food 2,Food-2,dbsh,a1cdb5e8a45b131c1f9645446a15a4aa,
הסטודנטים,,Education,Education,hstvdntym,2a0bab0119526f39203d7ddff3fd2867,
ואוגוסט,,Dates and Time,Dates-and-Time,vvgvst,18e70f0dd3fa1ee57cdfc56e72566c40,
הנגב,,Welcome To Israel,Welcome-To-Israel,hngb,a804bb8194bfd06abb1c3b82f81a8be7,
משקה,,Food 2,Food-2,mshqh,c0aa4dbe95e572f3fde1fc9baee0d47e,
עוגייה,,Food 2,Food-2,`vgyyh,5392f92e2f6e732ec116f73bc6369ee9,
התלמידה,,Occupations,Occupations,htlmydh,6ef84699b2e0397336d3111db4062b46,
קשית,,Diminutives,Diminutives,qshyt,c7a4d233f7c93cca9b4d2fc543649d98,
סבתא,grandma / grandmother,Family,Family,sbt,e8f33d19b624c244a7986877c74ab9c2,
לילד,,There is/To Have,There-is,lyld,71986b34da75f701afb1fe367af7924e,
החוץ,,Politics,Politics,hkhvts,1a0b3f317762bdae9dbb98c044391c0d,
יום העצמאות,,Welcome To Israel,Welcome-To-Israel,yvm h`tsmvt,75cf0df9d9d74b770608d4b0c0860b81,
הבלאגן,,Welcome To Israel,Welcome-To-Israel,hblgn,323864d398a2c9d8fcd9d91c4d19bee7,
בקיבוץ,,Welcome To Israel,Welcome-To-Israel,bqybvts,b92d83c24d05c88c0031e88193617392,
שואלים,,Questions,Questions,shvlym,16d19f922d8189ec33fe8b8ef5b31b7f,
עשוי,liable / made / might,Modals,Modal,`shvy,5f266e130f5017e5669d373af75dbd2f,
חייבים,,Modals,Modal,khyybym,503056512c60e32418ce9e412d3af81f,
מהירוֹת,,Adjectives 1 - Basics,Adjectives1-basics,mhyrvot,bb1e32df88f817efddcaae3e003e66a2,
ישראלים,,People,People,yshrlym,b500e4981c74e46088162bff4e8b0d4d,
רצתה,,Verbs: Past Active 1,Verbs:-Past-Active,rtsth,ed388becdec160e0af6d1c22e7136f83,
שקיות,,Diminutives,Diminutives,shqyvt,efe37a8efde0b759cbefc70e438add78,
שומר הראש,,Construct State 2,Contruct-State-2,shvmr hrsh,ebc411245486738d45b7d4dc636df130,
מלפפון,,Food 2,Food-2,mlppvn,8d60e6f2e6f1435f195626dcdd929063,
המקום,the place,Places,Places,hmqvm,0b5065cf75eb6651613bec2b0351f325,
רוצות,,Food 1,Food-1,rvtsvt,0fae8f507c47b475bf688dce87cebae3,
איפה שאנחנו,,Conjunctions,Conjunctions,yph shnkhnv,7a90ad2f5c4bd6d156e194b300ee3e0c,
ואז,,Conjunctions,Conjunctions,vz,9f84813a61076dad4fb9e5044dcc7690,
חוץ מסגול,,Conjunctions,Conjunctions,khvts msgvl,5431d383dfa469c20278a64662463b81,
רומן,,Objects,Objects,rvmn,79bb6f13f7b9592de88b4e41ab93b65c,
גבוהה,high (sg. fem.) / tall (sg. fem.) / taller,Adjectives 1 - Basics,Adjectives1-basics,gbvhh,91dfa4a39ca00c12c95d97d02e04bae3,
אכולה,,"Passive: Pa'ul, Pu'al and Huf'al",Passive:-Paul-Pual-Hufal,kvlh,900c5719fc32415a2575e3728cf70944,
אכול,,"Passive: Pa'ul, Pu'al and Huf'al",Passive:-Paul-Pual-Hufal,kvl,0d93b80ae9c2564fd55177ae5824b28c,f1f3e0a582dc4c0628f166273c892c4e
האהוב,the loved,"Passive: Pa'ul, Pu'al and Huf'al",Passive:-Paul-Pual-Hufal,hhvb,e64a8d5c3c5533427017b120919dac0b,
המטופלת,,Medical,Medical,hmtvplt,257cbd2df60c8669110737474b990cf5,
העצמאית,,Adjectives 2,Adjectives-2,h`tsmyt,be85de0ee17f9c1f8dc13b92193433e8,
אמרתי,,Verbs: Past Active 1,Verbs:-Past-Active,mrty,338288ced3b204c155decc74fb4c4f2a,
אכלתי,,Verbs: Past Active 1,Verbs:-Past-Active,klty,5c492b88756a241c74334f4e9257208e,
שנשרף,,Nif'al Construction,Nifal-Construction,shnshrp,ef1ae95bc03bc801cc515ae10fd9022a,
נראַה,,Nif'al Construction,Nifal-Construction,nrah,8a8140b65361293f99553459d43f5a35,
נגרמים,,Nif'al Construction,Nifal-Construction,ngrmym,10f7b71883f3f450ef39e50efb8a7103,
מסעדתנו,,Possessives 2,Possessives-2,ms`dtnv,f36690d002a82d020c59f5731a981210,
נסגר,,Past Nif'al,Verbs:-Past-Nifal,nsgr,6c24640698d6f672b8fd4aa6f5f60421,
יבש,,Adjectives 1 - Basics,Adjectives1-basics,ybsh,9f8fa4ec39ac3115d0ba00eed351ed36,
מהירים,,Adjectives 1 - Basics,Adjectives1-basics,mhyrym,2edcb4abd38d6b61e6c6be9252724fde,
והתפוח,,Adjectives 1 - Basics,Adjectives1-basics,vhtpvkh,0ba7ec07a9ea882af9423f2e9e81def1,
קצר,,Adjectives 1 - Basics,Adjectives1-basics,qtsr,eea607f0974a0bd76025b095f55d0748,
חייב,,Modals,Modal,khyyb,c34b7dc718229094399e3f8b7ec0176e,
אפשר,,Modals,Modal,pshr,e1fe74d643d83729f32d34ade90922f0,
הילדות,,Plurals,Plurals,hyldvt,c22b5fd30c768e5714300b0029b2d36b,
נפתחת,is opened,Nif'al Construction,Nifal-Construction,nptkht,b3a345bb74f90ecdbddd09ca71e74654,
נראֶה,,Nif'al Construction,Nifal-Construction,nreh,fc97ab27d4d2265503e62249db8d54d3,
נפתח,,Nif'al Construction,Nifal-Construction,nptkh,9d6f5fb404e4a6661f2532a0d259cf8b,
סטודנטית,,Education,Education,stvdntyt,2fd36460423399a0bba5502183648cbf,
חסר משמעות,,Education,Education,khsr mshm`vt,d6e476f9a2ba65567e31fc4f3cab26dc,
השיעורים,,Education,Education,hshy`vrym,19d7d014ade6ec41bf175e5f2458ac8f,
קשיים,,Education,Education,qshyym,c37677cdf18968ac417b88837f5d273c,
המכון,,Education,Education,hmkvn,b406d2013967198098883a83c3ffa84f,
אהובים,,"Passive: Pa'ul, Pu'al and Huf'al",Passive:-Paul-Pual-Hufal,hvbym,aac24da879be814d92ef1bd1d4135fda,
המקובלת,,"Passive: Pa'ul, Pu'al and Huf'al",Passive:-Paul-Pual-Hufal,hmqvblt,bb4eeb0108f8df7e29b63a742ede7ffb,
מנוסָה,,"Passive: Pa'ul, Pu'al and Huf'al",Passive:-Paul-Pual-Hufal,mnvsah,7e96d0d3ea1342918239f3093d899276,
אהובה,,"Passive: Pa'ul, Pu'al and Huf'al",Passive:-Paul-Pual-Hufal,hvbh,86cedb10acf8fa8b5dc48d7ebbf54477,
ערפל,,Weather,Weather,`rpl,74abbec96bd72624795bfb9b109ca917,
ושתי,and two (fem.),Numbers 1,Numbers-1,vshty,aca5c0efc1553158c8b002f49e8ae20b,
הייתי יכול,,The Conditional,Verbs:-Conditional,hyyty ykvl,8d4a5282bf6c775678422eb7846e6e07,
היינו צריכים,,The Conditional,Verbs:-Conditional,hyynv tsrykym,2501fa58907123aa9e830e47c0f9cb72,
הקפה,the coffee / the coffee is,Food 1,Food-1,hqph,117961717dc1fc9526a0632dc1391876,
אל,to / toward / towards,Prepositions 2,Prepositions-2,l,c9896bcd1d8881bde9e7fd83573cd231,
אליכן,,Prepositions 2,Prepositions-2,lykn,8dbe235d7751daa0d75a4ee1cfc96f84,
התור,,Abstract Objects 1,Abstract-Objects-1,htvr,cb782526140a4a0798495cc516c64919,
קופה,,Animals,Animals,qvph,4a4dfa049f56c83099fffd3d0cb9e919,
הפרה,,Animals,Animals,hprh,38fdb3f887a2a92bb3380fab4031ec78,
שגויות,,Adjectives 2,Adjectives-2,shgvyvt,0bf353be9550e3c42ca8f2bd419bfe01,
אקרא,,Future 2,Future-2,qr,4cccbee328b2860f2529346878218fba,
שנלמד,,Future 2,Future-2,shnlmd,a76fb6651e03a98bf024e51981f66186,
מסדרים,,Verbs: Present - Pi'el,Verbs:-Present-2,msdrym,997a2db6d98dcf50441f1f1853aa2825,
יגיעו,,Verbs: Future Active 1,Verbs:-Future-Active,ygy`v,34c5a06ab9f1cba1b5c39f9dc58d0cbf,
נחמד,nice / nice (sg. masc.) / nicely / pleasant (sg. masc.),Adjectives 2,Adjectives-2,nkhmd,57dff6d7031c140a709dd6f9ad153dfc,
חזק,,Adjectives 2,Adjectives-2,khzq,f5947e98051f9daeec62080ff17841b7,
שגוי,,Adjectives 2,Adjectives-2,shgvy,40b42406d8b48366c68d1feccea10613,
עצמאיים,,Adjectives 2,Adjectives-2,`tsmyym,6787dcbe9b414fd2fe904264345c9586,
הנכונה,,Adjectives 2,Adjectives-2,hnkvnh,11ca9dcbb6ee32017e98227e86cf0835,
בלתי אפשרית,,Adjectives 2,Adjectives-2,blty pshryt,038bb883031be6ac0ab9f39e2838bb56,
מהילדה,,Adjectives 2,Adjectives-2,mhyldh,485a32c83ab676f33c800aeff1d8c075,
עשיר,,Adjectives 2,Adjectives-2,`shyr,e2f6676a687692843ea61f72b17bed69,
אַל תעמוד,,Negative Imperatives,Negative-Imperatives,al t`mvd,e18f399c8ab5fcbad07abf3c686f2cda,
נותנים,,Verbs: Present - Pa'al,Verbs:-Present1,nvtnym,93871632442b025e98709596004dbb40,
אומרת,,Verbs: Present - Pa'al,Verbs:-Present1,vmrt,166888cec509a8b3388f80a61d48ec9b,
מוכר,,Verbs: Present - Pa'al,Verbs:-Present1,mvkr,cfa45d6276f5a0da1c6eb70475a7b68c,
הפטרייה,,Food 1,Food-1,hptryyh,334e7110765e3651b1e6e05e3e9f4c4a,
בקר,,Food 1,Food-1,bqr,81e288d326541b4e323b62ff492fe027,
דג,,Food 1,Food-1,dg,c417a93e5a746f93e04a66a265931406,
וקפה,,Food 1,Food-1,vqph,e31dc5063ab552b5f8b0e3a94c89b517,
תיאוריות,,Science,Science,tyvryvt,99500a1bf44ea465a8632cfa195f1a83,
פיל,,Animals,Animals,pyl,d15da6625f8e240433ad4d9307af9a15,
הפילה,,Animals,Animals,hpylh,976df1eff55a6d6ac4a87e5fd514f247,
חמור,,Animals,Animals,khmvr,51d8b3d67d51bbacf8229b3cee48548c,
עכביש,,Animals,Animals,`kbysh,3cd81026439b037176f0fb90614ee342,
הפיל,,Animals,Animals,hpyl,adc73d5c717aeb28a26215bdaa97af19,
באיכות,,Science,Science,bykvt,5a6e7ff49d6fe0f97be3949040727172,
למחקר,to a research / to a study,Science,Science,lmkhqr,6451af2437f2b5d82abc82f1a0df78b5,
עתה,,Formal,Formal,`th,09a4da6a2ca12a7a9bb9fb2b0f0204e4,
חדשות,new / news (n),Technology and Communication,Tech-and-Comm,khdshvt,390a88b1b99ac3c5066ed75bde44e8e0,
באתר,,Technology and Communication,Tech-and-Comm,btr,b41664792efc0615ee7dbcafd7308d0a,
מעלֶה,,Technology and Communication,Tech-and-Comm,m`leh,8ae8b502386b98bab1bc803e2ddb3215,
האינטרנט,,Technology and Communication,Tech-and-Comm,hyntrnt,32d9494ad96604ec5cec4aee3ef7069f,
נדירים,,Adjectives 3,Adjectives-3,ndyrym,dc0cac28e7ff78060f8a9294bbee03f1,
דחוי,,Feelings,Feelings,dkhvy,dd5e57e1133d3759afbe59f4492c39f4,
שובבה,,Feelings,Feelings,shvbbh,690b360ad122071b24d32d53f3876e3d,
יישלחו,,Future Nif'al,Verbs:-Future-Nifal,yyshlkhv,dee5b9ce8e436f8ad2450d4a4af07410,
הירוק,,Colors,Colors,hyrvq,fedc29b56597114a8bd29fd3f6751346,
באיור,,Arts,Arts,byvr,21028ff66b7eb05e82361efa6c1b5262,
ישראלי,,People,People,yshrly,8184f3c72abc7e6673dd03344f56046a,
שביתת,,Politics,Politics,shbytt,d6023fbfd08ed2971eee5e2b2ca7ec9b,
פעמים,,Adverbs,Adverbs,p`mym,f80d556362be81a5deb6696556dddee2,
החיפושים,,Technology and Communication,Tech-and-Comm,hkhypvshym,803e459de664cccd1438e061f29f27f6,
סיסמאות,,Technology and Communication,Tech-and-Comm,sysmvt,56fefcba55ee76984f4c904e1d483e1d,
תכשיט,,Clothing,Clothing,tkshyt,4486f93e97c831795c782fdcee589126,
הכובע,the hat / the hat is,Clothing,Clothing,hkvb`,b1942161c3f96e9a7c4a9fd70d153d6c,
ילדיהם,,Possessives 2,Possessives-2,yldyhm,ce5f5d357d58efa61de5fd3fd824c280,
אבינו,our father,Possessives 2,Possessives-2,bynv,f16685b7df4358595c71fe472fb607f7,
סוסִי,,Possessives 2,Possessives-2,svsiy,d0dee21cc2f58f3fb3c8adda7c763632,
אביכם,,Possessives 2,Possessives-2,bykm,7c74df7f394d2529d4e38385c23ccf6c,
הארנק,,Objects,Objects,hrnq,7a3e503ca677a08070031d83e3733a32,
מצעים,,Objects,Objects,mts`ym,3fdd086d6d68295cfd7fea5fb8fce362,
שעון היד,,Objects,Objects,sh`vn hyd,ea912b9de2b60a032a3e29d2e5c0be09,
החפץ,the object,Objects,Objects,hkhpts,406320954cbaaa7bfae041b077cb2f06,
לפעילות,,Abstract Objects 1,Abstract-Objects-1,lp`ylvt,3a4181d28600aff55c10916bfee4501f,
תורי,,Abstract Objects 1,Abstract-Objects-1,tvry,bdadcd511b165152748d911594c75655,
סופי,,Adjectives 3,Adjectives-3,svpy,314f502f7eda95bd4795d65ca086e4d4,
נפלא,,Adjectives 3,Adjectives-3,npl,2510aeaf683a1578637c905ad9a726f0,
לידן,,Prepositions 1,Prepositions-1,lydn,1688407e5b2bcdf806de4496166355d2,
הנושא,the subject / the topic,Abstract Objects 1,Abstract-Objects-1,hnvsh,6e0536a93c31d058640f3b10fd237d8e,
למצב,,Abstract Objects 1,Abstract-Objects-1,lmtsb,495f3fb88673fbe467b05a681ed1adee,
בתורים,,Abstract Objects 1,Abstract-Objects-1,btvrym,bcf3b280443bf634ad6722049ceaf6ae,
דוגמניות,,Occupations,Occupations,dvgmnyvt,1fa53fd66b9ff6e985d3f47fb7621722,
המזכיר,,Occupations,Occupations,hmzkyr,16bdd7e184c2e4fce0932456cca684a1,
השופט,,Occupations,Occupations,hshvpt,7597760a7d47f8d7e016afb67c8aaf54,
עליהן,,Prepositions 2,Prepositions-2,`lyhn,c46daac999835cd58b9b4745345ec8ba,
אליכם,to you / toward you,Prepositions 2,Prepositions-2,lykm,608eb9767510d93aa2b88665c1cf07ad,
צהוב,yellow (sg. masc.),Colors,Colors,tshvb,83d41397489631ec43a57360ec4a1e3d,
כחול,,Colors,Colors,kkhvl,04130bccae024c36643197409546b7a8,
ורוד,,Colors,Colors,vrvd,b3773f471926a82613aea935b88f7b3f,
צבעוני,,Colors,Colors,tsb`vny,60e271a93007c2a87b414a6923d2aea6,
ירוק,green,Colors,Colors,yrvq,883eebbc743b1e1615462e4a81ab0314,
כחולים,,Colors,Colors,kkhvlym,fc294beb5428a45c0d843d7f5e86d27a,
העמוד,,Education,Education,h`mvd,964c22ee327a1f905a198a3ab7e3d795,
מכונים,,Education,Education,mkvnym,361b19b310cbc5168d5a3e2f530cdbd2,
שיעורים,,Education,Education,shy`vrym,df7af4abfe2f8716f0cc3802d9d024f7,
בשיעור,,Education,Education,bshy`vr,eeef6410796409c152800cc352683da0,
הקושי,,Education,Education,hqvshy,d516163e8a3f82c45bab9c2de085644e,
המשמעות,,Education,Education,hmshm`vt,1261b1371db1e6c2dae9c7185165c333,
משמעויות,meanings,Education,Education,mshm`vyvt,c1821516f4671ebca65f0ee9aca8c83d,
הסטודנט,,Education,Education,hstvdnt,4736637b20a324c19f105dd6c3e15a6a,
במכון,,Education,Education,bmkvn,ee598dbe935c64878b845e3164ed0b32,
עמוד,,Education,Education,`mvd,11bafaeeb7d2e9d6f7072206564ccb12,
המצגת,,Education,Education,hmtsgt,afc7c750af3e4d82df521c24dce3bc80,
עטים,,Education,Education,`tym,4f96836395899387c4946e51a45bbcff,
מצגת,,Education,Education,mtsgt,883190365ca0c6ad27534cbf9e507450,
בכותל המערבי,,Religion,Religion,bkvtl hm`rby,48831c74c7bce6b03287dd4ef4539ba2,
לנצרות,,Religion,Religion,lntsrvt,ddb33dea546e52e27b24dde2e933f3e1,
בתסריט,,Arts,Arts,btsryt,d152bf5f92a69f020e8a40336bac1047,
סגנונות,,Arts,Arts,sgnvnvt,6a0e2b89a1430d60e207b630edc3366c,
הצלם,,Arts,Arts,htslm,b54683104eca8173a67895601e3624a1,
הבמה,,Arts,Arts,hbmh,6440366eec91d57b5e63a4cf0d1ac513,
מכחולים,,Arts,Arts,mkkhvlym,10253906dd3e199f3c256997ccd38ff9,
צריכים,need / one needs / we should have,Direct Object,Direct-object,tsrykym,66b05397c2a8c23d45d1d9b9e5eae4ef,
הנשים,the women,Basics,Basics,hnshym,b41091dd6fc609778b6fccf6b7619509,
שמעתי,,Verbs: Past Active 1,Verbs:-Past-Active,shm`ty,b08a30d83e50759dbe04a1e38a95fe37,
אכל,ate / have eaten,Verbs: Past Active 1,Verbs:-Past-Active,kl,c65946c051fd3031ba84ef70df2a34d5,
אמר,,Verbs: Past Active 1,Verbs:-Past-Active,mr,d1458a29a3d2b144d87eef113f37606f,
הרגשתְ,,Verbs: Past Active 1,Verbs:-Past-Active,hrgsht@,1c546b9f6294cef672d67930d040f293,
כתבו,,Verbs: Past Active 1,Verbs:-Past-Active,ktbv,94c3b487b170d1a292253a95a2d065d0,
היה לכם,,Verbs: Past Active 1,Verbs:-Past-Active,hyh lkm,0391f75b7d17993be2e4f225ecfe499a,
הציע,,Verbs: Past Active 1,Verbs:-Past-Active,htsy`,71114799b148d7b9f0ffc037c26de061,
שמעה,,Verbs: Past Active 1,Verbs:-Past-Active,shm`h,c14b9342ef4f3127bf9436bf61aa83c4,
ארבעים,,Numbers 2,Numbers-2,rb`ym,0fe42206bdba490aa8fe0d2b9b1cd1c6,
חמישים ושמונֶה,,Numbers 2,Numbers-2,khmyshym vshmvneh,9acc8f41b99ef78b1a1dafea343825d2,
הרביעי,,Numbers 2,Numbers-2,hrby`y,dfa1c8d97300a3aaf75ef0e9707b38b3,
רובנו,,Numbers 2,Numbers-2,rvbnv,d06cb7a7729416de839ab22cd968787f,
ארבעים וחמש,,Numbers 2,Numbers-2,rb`ym vkhmsh,e9efddfcee27895fc4daa9b151e18628,
וארבעים וחמישה,,Numbers 2,Numbers-2,vrb`ym vkhmyshh,7c1153ee9e5ef3a33c9172a1cdebe15a,
מבשלים,,Food 2,Food-2,mbshlym,6acb3bf7a34fd7c4a1acd66d483e6a1a,
פלפלים,,Food 2,Food-2,plplym,c307b72d53f99f1e7642c2bea5c658cd,
מסדרת,,Verbs: Present - Pi'el,Verbs:-Present-2,msdrt,493956b3dc61300ea904fe0580ead5c5,
גל חום,,Weather,Weather,gl khvm,85a9c746c5582e82a9e68a19a41b867c,
חולֶה,,Medical,Medical,khvleh,2249ca565d1eb76b5e46ff4d9e067433,
מתאר,,Verbs: Present - Pi'el,Verbs:-Present-2,mtr,ec927ecd59b36a7ed148937cb034d6bb,
יאכלו,,Verbs: Future Active 1,Verbs:-Future-Active,yklv,f2ccfe7403da3c073e77496f98b01de3,
יַראה,,Verbs: Future Active 1,Verbs:-Future-Active,yarh,8531644940ef4a182eaf8bd12b24a73f,
תשחי,,Verbs: Future Active 1,Verbs:-Future-Active,tshkhy,752af597fdf95d33bd1ba574d1ac003e,
אגיע,,Verbs: Future Active 1,Verbs:-Future-Active,gy`,9fe4d290d8b4f144d868e78364016b70,
דחויה,,Feelings,Feelings,dkhvyh,6b45f62bb7f5c14b5c281261d0886bf7,
פסימי,,Feelings,Feelings,psymy,00f464e6b0a396e7ab02193a132f5017,
המשקל,,Science,Science,hmshql,16fd2a17dff32c071e8169d23458f5b0,
תגלית,,Science,Science,tglyt,56bc99538b87913ededb59e9d0519009,
להפצה,,Science,Science,lhptsh,e2692fbc9a8d3d0e139a4d13f7e38ff9,
מחקר,,Science,Science,mkhqr,b05f3b74cb4c9402a1ab075d8abe980e,
חשמלית,,Science,Science,khshmlyt,69702da75cafb80e43fe0b7e8a1ab4c7,
עוגת יום ההולדת,,Construct State 2,Contruct-State-2,`vgt yvm hhvldt,99c66d84f430f1bf37286659c6f7c616,
חלון חדר האורחים,,Construct State 2,Contruct-State-2,khlvn khdr hvrkhym,7c68ef9bc46214f2acbc91124acfd680,
רושמים,,Verbs: Present - Pa'al,Verbs:-Present1,rvshmym,7aff45fedf3f4842447076e7a2fa61a3,
בשמים,,Nature,Nature,bshmym,4af6e5f5933a87501bc6e1dedef3fb57,
מערה,,Nature,Nature,m`rh,2f593a50c6b038a7eb5285dbdd44b49d,
ונשים,,Basics,Basics,vnshym,d25c815380969905a0b3f426c25a9e70,
בודקת,,Verbs: Present - Pa'al,Verbs:-Present1,bvdqt,fa8a7c4303a2ac31fd008f786e9ab87a,
בודק,check / checking / checks,Verbs: Present - Pa'al,Verbs:-Present1,bvdq,732719306e10eaedd70d9881dc9716d2,
שוקלים,,Verbs: Present - Pa'al,Verbs:-Present1,shvqlym,0ed22f78eff3aced3cbca2da2c787746,
חוזר,,Verbs: Present - Pa'al,Verbs:-Present1,khvzr,e0125c2a344b23b0a508dfeca32babb5,
שוכחים,,Verbs: Present - Pa'al,Verbs:-Present1,shvkkhym,e37d5b740ed2142b90d86922872a1601,
הכריך,,Adjectives 1 - Basics,Adjectives1-basics,hkryk,5eb08216903344195097feed9322d312,
עצמאי,,Adjectives 2,Adjectives-2,`tsmy,43aeb34df3878a89ec443605b42349f7,
נחמדה,,Adjectives 2,Adjectives-2,nkhmdh,8f77b386b6ee0ba44c4863edcbe7b399,
חזקה,strong,Adjectives 2,Adjectives-2,khzqh,e220448e937d48c8b026d092fd0bb7c0,
נחמדים,,Adjectives 2,Adjectives-2,nkhmdym,6f4a2524dbf3ce5cc863b784c0649588,
הנכון,,Adjectives 2,Adjectives-2,hnkvn,6086c91d3482deeddf53fdfac352a87c,
בלתי אפשרי,,Adjectives 2,Adjectives-2,blty pshry,d5398d18cc28787ffeaba16b302cdef9,
עשירה,,Adjectives 2,Adjectives-2,`shyrh,d23b8475712fb0a22309f33d441a26ae,
החזק,,Adjectives 2,Adjectives-2,hkhzq,6274b8973f19413f5935f217242f03a2,
רצינית,,Adjectives 2,Adjectives-2,rtsynyt,117706bdd43b9d4048240012b20cb7d9,
שגויה,incorrect (sg. fem.) / wrong (sg. fem.),Adjectives 2,Adjectives-2,shgvyh,57969060c88041956fc7dd506ac40031,
ועשירה,,Adjectives 2,Adjectives-2,v`shyrh,54a7e1c97c1f23738a7562e353b82991,
האדמדמים,reddish,Diminutives,Diminutives,hdmdmym,693d999cb66334944a598ee4f5c6a817,
המלונית,,Diminutives,Diminutives,hmlvnyt,1c727e9720928c49604db11eaaf0cdc3,
הידית,the handle,Diminutives,Diminutives,hydyt,ecaddab2d543b57eab997375a55561c2,
הסופי,the final (sg. masc.),Adjectives 3,Adjectives-3,hsvpy,f810fea15b3e4073fedd9db6dfe02be6,
פופולרי,,Adjectives 3,Adjectives-3,pvpvlry,9588c5d4f5f59318c7230ff9ccfc1dcd,
בגיל,,Dates and Time,Dates-and-Time,bgyl,f60c30e719aa548075a8bc09e069c56a,
בינואר,,Dates and Time,Dates-and-Time,bynvr,b38a6d31ad37619da15c6d698a866c18,
יום הולדת,,Dates and Time,Dates-and-Time,yvm hvldt,42b62c4bbf1e234e1113fc801be22365,
ביום שני,,Dates and Time,Dates-and-Time,byvm shny,76c02e4bffe2ba7b29d076495efb5cf9,
גן החיות,,Places,Places,gn hkhyvt,0692119d7ff96a00c554f10804938992,
פארק,,Places,Places,prq,789835a28aed093ac1d6e8b04a5e72c4,
למסע,,Travel,Travel,lms`,5a45783d28653cc72387ad926d61ead0,
הטיול,,Travel,Travel,htyvl,8114460450b1f45bb95995d536ae5847,
בני האדם,,People,People,bny hdm,323da6c09aa59d39f6b3fc1928bf63bb,
אנגלי,,People,People,ngly,7cde46b7d65961dfaa33a560219513f9,
אזרחים,,People,People,zrkhym,5ee1359750c788a121eb0b379194b5ba,
עצמים,,Objects,Objects,`tsmym,956277bd5071b5c0d27e117d0a52784f,
שרשראות,,Objects,Objects,shrshrvt,931977e5d08b1f6e06aa86fbf03097dd,8a716c9b795bf13a392af7ceb14c5f05
העצם,,Objects,Objects,h`tsm,5668ac38ee530de6dcabbc3f2beb18f9,
ארנק,,Objects,Objects,rnq,9330b39bb6e80656006a4087168762c9,
השרשרת,,Objects,Objects,hshrshrt,5e4ee22f552a8229829628850ab96433,
הספוג,,Objects,Objects,hspvg,8b6bf851705113c30cfa15056a690b43,
המצעים,,Objects,Objects,hmts`ym,fb9f536599775659aecba2ae45a61c13,
חפצים,,Objects,Objects,khptsym,44c8d32eab861a3f4e33899e3db97b27,
חפץ,,Objects,Objects,khpts,158ae3d4013d50e5805d8ebcd867d79a,
נשארתי,,Past Nif'al,Verbs:-Past-Nifal,nshrty,2d3b923bdc4e67eedf5eb6ca3597ea23,
נפגעו,,Past Nif'al,Verbs:-Past-Nifal,npg`v,c90bb33261aab0f051397ecca650b3fc,
נפתחו,,Past Nif'al,Verbs:-Past-Nifal,nptkhv,16e9fe5d71ade767d1c7b71e75d3131f,
אחזור,,Future 2,Future-2,khzvr,b91677bd22961384bed92e29381eaff0,
יתפללו,,Future 2,Future-2,ytpllv,cbfeb34409b0793d2668a0e649fc1e81,
יעבוד,,Future 2,Future-2,y`bvd,3c80d2c00b900c67c6da61ef4070ff57,
יצליח,,Future 2,Future-2,ytslykh,866854358cdbe57e0fcfa2e1356474af,
יקראו,,Future 2,Future-2,yqrv,de130a03b02d40f965aade90a7f48163,
נחליף,,Future 2,Future-2,nkhlyp,072491ef1b146f89d21dabd983a4ea8c,
שבתאי,saturn,Outer Space,The-Outer-Space,shbty,9adcb74d9324f51420e336c264f3b0d6,
באנגליה,,Travel,Travel,bnglyh,1237ec1997e0ea69ab2994f6263b7bf3,
לפגוש,,Infinitives 2,Verbs:-Infinitives-2,lpgvsh,6b6f27aac24a3235da660399ab9434ce,
להגדיל,,Infinitives 2,Verbs:-Infinitives-2,lhgdyl,52fc6118c112e8533366fa0abf0a83b9,
לשקול,,Infinitives 2,Verbs:-Infinitives-2,lshqvl,d1001ffab18d3b86a0d9399de7f48db3,
לעצור,,Infinitives 2,Verbs:-Infinitives-2,l`tsvr,5a3c90292f842f0a2768ee472a39adf6,
לעזוב,,Infinitives 2,Verbs:-Infinitives-2,l`zvb,de73eb2b887d2d99e427bb0591e730a8,
להפסיד,,Infinitives 2,Verbs:-Infinitives-2,lhpsyd,00177e53933f1d11a5193309e8392edb,
להבין,,Infinitives 2,Verbs:-Infinitives-2,lhbyn,6b7e89799c553fbacc60750cd9fbd294,72dc4ce6488f578a36b1d6358f022da6
לאהוב,,Infinitives 2,Verbs:-Infinitives-2,lhvb,03937389336d670190cafe24a43560e9,
מזדקנים,,Verbs: Present Reflexive - Hitpa'el,Verbs:-Present-Reflexive---Hitpa'el,mzdqnym,7fc658e021d4caa49b681306681c5f68,
סְגור,close (imp.),Imperative 2,Imperative-2,s@gvr,4c6986b240b94898042cc5dd99751909,
כלבלבים,,Diminutives,Diminutives,klblbym,2b6cb238d33bb6f788c4d08b0656f703,
הירקרק,,Diminutives,Diminutives,hyrqrq,4c36c25263bce7ef4ae25489b79f86d6,
ירקרק,,Diminutives,Diminutives,yrqrq,1e744a5a8020700b951a3b9567df4176,
אדמדמה,,Diminutives,Diminutives,dmdmh,6175fe4767a1ae38d3e1021659b35b61,
ידית,,Diminutives,Diminutives,ydyt,873f88c12a53e434bf4c2a7eeaff58a3,
אדמדם,,Diminutives,Diminutives,dmdm,e033cf48a77ca88b64fb36d7e113e5d1,
כחלחלה,,Diminutives,Diminutives,kkhlkhlh,7b49a6cf057b6bc9b10502a9f5555f9a,
שקית,,Diminutives,Diminutives,shqyt,57ef7678e61cde98134de7537e59a1fc,
כחלחל,,Diminutives,Diminutives,kkhlkhl,c20f69c651227b4bf34468805e3be780,
מלונית,,Diminutives,Diminutives,mlvnyt,96493263fbe3b0fcf498ad88546deab5,
הקשית,,Diminutives,Diminutives,hqshyt,3c3b6a0e7ccf09fe0c6d52c4e92bf0c6,
קשיות,,Diminutives,Diminutives,qshyvt,395cad536b24680b07e2acfba574cec9,
הכלבלב,,Diminutives,Diminutives,hklblb,f26f321f52a2075e6150f14ef4783d53,
היה צריך,,The Conditional,Verbs:-Conditional,hyh tsryk,e9805d4fc14221672d2b58f54a783920,
היינו יכולים,,The Conditional,Verbs:-Conditional,hyynv ykvlym,1bbda0fcf08ff840ec475e132b87c301,
בשביל החלב,,Outer Space,The-Outer-Space,bshbyl hkhlb,ba4cee1bb014d0b0fc99afd68092f934,
בינינו,,Prepositions 2,Prepositions-2,bynynv,a9b5a363e799eef938c3162bd4f4e491,
אליך,,Prepositions 2,Prepositions-2,lyk,cfb5c2859fcf0d6a9460d7d449ad519b,
שטיפת המוח,,Construct State 2,Contruct-State-2,shtypt hmvkh,a77e111157bcb620953ab1d7f6a6e22e,
פסק זמן,,Construct State 2,Contruct-State-2,psq zmn,783ae7e6ccd487bc00bd4dcb8eefe3f5,
מדליית זהב,,Sports,Sports,mdlyyt zhb,8e764ae2ad84b4835bebdb684da7c3fc,
החייל,the soldier,Occupations,Occupations,hkhyyl,3ada6b68161ffec7e644388fbbb9c5fa,
היה להם,,Verbs: Past Active 1,Verbs:-Past-Active,hyh lhm,d245c7624e21f2760ced465bba3f7325,
הציעו,,Verbs: Past Active 1,Verbs:-Past-Active,htsy`v,faa68d859bf668991c6b6f9d8b07d080,
הציעה,,Verbs: Past Active 1,Verbs:-Past-Active,htsy`h,b3d953096ed32ce81a8c5fe7ac949cce,
הרגיש,,Verbs: Past Active 1,Verbs:-Past-Active,hrgysh,4eb2428f932aeed5645e66add6f0b67a,
שמעתם,,Verbs: Past Active 1,Verbs:-Past-Active,shm`tm,6525b8988baf43e01d4b12208eab1e84,
אכלה,,Verbs: Past Active 1,Verbs:-Past-Active,klh,9cb55fa67df6ef235fcd478a4bca1e64,
רצינו,,Verbs: Past Active 1,Verbs:-Past-Active,rtsynv,9ba2fe7d35f8c432a46bf6d9d2ec48ee,
שאמרתי,,Verbs: Past Active 1,Verbs:-Past-Active,shmrty,3a898eddaf38732226a661dff0c48286,
היה לנו,,Verbs: Past Active 1,Verbs:-Past-Active,hyh lnv,1121e5e30c2a016b688aafb8ff0f44b5,
כתבה,,Verbs: Past Active 1,Verbs:-Past-Active,ktbh,4aaea4586dd597c1e6dfc6906672916c,
בחלב,,Verbs: Past Active 1,Verbs:-Past-Active,bkhlb,808f7876170848acee107aaaab6e24ba,
רצו,,Verbs: Past Active 1,Verbs:-Past-Active,rtsv,db5771ffedfa59ee842cde8948e5cc69,
שְאל,,Imperative 2,Imperative-2,sh@l,278bab48765180791088b85e116a830b,
ואבנים,,Nature,Nature,vbnym,cf93262675cb691879ef265cf673ba12,
באבנים,,Nature,Nature,bbnym,36a0993561f47a5b4248d31579bd6287,
הגביע,,Sports,Sports,hgby`,b73fb26b92313aeaf02a270890eaacc7,
מדליית הארד,,Sports,Sports,mdlyyt hrd,c10b320b8dfa1d401a55d017dfa4f911,
ספורט,,Sports,Sports,spvrt,93e4fec4d3f191ef7d456563147ac566,
מכון הכושר,,Sports,Sports,mkvn hkvshr,672e272527b8efafee4e03d50d16524b,
משתמשים,,Verbs: Present Reflexive - Hitpa'el,Verbs:-Present-Reflexive---Hitpa'el,mshtmshym,0af015e6a06b08dba376a2a263018d8b,
אזרח,,People,People,zrkh,a7ba9b041ef669c8fcacd93a6e424aee,
ועדה,,People,People,v`dh,43993500d77f047c02ea62575938c6dd,
בוועדה,,People,People,bvv`dh,466061dfc26be53ddd694cde1a9718a8,
לפרט,,People,People,lprt,4576d299692b7a841b5b2b3e6cb6ae4e,
המחקר,,Science,Science,hmkhqr,95225d523a37f311780e61359cf62815,
האלכוהול,,Science,Science,hlkvhvl,1422efa4034539f9480c2732ea44f9c0,
אלכוהול,,Science,Science,lkvhvl,b417978a7a4ed597ffd180b308bd0ba6,
תיאוריה,,Science,Science,tyvryh,7f0541f9cde2d6d75d2287f9b1a80573,
חשמלי,,Science,Science,khshmly,06f38a4c9888b4f3a79bf318bfbce565,
החשמלית,,Science,Science,hkhshmlyt,75ad684030b0fec5cf27735f02917870,
משקל,,Science,Science,mshql,38da87cf5994407905ca39d602e84285,
ההפצה,,Science,Science,hhptsh,ad34164b87298fe25bf0c9d7abe48d61,
האיכות,,Science,Science,hykvt,00408574504ea141ea0d2ba8fa67f1ff,
התגלית,,Science,Science,htglyt,6f35855ebd18d524481d2baa562b4b0f,
צובעת,color / is painting / paint,Colors,Colors,tsvb`t,0c2a970a81b4b1610a54d1d4294aae10,
צבעונית,,Colors,Colors,tsb`vnyt,eb89b5e3ac437528916ded33ac59f914,
האפור,,Colors,Colors,hpvr,adb989139090c2003d35e7425ba1054c,
צובע,,Colors,Colors,tsvb`,64daf129dddbda41281d29f1844f7f24,
צהובים,,Colors,Colors,tshvbym,deeb9bf96c2793367614de424cd96570,
אפורה,,Colors,Colors,pvrh,96bbdc5de1916fdcc39f65687ac1706f,
כתום,,Colors,Colors,ktvm,48d1b002414b1f6c1ee81af61cd49841,
ורודים,,Colors,Colors,vrvdym,37f7fde411bb57dff5d23664ad8dd44e,
ירוקים,,Colors,Colors,yrvqym,02951235a7451e97e8bc8880948b83eb,
צבעונים,,Colors,Colors,tsb`vnym,544d3f84988a6158773a2c43b46aae1b,
כתומים,,Colors,Colors,ktvmym,01984f057911dd2c0fb84a117406fe74,
אַל תקשיבי,,Negative Imperatives,Negative-Imperatives,al tqshyby,7d6ffede99f74ced7031780acdece9e0,
אַל תלכו,,Negative Imperatives,Negative-Imperatives,al tlkv,b7cf5bffd5d20837b47195301396ce24,
תכשיטים,,Clothing,Clothing,tkshytym,e16397e761031479986e2808a68aebdb,
המעיל,,Clothing,Clothing,hm`yl,0c405dd9bf5d67f2f22724f41f69fe94,
אַל תקשיב,,Negative Imperatives,Negative-Imperatives,al tqshyb,f851ab5fa91e620483979c91ad33deec,
אַל תלכי,,Negative Imperatives,Negative-Imperatives,al tlky,2bbdaa727c2e2ff74300a3924bced424,
אַל תערבבו,,Negative Imperatives,Negative-Imperatives,al t`rbbv,a4e866e59ff53ecd22ae5f148f0358f7,
מלחינות,,Music,Music,mlkhynvt,f1d6750c3b75887236b5f0a969670376,
זמרת,singer,Music,Music,zmrt,3b9c42b7bf80ae7b2bb1a083463de6cc,
האקורד,,Music,Music,hqvrd,580b1bd4fd7091b9ad5df2ff4d1d6d36,
אדבר,will speak / will talk,Verbs: Future Active 1,Verbs:-Future-Active,dbr,bc193c84d4440bb7a333043dc54e85f7,
אתנצל,,Verbs: Future Active 1,Verbs:-Future-Active,tntsl,4f3847d18f749ec8b769dffc433bbf49,
אשחה,,Verbs: Future Active 1,Verbs:-Future-Active,shkhh,0096d0d2519764364d639519b2f0c89e,
יאכל,,Verbs: Future Active 1,Verbs:-Future-Active,ykl,85bc0d0d3af991bf11b6ce29d795e3ff,
יתנצלו,,Verbs: Future Active 1,Verbs:-Future-Active,ytntslv,4a3e1536ee5a70f8035167b362f0fd2e,
אשתמש,,Verbs: Future Active 1,Verbs:-Future-Active,shtmsh,82dd6560429fd7a11dfbb009435c318c,
המסלולים,,Places,Places,hmslvlym,ade14e8c0b56e443c73d7679a0e45c6c,
בחווה,,Places,Places,bkhvvh,ef2342d2be0e44ad71de3c75cd9b4a2d,
המשרד,,Places,Places,hmshrd,aab04a756dfa4c6518813c67446a2d0b,
בגן החיות,,Places,Places,bgn hkhyvt,405172564c52ec80d35b7db31f4168e3,
משועממים,,Feelings,Feelings,mshv`mmym,b1a8a873d20397cf7cd1fc7a13ac1015,
משועממת,,Feelings,Feelings,mshv`mmt,66cc949121ad74c6707c1fa40722252f,
מופתע,,Feelings,Feelings,mvpt`,cf41e668325fa9a7163dfc0454f59b85,
מביך,embarrassing,Feelings,Feelings,mbyk,3cce13ded69f2894fe783ca052397153,
פסימים,,Feelings,Feelings,psymym,602a148a78193142fdbdc7a5fc06e82b,
דמעה,,Feelings,Feelings,dm`h,2f1bd23c449d99778ff55f286a0351d4,
מביכה,,Feelings,Feelings,mbykh,ff9c52d93fe0ad6dd98586a9c9fb612f,
שובב,,Feelings,Feelings,shvbb,243203d7e89f9824fe194400eb3033b7,
דחויים,,Feelings,Feelings,dkhvyym,76b5751c43336b4cedce6ecb3cb329e8,
מאוהב,,Feelings,Feelings,mvhb,6bc7ce51a0e222fa6460a6b680b399c5,
מופתעים,,Feelings,Feelings,mvpt`ym,f40e51739533bd67000b603cd37bcf7b,
דמעות,tears,Feelings,Feelings,dm`vt,d1361dbd32539b22ec67cc58ab4c25f7,
חכו,wait,Imperative 1,Imperative-1,khkv,b6bca545b2741a7e13bb8b66c27c4049,
איננו,,Formal,Formal,ynnv,5b26c482372d74f4861692ddef011a93,dcb29a693178a9650f4314668c5ff9b1
אינכן,,Formal,Formal,ynkn,2af3bb234f8766e7908ee8f8653858ac,
מסעדותיו,,Possessives 2,Possessives-2,ms`dvtyv,2e4627f063181c1279fcdf5408fbe601,
ילדתי,my girl,Possessives 2,Possessives-2,yldty,835d72623d1c88dafa8a598fe855605e,
כלבה,,Possessives 2,Possessives-2,klbh,f78e16398528a0be8e585ba507325914,
כלבִי,,Possessives 2,Possessives-2,klbiy,d12d2d4ad8f3c01e44c511d74b0bb3ff,
ילדיו,,Possessives 2,Possessives-2,yldyv,074784b64cab29911e0b09cab0a10066,
ייפגע,,Future Nif'al,Verbs:-Future-Nifal,yypg`,4a897f83705422224c402223997a8d51,
תיכנסו,,Future Nif'al,Verbs:-Future-Nifal,tyknsv,8b8780c7498a0587a893f0ae6a1b76a5,
משתיים,,Numbers 1,Numbers-1,mshtyym,95aa4d2e95b2a5fe6af9454512ffcb30,
ושש,,Numbers 1,Numbers-1,vshsh,ee54b11fd565634797f7ee3a54861124,
שניים,,Numbers 1,Numbers-1,shnyym,d5038417eed2a90f78d4e3b9255def40,
האתר,,Technology and Communication,Tech-and-Comm,htr,7d60603d30b9be05bd4b82d29b8ecca3,
הבאג,,Technology and Communication,Tech-and-Comm,hbg,5eec70489b399783c7f0c09d3e0dd776,
בתוכנה,,Technology and Communication,Tech-and-Comm,btvknh,20b8a6424cf72e211115460acc18a590,
תוכנה,,Technology and Communication,Tech-and-Comm,tvknh,92a3188d7e96cc9fc3f8b918c3d47ab2,
לאתרי,to Internet sites / to Internet websites / to websites,Technology and Communication,Tech-and-Comm,ltry,c4780d6f07b709938ab157ddd7d69f0a,
אמבטיה,,Home Sweet Home,Home,mbtyh,20d29352160565ac62978278404ad78e,
מבינה,understand / understands,Verbs: Present - Hiph'il,Verbs:-Present-3,mbynh,d67a4c3f959e215cbb6e818341b7a649,
מביאה,,Verbs: Present - Hiph'il,Verbs:-Present-3,mbyh,9c1a70c914453a429d1912914bee3a2c,
החומה,,Legends,Legends,hkhvmh,d1c397b66e43629faa0c192f01acfda7,
תיכנס,,Future Nif'al,Verbs:-Future-Nifal,tykns,ca2762dddec3b4bb6e22cd7f44112097,
שתהנו,,Future Nif'al,Verbs:-Future-Nifal,shthnv,624b4b38ae74eb06f26c9e8acb266a03,
ייראה,,Future Nif'al,Verbs:-Future-Nifal,yyrh,25d11a29fc358137a90d2a1216e4a7ea,
תיפגש,,Future Nif'al,Verbs:-Future-Nifal,typgsh,f3ae5f6b6ba985f6e3c3a18a59e363f6,
ייפרד,,Future Nif'al,Verbs:-Future-Nifal,yyprd,52748c2cd8cb1813265944acb61ad335,
הייתי,,The Conditional,Verbs:-Conditional,hyyty,de347532c4490cc2a7a11448c7400924,
אילולא,,The Conditional,Verbs:-Conditional,ylvl,5997c207dd7d31834ebf6810b1cfdf7a,
היו יכולים,,The Conditional,Verbs:-Conditional,hyv ykvlym,be1a467ddec027d64a6c5a4b3bd56ebc,
היינו,we have been / we should have / we were / we would be,The Conditional,Verbs:-Conditional,hyynv,ffa6f13cdf1ee1ebc827a49b6d0ffa03,
לולא,if it weren't  for / if not / were it not for,The Conditional,Verbs:-Conditional,lvl,3938faa6d6f037ef91ac2e3180eab187,
הייתי צריך,,The Conditional,Verbs:-Conditional,hyyty tsryk,7cc0d34aae760220c582f4d253ce5c08,
היו,(they) were / were,The Conditional,Verbs:-Conditional,hyv,78d668cd0aceb29589c3c15ad6e516bc,
התאריכים,,Dates and Time,Dates-and-Time,htrykym,b5c9710cee46df5777667a25491acb83,
בקריאה,,Verbal Nouns,Nouns:-VerbalNouns,bqryh,33024bdb3b9dad1cc96419f28bcaa378,
יכול,can / it's possible / maybe / might,Modals,Modal,ykvl,dc7d8371bc60f584a96ad5dab7a66e15,
מותר,,Modals,Modal,mvtr,eaa945382ad6e2ef86f6aa5ce70d5e73,
אסור,,Modals,Modal,svr,26faf96423f9503eb4593ad82251ddf9,
אמור,supposed,Modals,Modal,mvr,14f4279a7bfd3e775c8b6f913fcf0116,
חייבות,,Modals,Modal,khyybvt,4f54a6fde5edb25b1913b8d68a8e24db,
עשויים,likely / might,Modals,Modal,`shvyym,35bb47dd84a7b96e3fb1ce72468ec262,
ומה,,Modals,Modal,vmh,ba7e41fb0897ae36d5de680e8a203eed,
מומלצת,,Modals,Modal,mvmltst,04cf600366648b1b754e62f7e4a47f16,
יכולים,,Modals,Modal,ykvlym,d86cfa10defad588a123c856d8b08962,
אי אפשר,,Modals,Modal,y pshr,db88a37ebbb71ce10c93ff55c484d627,
עשויה,liable / likely / might,Modals,Modal,`shvyh,489d22ccbde102f4e04f86087cbab81a,
שאסור,,Modals,Modal,shsvr,96293a2c8cd70845406b17768b4400aa,
מומלץ,,Modals,Modal,mvmlts,07658d96697c9485a96badbcb8a6cac9,
המסורת,,Abstract Objects 2,Abstract-Objects-2,hmsvrt,8ec4c9fa2bbb4bc96edf9d93ac476844,
השקר,,Abstract Objects 2,Abstract-Objects-2,hshqr,194d10b745617e682bc33e0c8f1ea9e2,
נשארו,,Past Nif'al,Verbs:-Past-Nifal,nshrv,ddb5cb0570895ff0ae13f732f7578fcb,
נזכר,,Past Nif'al,Verbs:-Past-Nifal,nzkr,3e1cfdcfb563361a0a17184568787f52,
נפגעתי,,Past Nif'al,Verbs:-Past-Nifal,npg`ty,7b701732c3d6db99f19d3b22ab963c7c,
נעשה,,Past Nif'al,Verbs:-Past-Nifal,n`shh,adccbb129d280ec3b42e2f871a2d2907,
לחדשות,,Technology and Communication,Tech-and-Comm,lkhdshvt,9c6a613d56df1f5d55f3f6b0b114aeab,
התוכנה,,Technology and Communication,Tech-and-Comm,htvknh,790b65c77516838ffa91c46068f33a13,
הדפדפן,the browser,Technology and Communication,Tech-and-Comm,hdpdpn,dd2da9990e832be3fafbc3e465a8eb99,
חיפוש,,Technology and Communication,Tech-and-Comm,khypvsh,0499b056971ef2c95e23b46ba1a1a087,
באגים,,Technology and Communication,Tech-and-Comm,bgym,7ee6873ec7e815625d162e1c7b8bf2bf,
בדפדפן,,Technology and Communication,Tech-and-Comm,bdpdpn,160c768d9a3005fd7d50ac0499c71c81,
שהאינטרנט,,Technology and Communication,Tech-and-Comm,shhyntrnt,7ab15f2c8a0f0ef58351956a117b0c09,
באינטרנט,,Technology and Communication,Tech-and-Comm,byntrnt,0ba9632f482a9f8f631e2b83973e1b82,
סיסמא,,Technology and Communication,Tech-and-Comm,sysm,44dad69b02c0f423f27c7ba6d4adff13,
אינטרנט,internet / to Internet sites / to Internet websites / to websites,Technology and Communication,Tech-and-Comm,yntrnt,bdacac74053dfb4df048bda5f416a281,
החדשות,,Technology and Communication,Tech-and-Comm,hkhdshvt,5437d9f9216017bf395cd11e65c865b3,
מעלים,upload,Technology and Communication,Tech-and-Comm,m`lym,21d09c8137ff06e635ec7b51eb6bd04e,
הסיסמא,,Technology and Communication,Tech-and-Comm,hsysm,b3f79a15a451ec2ad343f79067249378,
חיפה,,Welcome To Israel,Welcome-To-Israel,khyph,0033a59bb8584f88525d86423364ebe5,
צברים,,Welcome To Israel,Welcome-To-Israel,tsbrym,cc3167fd4c538491258ef99775588cd5,
בקיסריה,,Welcome To Israel,Welcome-To-Israel,bqysryh,b50f488d283660f063fe2180f869822c,
בלאגן,,Welcome To Israel,Welcome-To-Israel,blgn,89ac3179859c3db0bd8fae31a5c751bf,
בנגב,,Welcome To Israel,Welcome-To-Israel,bngb,85da63ef58b2910f7a00b408652eacfd,
בחיפה,,Welcome To Israel,Welcome-To-Israel,bkhyph,0214f0c8906766c98ace5b6af5093cbf,
הקיבוץ,,Welcome To Israel,Welcome-To-Israel,hqybvts,aecbc3c62be92e9e71e281b9eae8822f,
לקיבוץ,,Welcome To Israel,Welcome-To-Israel,lqybvts,293d634803f24af291a797298c45708e,
לשקשוקה,,Welcome To Israel,Welcome-To-Israel,lshqshvqh,5cc7704da6d7ba34901b22712984f0fb,
צבר,,Welcome To Israel,Welcome-To-Israel,tsbr,c279f3cc919b5ce23c2a4cc72cbfefa3,
שקשוקה,,Welcome To Israel,Welcome-To-Israel,shqshvqh,cbf578c456e237040136ff33704948e3,
קיסריה,,Welcome To Israel,Welcome-To-Israel,qysryh,2580ecee11089581713f464ae63ea677,
שוכח,,Verbs: Present - Pa'al,Verbs:-Present1,shvkkh,33cd66ccca2eb1a0de282208625e3974,
רושם,,Verbs: Present - Pa'al,Verbs:-Present1,rvshm,1e5a951a59fbdde9a25e4d3300fd4a89,
שוקל,,Verbs: Present - Pa'al,Verbs:-Present1,shvql,7296b9f2a92b057c7593d1293ff3dedb,
מוכרים,,Verbs: Present - Pa'al,Verbs:-Present1,mvkrym,744ecb6470dc8a6c319cfc87255792fb,
אומר,is saying / mean / say,Verbs: Present - Pa'al,Verbs:-Present1,vmr,9824309788a23ad9f33ab2a9cb6f8d55,
אומרים,,Verbs: Present - Pa'al,Verbs:-Present1,vmrym,b36b35420b45270ecc36cb59b77efc6b,484d8c408ce5acfc936d6a762d988f81
חוזרים,are coming back / is returning / return,Verbs: Present - Pa'al,Verbs:-Present1,khvzrym,390b7c2775443e44a2c7e8fb02350cbf,
חוזרת,,Verbs: Present - Pa'al,Verbs:-Present1,khvzrt,ac84e9c38b4365867f91891510275038,
בודקים,,Verbs: Present - Pa'al,Verbs:-Present1,bvdqym,8f0d4d8ea26a705688eded6f15e188fc,
נותן,give / is giving / lets,Verbs: Present - Pa'al,Verbs:-Present1,nvtn,082ee49c54ea01c1e47ffbe1a1f67e6b,
רושמת,,Verbs: Present - Pa'al,Verbs:-Present1,rvshmt,03cfa910ed5df7d9214e7d082bd53144,
לגברים,,There is/To Have,There-is,lgbrym,5aaf167e2324686a8c407d72ed3cbd48,
ליונה,,There is/To Have,There-is,lyvnh,6d68dc396ec311b72bebd6cda79aacbe,
אין,not has / not have / nothing can be done / there is no / there is nothing to do / they do not have,There is/To Have,There-is,yn,a5b82c9c5c852c91eed4c715b785ff06,
ואין,,There is/To Have,There-is,vyn,7e1c70f455e99c18edfc226564365c9a,
החמור,,Animals,Animals,hkhmvr,3c5e0e633974969c168004a86b01ae7f,
הקוף,,Animals,Animals,hqvp,3f02fc0c099e9828f06e47daec3fbf48,
העכביש,,Animals,Animals,h`kbysh,5099064b52ce80134022ec248c964bc8,
קוף,,Animals,Animals,qvp,6b6cb9b2ddaf507d3937a41109a458f3,
פרה,,Animals,Animals,prh,82f59ef446e8c30c47c452859310bf70,
הנשר,,Animals,Animals,hnshr,3678a51eaefe4144db06f846f42fb85c,
נשר,an eagle / eagle / vulture,Animals,Animals,nshr,78b3c6e5af53e3f65ac18cdaf4e9796c,
זבוב,,Animals,Animals,zbvb,7064ae283bd53dd5f2622028ab75feb6,
חיית מחמד,,Animals,Animals,khyyt mkhmd,eef2e332422cf20fd46dc98f81607b1e,
השיגור,the launch,Outer Space,The-Outer-Space,hshygvr,ef454ceb4c8edcf7bba9d9a4e141f06d,
במכתשים,,Outer Space,The-Outer-Space,bmktshym,cbed4d0e761485b31c849e000baf977d,
התאונה,,Emergency!,Emergency!,htvnh,a1c7f0982e17a405ca8a1d1b889de2e3,
שריפה,,Emergency!,Emergency!,shryph,80a5c4de89f77d82d3d51e8f9766c998,
מתעלפת,,Emergency!,Emergency!,mt`lpt,fad4e9937bd8bde984483fa726cc1e46,
מעיל,,Clothing,Clothing,m`yl,afc4ae5064c01d99697bc1b0cc3703a6,
כובע,,Clothing,Clothing,kvb`,d3c12f47f8b35f24d0af6f938a0e22c0,
הז'קט,,Clothing,Clothing,hz'qt,608a23def0770a76e76999a76f981f4a,
המשקפיים,,Clothing,Clothing,hmshqpyym,3ff5b6ea893dff2256cb725ed420d58e,
גורב,,Clothing,Clothing,gvrb,8d690abaf59cc26a0b8352c289e6103a,
גורבים,,Clothing,Clothing,gvrbym,00080b105d2bece4526706a041e2c193,
משתמש,,Verbs: Present Reflexive - Hitpa'el,Verbs:-Present-Reflexive---Hitpa'el,mshtmsh,86f8f956b154d0847704dfe04977bc71,
מתחנן,,Verbs: Present Reflexive - Hitpa'el,Verbs:-Present-Reflexive---Hitpa'el,mtkhnn,bfe6cad1d7e2cd730bf4f962a11137bd,
שואלת,,Questions,Questions,shvlt,2dd60edf04caf98592634d7514bcd03f,
מתקשרת,,Verbs: Present Reflexive - Hitpa'el,Verbs:-Present-Reflexive---Hitpa'el,mtqshrt,9971f63e486a8c746fa89707a6f85622,
מסתפר,,Verbs: Present Reflexive - Hitpa'el,Verbs:-Present-Reflexive---Hitpa'el,mstpr,99ad786234456e3a0d1097eb749b07c7,
החליטי,,Imperative 1,Imperative-1,hkhlyty,7b7f3cf491b16509c237ad9d18fbeaa1,
הפלפל,,Food 2,Food-2,hplpl,d7d1ba52501c06a29497442eb041cbba,
ומלפפון,,Food 2,Food-2,vmlppvn,69d4d33f7745f4428562e4b1d30d733a,
משקאות,,Food 2,Food-2,mshqvt,5b8b721b0bb75806327821cba21422be,
פלפל,,Food 2,Food-2,plpl,ff5f5343a5a0cdd96149ab284974c914,
הדבש,,Food 2,Food-2,hdbsh,0696d56ac89f25a2490501042861b541,
קערה,,Food 2,Food-2,q`rh,d6d373d5211e798793b6e4fa0941fca4,
העוגייה,,Food 2,Food-2,h`vgyyh,ff15b023c61d17425b6b06bf9bb9b010,
עוגיות,,Food 2,Food-2,`vgyvt,f4c38db9779df38bb127f8b01013602f,
חריף,,Food 2,Food-2,khryp,04172f96383615c7aeab7ac853e1c185,
הקערה,,Food 2,Food-2,hq`rh,5fd903b2cbfdabd432cc6861f3ef8ecb,
מלפפונים,,Food 2,Food-2,mlppvnym,e019e25dba038d645360abad240d45a9,
מבשל,cook / cooks / is cooking,Food 2,Food-2,mbshl,fbb5528eb0774575d4cfc7f185f6a143,
חריפים,,Food 2,Food-2,khrypym,368cb0dfb824a281048b54284e09590f,
באל,,Religion,Religion,bl,c81206082fcc43ebb3c254f4a3a6599b,
ולמוסלמים,,Religion,Religion,vlmvslmym,944906ad5d69986cbce452f0c0b047f7,
אלָה,,Religion,Religion,lah,9c068ca36fbe37b8f4b8d285a1dc172f,
המוסלמים,,Religion,Religion,hmvslmym,5486a9b937b6602500fd08c9c4a232bc,
הדת,,Religion,Religion,hdt,dceff5010e8250c8745d94d080d6e108,
לטיול,,Travel,Travel,ltyvl,68700b44171f609bbd050719f993d0a0,
מחזיקים,,Verbs: Present - Hiph'il,Verbs:-Present-3,mkhzyqym,b360a3c5d200bec1e6cfc503f3b5f86a,
מתחיל,is beginning / is starting / starts,Verbs: Present - Hiph'il,Verbs:-Present-3,mtkhyl,4fbddab4025904fe1d340fe7d0914f28,
מזמין,,Verbs: Present - Hiph'il,Verbs:-Present-3,mzmyn,fbcaa7110432f31ebf7c94f0c6a692ad,
מראה,,Home Sweet Home,Home,mrh,935bddbee0b339456408c54cef2e4646,
הכתובת,,Home Sweet Home,Home,hktvbt,e689ce889e7d81ce5261ce2ecd16fa5a,
מכונת כביסה,,Home Sweet Home,Home,mkvnt kbysh,ac2c202086abdd44c88c42cf0f5a4637,
ישראלית,,People,People,yshrlyt,09e509cf3b38e8798daa3856105255ff,
אזרחי,,People,People,zrkhy,13c682c152de3e81db61f34c08f108c2,
הפרט,,People,People,hprt,d0d9c2a57bbfe4c410c466ff19ec2e5f,
הנוער,,People,People,hnv`r,69d50e91ed8c90c4e4b7f9bf42a8b954,
אנגליה,,People,People,nglyh,3186620c9cf2a55641d7afe2611b586d,e675dae87e23befd2ec9e32abb4ebd10
האנגלי,,People,People,hngly,cacfdf1f006b8d41f9dbf6ff30f4979c,
הישראלי,the israeli,People,People,hyshrly,aa1ea9a984d00234f7c07b3db71dfe76,
הוועדה,,People,People,hvv`dh,20b234294d6940ddeada196724765816,
בני אדם,,People,People,bny dm,c2f02c271abc23deb775dd634b3dad17,
בן אדם,,People,People,bn dm,6dd524355b0ca0d7a4c4d2cb0b5bc9db,
לנוער,,People,People,lnv`r,0edd21b3da0191838053daf88f54f643,
איפה שאני,,Conjunctions,Conjunctions,yph shny,569eba10edc8589a5bb0656c31fc445c,
חוץ מנחשים,,Conjunctions,Conjunctions,khvts mnkhshym,1c31bc0d6bc7e2a4c2da79c814889d3b,
גם,,Conjunctions,Conjunctions,gm,da45d4ff7b4f1096f35c7bcdbd1a8b82,
אז,so / then,Conjunctions,Conjunctions,z,7af2914d2aca0ac4efb5761387242789,
חוץ ממנו,,Conjunctions,Conjunctions,khvts mmnv,9fa64f1bf6b8962e2b46c5af86aa3aa4,
וגם,and also,Conjunctions,Conjunctions,vgm,088f57d49fad4462b1cf07ee7563fa40,
איפה שהחתול,,Conjunctions,Conjunctions,yph shhkhtvl,a8896aaed0ecea166ce08ab678bf7604,
אפילו,,Conjunctions,Conjunctions,pylv,0f7b3fe9b8c1b0288ab8e1d58a7a8cc7,
אך,but,Conjunctions,Conjunctions,k,61ca1fa7195e8a4dc42434f870df8ca8,
רטוב,,Adjectives 1 - Basics,Adjectives1-basics,rtvb,4d0355961ed11222631f08e8288b9f69,
קצרה,,Adjectives 1 - Basics,Adjectives1-basics,qtsrh,9f5865221227ee2ff3e4ebbe52dcc06e,
רטובים,,Adjectives 1 - Basics,Adjectives1-basics,rtvbym,ac59ef553bd6a916d452ff00d26b4f1e,
קרים,,Adjectives 1 - Basics,Adjectives1-basics,qrym,6c44a450077312f76abb95cf6446398f,
ריק,,Adjectives 1 - Basics,Adjectives1-basics,ryq,0f6643fe66c83cb2554bf7bc11d82647,
יבשים,,Adjectives 1 - Basics,Adjectives1-basics,ybshym,e93d00638a18acd4e4e86e2c650d76a7,
גשושית,,Outer Space,The-Outer-Space,gshvshyt,be77366ef3acfd35ad071e936b0f194a,
למכתש,,Outer Space,The-Outer-Space,lmktsh,3e10d8bab39855fc7def961feb825812,
מחלות,,Medical,Medical,mkhlvt,5d60eb6cf27150144d20e0f823eb3aca,
המחלות,,Medical,Medical,hmkhlvt,33d16e603c13e62bfabfd3e53f07fdf8,
מטופלים,,Medical,Medical,mtvplym,0b44db8461e946a3d1304ad7ffe793ee,
בן זוג,,Family,Family,bn zvg,0b723844dd421840cfb2a7a6b6b48ac2,
לכל,,Family,Family,lkl,dba0bb3efb675cf00163bc5b90a22db8,
בת זוג,,Family,Family,bt zvg,18801cba8f6dbfb8fe45365cf71995ee,
מכונות כביסה,,Construct State 1,Construct-state-1,mkvnvt kbysh,c909d80ae926ceb9cb8dcae7c872f30f,dcc608fbe5b865d2b94fcb8ada8efd3d
מקביל,,Geometry,Geometry,mqbyl,2ee1ba0e1a33352863fabc95430dd1f6,
ענֵה,,Imperative 2,Imperative-2,`neh,de866ff569c78a4ed1ab1348b8dd79b0,
חִתכו,,Imperative 2,Imperative-2,khitkv,fe808a5463575b47801d19ace0d4014b,
שאלי,,Imperative 2,Imperative-2,shly,8a83682167513620935f642407f49138,
כבדי,,Imperative 2,Imperative-2,kbdy,f59fc42630ded70e590d14326485e9dd,
היפגשי,,Imperative 2,Imperative-2,hypgshy,c9de01353c1c4d7ff26915dfe0d79688,
מספרים,,Verbs: Present - Pi'el,Verbs:-Present-2,msprym,a599616258e5a37790b3a25ef6c32823,
מחמם,heat / is heating / warm up,Verbs: Present - Pi'el,Verbs:-Present-2,mkhmm,8f202cc39203c7f6f3549352da2e3775,
מאשרים,,Verbs: Present - Pi'el,Verbs:-Present-2,mshrym,c6563cf91cf223d8c75dbb90ecd44bc9,
מתארים,,Verbs: Present - Pi'el,Verbs:-Present-2,mtrym,d0c5d10561418c00a26ce5c1ea5a5332,
מסדר,,Verbs: Present - Pi'el,Verbs:-Present-2,msdr,8570f50e014320468126514e86c9cdbe,
נסה,,Imperative 1,Imperative-1,nsh,87b156298092178c4ba26a71c97b2be5,
השתמשי,,Imperative 1,Imperative-1,hshtmshy,58e4d4d7ef8ccbd328a32615daf606a9,
קנו,,Imperative 1,Imperative-1,qnv,0f776eda6a27f8b071628140a84d4663,
רוצי,,Imperative 1,Imperative-1,rvtsy,226dcad6c209c74de340171c26cf0954,
חכה,,Imperative 1,Imperative-1,khkh,42aaa18f36b0965dd608d206f5a616fa,
מודאג,,"Passive: Pa'ul, Pu'al and Huf'al",Passive:-Paul-Pual-Hufal,mvdg,0ebb55f0b59e688b5e570217a71808dd,
מנוסות,,"Passive: Pa'ul, Pu'al and Huf'al",Passive:-Paul-Pual-Hufal,mnvsvt,88b97071bd643c83b74cf4962c513bd9,
אהוב,,"Passive: Pa'ul, Pu'al and Huf'al",Passive:-Paul-Pual-Hufal,hvb,63e85d9d0a686d14e42ce61616933d32,
מסוימים,,"Passive: Pa'ul, Pu'al and Huf'al",Passive:-Paul-Pual-Hufal,msvymym,e0a164d21c74e8a10a89f7a5802842b6,
הרצויה,the wanted,"Passive: Pa'ul, Pu'al and Huf'al",Passive:-Paul-Pual-Hufal,hrtsvyh,582e75f43fb5f99644efc92c1f3d90a1,
מבוזבזת,,"Passive: Pa'ul, Pu'al and Huf'al",Passive:-Paul-Pual-Hufal,mbvzbzt,0d25de517a623761315f78abe9140ff9,
מנוסֶה,,"Passive: Pa'ul, Pu'al and Huf'al",Passive:-Paul-Pual-Hufal,mnvseh,c7a8b74bc4fe82b1f4e9205ff2b10338,
האהובות,,"Passive: Pa'ul, Pu'al and Huf'al",Passive:-Paul-Pual-Hufal,hhvbvt,857e059ed930105dbfd6bc9d01de3dbd,
רצוי,,"Passive: Pa'ul, Pu'al and Huf'al",Passive:-Paul-Pual-Hufal,rtsvy,5a4ba82a6550d09a13ea2fbab5e416de,
מסוימות,,"Passive: Pa'ul, Pu'al and Huf'al",Passive:-Paul-Pual-Hufal,msvymvt,e458877c903547b01b7360df825a8338,
מקובל,,"Passive: Pa'ul, Pu'al and Huf'al",Passive:-Paul-Pual-Hufal,mqvbl,43cbefd8d80ee0e4a061e9ec4afa221d,
מבוזבז,,"Passive: Pa'ul, Pu'al and Huf'al",Passive:-Paul-Pual-Hufal,mbvzbz,aeb46b440505d9f2e4e88bc90d3e2810,
מודאגים,,"Passive: Pa'ul, Pu'al and Huf'al",Passive:-Paul-Pual-Hufal,mvdgym,49ebf3408fa25556739ae2a255644818,
לאיטלקית,,Languages,Languages,lytlqyt,0e58a6092c1e9583e0c303a0572ba9c3,
בשוודית,,Languages,Languages,bshvvdyt,1dc3506c102182ae250b5a0a3b654e18,
שביל החלב,,Outer Space,The-Outer-Space,shbyl hkhlb,b523a531c4ba096ee3dedf14bdc95a89,
ושבתאי,,Outer Space,The-Outer-Space,vshbty,18139edbb748f0a99055f110415163f5,
צדק,Jupiter,Outer Space,The-Outer-Space,tsdq,c4c8ef6bd4c16b99152a3d620551cc69,
לשבתאי,,Outer Space,The-Outer-Space,lshbty,f6887839c2832dad493ca4025eef9502,
לשיגור,,Outer Space,The-Outer-Space,lshygvr,74650157e7dcf8a90166d6f65881101d,
מעבורות,,Outer Space,The-Outer-Space,m`bvrvt,43134d25d917d41ec16e69fdb4c092d8,
המעבורת,,Outer Space,The-Outer-Space,hm`bvrt,88d7b166af7be5274b1ebe7dffb52669,
שיגור,,Outer Space,The-Outer-Space,shygvr,a4f3c89a943c28156449302d332a40ce,
ליקוי,,Outer Space,The-Outer-Space,lyqvy,24ed5f7b25bc98022122b3d41b48bd45,
המכתש,,Outer Space,The-Outer-Space,hmktsh,49342bed912c42b96fe1cc7c53fd5f92,
הגשושית,,Outer Space,The-Outer-Space,hgshvshyt,55070407763e8b205fa342c40beb4e78,
גבוהים,,Adjectives 1 - Basics,Adjectives1-basics,gbvhym,4c439d3691eb187167bbd7c65b5f96f6,
רטובה,,Adjectives 1 - Basics,Adjectives1-basics,rtvbh,986d1676c131ac7c1d6b5145987417bc,
קר,cold (sg. masc.),Adjectives 1 - Basics,Adjectives1-basics,qr,d553ddb189e90f43c5da1becf11220bb,
המשאית,the truck,Adjectives 1 - Basics,Adjectives1-basics,hmshyt,06ac6e802f2c8fe2069214e19b000c62,
מלאים,,Adjectives 1 - Basics,Adjectives1-basics,mlym,202d33ddfd7c7f82958a17e8086ff536,
מלא,filled / full (sg. masc.) / total,Adjectives 1 - Basics,Adjectives1-basics,ml,63f1e1dfd68460fdb698ac6f3441838a,
הגבוה,,Adjectives 1 - Basics,Adjectives1-basics,hgbvh,44a688baeebfeb11264577a5577b3dc9,
גבוה,,Adjectives 1 - Basics,Adjectives1-basics,gbvh,28b6089ec26aa7a40feb22d9de493cd5,
ריקה,empty (sg. fem.),Adjectives 1 - Basics,Adjectives1-basics,ryqh,c0761e089ed6719617f3bdaef4643fd7,
קרה,,Adjectives 1 - Basics,Adjectives1-basics,qrh,84e5cb2bfca678f9ab531c926c45681e,
יבשה,,Adjectives 1 - Basics,Adjectives1-basics,ybshh,0f9ac92a3888e78b2da4dfb6cebbbf91,
והילדה,,Adjectives 1 - Basics,Adjectives1-basics,vhyldh,727c33b8e8c7f978b22b58e769ec5da5,
מהירה,,Adjectives 1 - Basics,Adjectives1-basics,mhyrh,c4ab97c70082244a22fe1f25f7322dc4,
בית הספר,,Construct State 1,Construct-state-1,byt hspr,d05ebc299ba86ca61c1aee1a1bd50599,
בקבוק יין,,Construct State 1,Construct-state-1,bqbvq yyn,386d14fbd5c5140e751158c296b6d7ed,
לחדר האוכל,,Construct State 1,Construct-state-1,lkhdr hvkl,c71013578da923b9b534960f801b47d3,
ארבעים ואחד,,Numbers 2,Numbers-2,rb`ym vkhd,cbc3de2d3d07c1400691d3e232ba58db,
האחרונה,,Numbers 2,Numbers-2,hkhrvnh,ae1e64b743e4a32064b209ba1e891723,
חמישים ושלוש,,Numbers 2,Numbers-2,khmyshym vshlvsh,5e7f07cf605e3dd6f9e081eab0ab541f,
ברובו,,Numbers 2,Numbers-2,brvbv,574891a04f6a9dba71a195b74a967bbe,
הראשונה,the first,Numbers 2,Numbers-2,hrshvnh,fae0931c7342f4e8ca6baa476e20b9fc,
הרביעית,,Numbers 2,Numbers-2,hrby`yt,eaf08df2854e9002857f1ff43e820886,
רוב,,Numbers 2,Numbers-2,rvb,c357c65e2414d627aa7847f339d24f02,
קוראות,,Numbers 2,Numbers-2,qvrvt,519c20ddb29501f83623c1b3e6c6e1ca,
השמים,,Nature,Nature,hshmym,4dd5eaec2072f931924ffe508a4abf5d,
גבעה,,Nature,Nature,gb`h,476de2ab9247d76280484aeb7f8e19d4,
החזה,,Medical,Medical,hkhzh,e3e25a3b6c3babfd928dddac717f34b7,
למטופל,,Medical,Medical,lmtvpl,c228aec50a0af279b9b35aa50727b486,
לחולי,,Medical,Medical,lkhvly,e4de324458795c30386081cd0d52ac73,
שיניים,,Medical,Medical,shynyym,6170bd41d16f4d541e6c5069e222e16e,
הטיפול,,Medical,Medical,htypvl,9946d7dfbcfab4101530df88b75a503b,
וירוס,,Medical,Medical,vyrvs,e6c4ce4bf145e7619ca4f4925577ba1b,
השיניים,,Medical,Medical,hshynyym,ce5939bdfa963733b00668497d8d1f8f,
הפנים,,Medical,Medical,hpnym,2d236b5487275a56312f201629081d9f,
מחלה,,Medical,Medical,mkhlh,f664cc0f668e6dd36fb212e936cc0389,
החולים,,Medical,Medical,hkhvlym,b08b345d3c21edd1e91d26f400d7b63b,
חולות,,Medical,Medical,khvlvt,6ef4c7a7e0fe8ac07ff4e370686e59d1,
וירוסים,,Medical,Medical,vyrvsym,7b1ad67ee5e715353028a94c3f1dfae0,
פנים,,Medical,Medical,pnym,9991c69f1f7af426753012d91fc5018c,
שן,,Medical,Medical,shn,8049914642150be8639e8c64386983c8,
מהטיפול,,Medical,Medical,mhtypvl,d12c0dd074321b7ec499002f4343c52e,
הרומן,,Objects,Objects,hrvmn,83a15f1e8e0e3eaecde4be8ce09d7e32,
ספוג,,Objects,Objects,spvg,78f672e0aaf9ca81b30fd6c3a576f1ba,
שעון יד,,Objects,Objects,sh`vn yd,b00f25d118c96c6637c4dcb1fc5b9872,
דומֶה,,Comparison,Comparison,dvmeh,2ab89175f8abeed447cb2c84c55d941b,
ירדתי,,Verbs: Past Active 2,Verbs:-Past-Active-2,yrdty,d6d0807ba99f69559d12021b4a94d9f2,
התנצל,,Verbs: Past Active 2,Verbs:-Past-Active-2,htntsl,c4ec97c158e26923ad3f3552f2181fde,
בן זוגי,,Family,Family,bn zvgy,c20709cfff61433bc2ab3a5fbb255ef6,
מעריכה,,Verbs: Present - Hiph'il,Verbs:-Present-3,m`rykh,d40361bd107c9e011399da05bae6e259,
מזמינים,,Verbs: Present - Hiph'il,Verbs:-Present-3,mzmynym,d2527558beaaf293f5b03683c61da62f,
להבין,,Verbs: Present - Hiph'il,Verbs:-Present-3,lhbyn,72dc4ce6488f578a36b1d6358f022da6,6b7e89799c553fbacc60750cd9fbd294
מעדיף,prefer,Verbs: Present - Hiph'il,Verbs:-Present-3,m`dyp,e6096ff2ecbb6c9348f8a0c3ef773b24,
מבין,,Verbs: Present - Hiph'il,Verbs:-Present-3,mbyn,383f527c4c82a9983cf87f1497c2bccf,
מביאים,,Verbs: Present - Hiph'il,Verbs:-Present-3,mbyym,95e712013f0cbb28f48a92b070bdf822,
מחזיק,,Verbs: Present - Hiph'il,Verbs:-Present-3,mkhzyq,5407edb7ec72221c14e486735d942c68,
מתחילים,,Verbs: Present - Hiph'il,Verbs:-Present-3,mtkhylym,6ba5e71bc206533202af23548f355439,
בעברית,in Hebrew,Verbs: Present - Hiph'il,Verbs:-Present-3,b`bryt,2d3ecc1229ea1dfba727385dec2142b0,
מביא,(he) brings / bringing / brings,Verbs: Present - Hiph'il,Verbs:-Present-3,mby,1d0426006bf505ff085aa86239ddaf54,
מחזיר,,Verbs: Present - Hiph'il,Verbs:-Present-3,mkhzyr,df945bc2515666cf726f1fbf777fd72c,
מחזירה,,Verbs: Present - Hiph'il,Verbs:-Present-3,mkhzyrh,4e1564a779ea2cd419b47ae5f45f2f8d,
מעדיפים,,Verbs: Present - Hiph'il,Verbs:-Present-3,m`dypym,1b9a9d94e0f9145f18e4383ac180c004,
כרטיס אשראי,,Business,Business,krtys shry,e58f5e8faff24f34b0e77654ee060963,
הסוכן,,Business,Business,hsvkn,03949443781df2e1804dad4aef65f3ec,
התנצלה,,Verbs: Past Active 2,Verbs:-Past-Active-2,htntslh,9b2b56d58360e3d59ae814103344efef,
התעלל,,Verbs: Past Active 2,Verbs:-Past-Active-2,ht`ll,652fa0c162f38c8dcc5a650b4fe6f039,
התלונן,,Verbs: Past Active 2,Verbs:-Past-Active-2,htlvnn,acf8797399fd5986b804726994a4ac59,
השתכרתי,,Verbs: Past Active 2,Verbs:-Past-Active-2,hshtkrty,9dc492a87ebcc4b3e25b68b0d38c9b60,
התנצלתָ,,Verbs: Past Active 2,Verbs:-Past-Active-2,htntslta,051c9edf6e891a30211e72b8515ab450,
התעלם,,Verbs: Past Active 2,Verbs:-Past-Active-2,ht`lm,deaff93ace742dce20ed95b24e020306,
התחננתי,I begged,Verbs: Past Active 2,Verbs:-Past-Active-2,htkhnnty,24e52ba907cc6baf76d93dee6a3a6c7f,
התעללו,,Verbs: Past Active 2,Verbs:-Past-Active-2,ht`llv,05d8a9375649cd0270e53978c188830a,
ירד,,Verbs: Past Active 2,Verbs:-Past-Active-2,yrd,67dc49e11def600e3780ac0de5510ebd,
התעלמתי,,Verbs: Past Active 2,Verbs:-Past-Active-2,ht`lmty,09abc0bc9eebac53c7d8586be8fc8ed6,
התרחץ,,Verbs: Past Active 2,Verbs:-Past-Active-2,htrkhts,253c8616808700a9c8fe5a070c366c12,
התלוננו,,Verbs: Past Active 2,Verbs:-Past-Active-2,htlvnnv,fa0d9e839243b14ea07efa3494eca0a2,
וכלבות,,Plurals,Plurals,vklbvt,78d386b9695e37d8af31f50f9351d8fc,
וחתולות,,Plurals,Plurals,vkhtvlvt,6f28f13e2f7676371d127ba87b237a74,
הכלבות,,Plurals,Plurals,hklbvt,12869c7dcc9e5690666ee8afa5beceb5,
הברווזות,,Plurals,Plurals,hbrvvzvt,5ad1ec7841210dd907f5000da2d28df0,
הסוסים,,Plurals,Plurals,hsvsym,675fd156b98b937f47dfdb5d7a30f328,
ההצגה,the play / the show,Arts,Arts,hhtsgh,a87a46f77a46f7c2b87c0ae8d2f1bdab,
במה,,Arts,Arts,bmh,647f6405b04a2f8762924a444436b69b,
שירה,poetry,Arts,Arts,shyrh,f183803e22a89db7916d4689b756045b,
המכחול,,Arts,Arts,hmkkhvl,79950172116a12c8284685a97318b382,
התסריט,,Arts,Arts,htsryt,89ae32e3b0c0e24cc01ea09b39184388,
צלם,,Arts,Arts,tslm,71532ce4b4424b616044a5fb5c8d663d,ff43d2824cab6a03a021a2cdaa5ed8fa
האיור,,Arts,Arts,hyvr,8a0dcf453be11daacaf3d9488fda76b6,
איור,,Arts,Arts,yvr,e19e3dcb6e50f5711baa05806fb62bdb,
הצלמת,,Arts,Arts,htslmt,306612c97b34671c56635e72fd95b22f,
הסגנון,,Arts,Arts,hsgnvn,e17336a05f2d01476d4f280105fa45ae,
תסריט,,Arts,Arts,tsryt,af126417a2326d617f723d326657ef2e,
להצגה,,Arts,Arts,lhtsgh,fe981a3c2d75a46307cddd3ab3331c5b,
תַראי,,Verbs: Future Active 1,Verbs:-Future-Active,tary,b922cb2f7b6b9ae636b278440f8b1986,
תדברי,,Verbs: Future Active 1,Verbs:-Future-Active,tdbry,cc8ca499b24d0e3f502d3409438d7535,
תתנצל,,Verbs: Future Active 1,Verbs:-Future-Active,ttntsl,378d664559620b0d9ab853ebe0650b6a,
ישתמש,,Verbs: Future Active 1,Verbs:-Future-Active,yshtmsh,9b6da2c4675136a3d2319025575c956c,
ישתמשו,,Verbs: Future Active 1,Verbs:-Future-Active,yshtmshv,09b018d605a549c9641ac1b7372a7e3d,
אוכָל,,Verbs: Future Active 1,Verbs:-Future-Active,vkal,11c057d64cddb6ac8a273a7576aa2c29,
נַראה,,Verbs: Future Active 1,Verbs:-Future-Active,narh,840d6d49e1936caaff303bd7ec4ba023,
יגיע,,Verbs: Future Active 1,Verbs:-Future-Active,ygy`,874ef42aca85c64e465422f8df5cafcf,
נשחה,,Verbs: Future Active 1,Verbs:-Future-Active,nshkhh,e5ebcb5578fbf88edaf6b21f5ebeb318,
תהיה,(she) will be / (you) will be / there will be,Verbs: Future Active 1,Verbs:-Future-Active,thyh,49c960c90d10d5fee78280ee04fa766b,
המסע,,Travel,Travel,hms`,88656d172f5a1da4309df9c95ba06e8e,
ביקור,business card / visit,Travel,Travel,byqvr,515569a7824d2cf83d610a362287cd82,
לאנגליה,,Travel,Travel,lnglyh,cd14615c0ea94ee98947588baa6ec850,
מסע,,Travel,Travel,ms`,9437e59a7ccf44396afc781e0fff65c1,
אינה,,Formal,Formal,ynh,e02f6f69a66917863e71f2bad3bb220d,
איננו,,Formal,Formal,ynnv,dcb29a693178a9650f4314668c5ff9b1,5b26c482372d74f4861692ddef011a93
יחזרו,,Future 2,Future-2,ykhzrv,b98624b6a1a768cca90fb8ee472c06e7,
אחליף,(I) will replace,Future 2,Future-2,khlyp,d6badbdbe3e74981d554af9c71ed3629,
יחליף,,Future 2,Future-2,ykhlyp,bc373ee9e8c0a54faeca7e8f26d44b12,
ישבור,,Future 2,Future-2,yshbvr,99f207370c5d244ea5ad2b8a784f6c12,
נלמד,,Future 2,Future-2,nlmd,9a0bcda24d9b81e6ff6e12da7a5c049a,
המכשפה,,Legends,Legends,hmkshph,603ee7b412efd475303b7a68025a2326,
נסיך,,Legends,Legends,nsyk,35631ffd860e17c552b76d9c95896666,
לחומה,,Legends,Legends,lkhvmh,b93b4d1aa1a40b0e3672e1586ff6acdd,
הרוחב,,Geometry,Geometry,hrvkhb,4a6db3bd71f9402d71bdeb0fec651a88,
נדירה,,Adjectives 3,Adjectives-3,ndyrh,1cbe2926792168afe099c9f935918640,
נפלאים,,Adjectives 3,Adjectives-3,nplym,bad7bea63682ea65d2889d22f640defe,
העתיק,,Adjectives 3,Adjectives-3,h`tyq,33f88464a92135b2f625fda3931b9ffd,
סופית,,Adjectives 3,Adjectives-3,svpyt,758d4ca2175ff3631f77240604611493,
נפלאה,,Adjectives 3,Adjectives-3,nplh,0c39031fabb1f679bdc0711d1c0c4637,
עתיק,,Adjectives 3,Adjectives-3,`tyq,e579af8576acaa4ec6fd7d1c5cb97ad4,
חד,,Adjectives 3,Adjectives-3,khd,997cf16588c724006e2e55bc0c91aba5,
נדיר,rare (sg. masc.),Adjectives 3,Adjectives-3,ndyr,d5264d2319b14ab2cd969b00b18c32f3,
העליונה,,Adjectives 3,Adjectives-3,h`lyvnh,6c0b67948955107f062f637203662a37,
שונֶה,,Adjectives 3,Adjectives-3,shvneh,1bad9e8c0c5018e4884930bd654471ec,
שונים,,Adjectives 3,Adjectives-3,shvnym,58f9a9e9a7b47d3bb2d72fa8785abece,
פופולרית,,Adjectives 3,Adjectives-3,pvpvlryt,037c87d351df513c9251aa9386deb9d6,
העליון,,Adjectives 3,Adjectives-3,h`lyvn,9acf060224795805ae983435820ae44c,
ילדתו,,Possessives 2,Possessives-2,yldtv,b3e80be885f88d8de9345e4babed5bf9,
מסעדותיה,,Possessives 2,Possessives-2,ms`dvtyh,e5e7bd3365643cf5db0a17c6bafbbb19,
סוסנו,,Possessives 2,Possessives-2,svsnv,bb4dac1e5e625b8107a079927d57cace,
סוסךְ,,Possessives 2,Possessives-2,svsk@,1d5c242f9214da523f0eb3bb498357ce,
שמלתךְ,,Possessives 2,Possessives-2,shmltk@,f1f3c65a9e191072ac1ef1c8299bfd70,
אביךָ,,Possessives 2,Possessives-2,byka,52412dc49514aaa10a3f0d76f4e945c8,
מסעדתי,,Possessives 2,Possessives-2,ms`dty,4da9c064b878bc057736500485fa43c7,
מסעדתו,,Possessives 2,Possessives-2,ms`dtv,41a3fec615837a59741c6a8e4df56b0f,
כלבם,,Possessives 2,Possessives-2,klbm,40cffbaed6b85a47d903524c4f55f028,
ילדתכן,,Possessives 2,Possessives-2,yldtkn,78792cac5d8853ab00491476adb40d20,
מסעדותיכם,,Possessives 2,Possessives-2,ms`dvtykm,61bed9cff26bb7c2680271884aa29a8a,
ילדינו,,Possessives 2,Possessives-2,yldynv,0ef0874f84548dc2a4a83ed7d0333c25,
שמלתה,her dress,Possessives 2,Possessives-2,shmlth,eec563f08ce810e9a7576322dc82f8fd,
המוזיקה,,Music,Music,hmvzyqh,e48b5960f22fb309b60195c7b0d2486d,
לקונצרט,,Music,Music,lqvntsrt,6f2cca02b19fc0fc86796e26d3c0fbea,
אקורדים,,Music,Music,qvrdym,f4b070c479c3fdfe037516017eff8428,
המלחינה,,Music,Music,hmlkhynh,bc6b78950ffc53aff0f6756bbc64e734,
מוזיקה,,Music,Music,mvzyqh,0799e50c71a4ba36b46aee414b17b3aa,
לזמר,,Music,Music,lzmr,ea084c505c489555b684f7df38ceb67b,
מלחינה,,Music,Music,mlkhynh,f4f70c112629f83f28c0c7e032886a54,
ז'אנר,,Music,Music,z'nr,af5e8eafc74041c4e568b383866631dc,
קונצרט,,Music,Music,qvntsrt,2da7fcda80ebbb05bba461a7b3ea8a7d,
הז'אנר,the genre,Music,Music,hz'nr,83e56fce369b3d1c462d61a2c0507d7b,
הזמרים,,Music,Music,hzmrym,6203b963e649feb6324a413b3ce6301e,
המלחין,,Music,Music,hmlkhyn,c780cab51b7cbddb9c7e9752c1e9f97d,
אינךְ,,Formal,Formal,ynk@,b8e07681a4f8189b77dac9d4db1ef89b,
אינני,,Formal,Formal,ynny,5f79927bae5b30ddf2a30ded5f819248,
איני,,Formal,Formal,yny,ed7ade5671b8f36c385e4e70a912978d,
השומרים,,Occupations,Occupations,hshvmrym,7ac1e2b7e070247383d6a312a6646e33,
תלמידות,,Occupations,Occupations,tlmydvt,1d5e6ea93b5d703fd3c21eff21ec01b0,
תלמידים,,Occupations,Occupations,tlmydym,e5814c570b410b33630119f9bc555b4b,
הקברניט,,Occupations,Occupations,hqbrnyt,21c2fb1c210d06f76f4598f14802e3b1,
המזכירה,,Occupations,Occupations,hmzkyrh,d7173c09f439486b88f92ad6c9da66f7,
שופט,,Occupations,Occupations,shvpt,ce2409b075f114822a7ca5307ab03c8b,
למלצר,,Occupations,Occupations,lmltsr,d290840195c47a5212c09a03c2177f40,
עוגת יום הולדת,,Construct State 2,Contruct-State-2,`vgt yvm hvldt,d13e37ec70f9e82395389321db848e5c,
שומרי ראש,,Construct State 2,Contruct-State-2,shvmry rsh,7759d0d402aaecfd82806c43a1ff5b21,
כלִי הנשק,,Construct State 2,Contruct-State-2,kliy hnshq,114d0f88c42499aea90e1178d71b6a52,
חלונות חדר האורחים,,Construct State 2,Contruct-State-2,khlvnvt khdr hvrkhym,aa813acb8a48e192e0614ca7880d6914,
תולעת ספרים,,Construct State 2,Contruct-State-2,tvl`t sprym,7c1c2d98d0fe88e288f8a381ad510358,
בית המלאכה,,Construct State 2,Contruct-State-2,byt hmlkh,1fcb921ca40ff4430f847c5e7dd657ef,
בתי מלאכה,,Construct State 2,Contruct-State-2,bty mlkh,1938e500cd0ed79bbb8e0ff87dc31893,
כלֵי נשק,,Construct State 2,Contruct-State-2,kley nshq,66373b7f62e8676c6ed0156aa9cda2f9,
שומרי הראש,,Construct State 2,Contruct-State-2,shvmry hrsh,b6e9f022b3c8f5dac79300798b2d3d5e,
שטיפת מוח,,Construct State 2,Contruct-State-2,shtypt mvkh,bd7e4b95cbe6c502687fd6e12203d17f,
פסקי זמן,,Construct State 2,Contruct-State-2,psqy zmn,05be011732ba594defbb98cb7432e078,
חלון חדר אורחים,,Construct State 2,Contruct-State-2,khlvn khdr vrkhym,b433546d19c5ecafe0f345691b0ad72e,
יוסי,,Common Phrases,Common-Phrases,yvsy,51eea5ceb7f552c70bdad66c8c781c8a,
מה שלומךְ,,Common Phrases,Common-Phrases,mh shlvmk@,0766da697c83a0d37c6da5bdc6ede3c2,
בעיקר,,Adverbs,Adverbs,b`yqr,21c0c677e79b773458c6d5bc93a09aaf,
הפעם,,Adverbs,Adverbs,hp`m,596661d0ad92255ab24c48cc6e8ff230,
בקלות,,Adverbs,Adverbs,bqlvt,0ae17bc0de5d492a3cd9c42c8294a676,
פעם,,Adverbs,Adverbs,p`m,c6863f7f24d94608502233e994db5ea9,
לפחות,,Adverbs,Adverbs,lpkhvt,915dcbf240d5b7be35390aeef81ffd3a,
לאחרונה,,Adverbs,Adverbs,lkhrvnh,a86930d245b9e5ac1d923f7aa20eb2cb,
במשך,,Adverbs,Adverbs,bmshk,38bcffdf2c95d1702d656e9eca7b677a,
לבד,,Adverbs,Adverbs,lbd,b4fc5eb8f253dd1cd808817a41ebbfe5,
אחרת,,Adverbs,Adverbs,khrt,20cbdf777aac466cc99f3669eebcb47a,
גשום,,Weather,Weather,gshvm,de937ee09da6110187475e2690aef35f,
הטורנדו,,Weather,Weather,htvrndv,1fcc27301f8d29f611b5dbe6c82c6d27,
יורד,descending / descends / falls / goes down / it is raining / rain,Weather,Weather,yvrd,a0b142997bbf7c62235a2c8e8015eea5,
זורח,,Weather,Weather,zvrkh,4eafd9382762ba8133396edf03231afb,
מעונן,cloudy,Weather,Weather,m`vnn,8e6555414a03e6eefafbdc8e37e1d503,
וגשום,,Weather,Weather,vgshvm,ce3cdfd9facb2a4cf4133b9d3a734b80,
הטמפרטורה,the temperature / the temperature is,Weather,Weather,htmprtvrh,94fb33957e4b2c9ae5d27f3a8d2164f8,
זורחת,,Weather,Weather,zvrkht,a4b19f3b58a62aaf1f565d52ad5c5082,
גל החום,,Weather,Weather,gl hkhvm,6ad71d38316b768ff8ab532cae466dd3,
יורדת,,Weather,Weather,yvrdt,ad100a089b58e71f8d265d81559b4dcf,
טורנדו,,Weather,Weather,tvrndv,a122862a945c9f961c1ad3c9053aa0eb,
הערפל,,Weather,Weather,h`rpl,3b0f4963666a307a199f96ba016d6eeb,
בחדר האוכל,,Construct State 1,Construct-state-1,bkhdr hvkl,ce3109e5025563c9e3e4bbd1711452bb,
ארוחות הצהריים,,Construct State 1,Construct-state-1,rvkhvt htshryym,92238774b16500284575143b44ecd46c,
בקבוקי המים,,Construct State 1,Construct-state-1,bqbvqy hmym,8c49dc940a980a71a7c6a7f9d6a7e7e4,
ינואר,,Dates and Time,Dates-and-Time,ynvr,d996d6f5e242d70643549b2bb0fe7158,
יום שני,,Dates and Time,Dates-and-Time,yvm shny,0ae9bc6fa5f53ba60840bfd679470d7e,
העשור,,Dates and Time,Dates-and-Time,h`shvr,c13b2efff44fc3d15d1099a185d6b23e,
באוגוסט,,Dates and Time,Dates-and-Time,bvgvst,e5e68fff439fcc44ce71042467df27ac,
אוגוסט,,Dates and Time,Dates-and-Time,vgvst,e57acac9017a02224e377f2253e3f670,
התפוזים,,Dates and Time,Dates-and-Time,htpvzym,d5e7a636d4bb61d8d2e93df2beb56af6,
תאריך,,Dates and Time,Dates-and-Time,tryk,90dce7121da4e51da4eeb6bf25372f41,
הגיל,,Dates and Time,Dates-and-Time,hgyl,2ca7a952c74d253370ebcf8351bbf0fc,
כיום,,Dates and Time,Dates-and-Time,kyvm,752f81b53173b39b58fdba4226cf024d,
עשור,,Dates and Time,Dates-and-Time,`shvr,eb73b736f60c3a614f79ce895ddb5bd7,
גיל,,Dates and Time,Dates-and-Time,gyl,9640821d18c5d77e1cfcf9f5403e35e0,
לעצמנו,,Pronouns: Reflexive,Pronouns-reflexive,l`tsmnv,11806142759ff0d8b2b961d188b6d5ad,
בעצמךְ,,Pronouns: Reflexive,Pronouns-reflexive,b`tsmk@,c32be40ba8ec3b8da937d6dc3df41e09,
לפי דעתם,,Discussions and decisions,Discussions-and-decisions,lpy d`tm,750f3749045550622cf562e8b38c6916,
לטעות,,Discussions and decisions,Discussions-and-decisions,lt`vt,f912c376999ba92ba5861e9cd1636cf9,
לשומר,,Occupations,Occupations,lshvmr,b60ff1eedeb678a3b96424154f81989b,
המלצרית,,Occupations,Occupations,hmltsryt,6f9d8f077e7f7d56a04e36165f0909e2,
חיילים,,Occupations,Occupations,khyylym,f48118baa59800c15e1f8aa500b3b741,
המלצר,,Occupations,Occupations,hmltsr,12a982f3faaaa967c244eddb27e52f91,
חייל,,Occupations,Occupations,khyyl,854f5e13cbd874b95992c9fc4b2f1b97,
לקברניט,,Occupations,Occupations,lqbrnyt,5cdb1f778c701290fe6f1fcc64d3707d,
הדוגמנית,,Occupations,Occupations,hdvgmnyt,202b0e835f208aa5b646ab0f37e96bac,
שופטת,,Occupations,Occupations,shvptt,c534233d30543be0c0aa72060f3083e3,
מזכירה,,Occupations,Occupations,mzkyrh,baf715aa4fad066434778daba180bbc8,
דוגמן,,Occupations,Occupations,dvgmn,4a0e3a10a68d452118f56ae6bf2c7f18,
דוגמנים,,Occupations,Occupations,dvgmnym,e1fa9fe3cb08ed0b1ffd2de1a39b669c,
השומר,,Occupations,Occupations,hshvmr,1d681d0c1a3640bc3871d5363a8968ef,
התלמיד,,Occupations,Occupations,htlmyd,497272545d2b8a88ea757ca68707f037,
מלצר,,Occupations,Occupations,mltsr,1d7af0eccfb53cece2f3ce24ec16f01b,
הולנדית,,Languages,Languages,hvlndyt,b616ceb126b02e77d7b30e794c674a48,
נקודה,,Languages,Languages,nqvdh,22ccd83e9e35d86ebb8698cd4eb71758,
שפת האם,,Languages,Languages,shpt hm,b33586d2a895158ed6bca2093f8e5242,
ספרדית,,Languages,Languages,sprdyt,e75e5259a149cd595643379371881e66,
שם תואר,,Languages,Languages,shm tvr,65efea6f8d53d81e4837ebb7bca77d9a,
שם עצם,,Languages,Languages,shm `tsm,13efc269323b7d093361a248da31acca,
שוודית,,Languages,Languages,shvvdyt,bc422c55b2a59ada65b171ba68a0f699,
שבדית,,Languages,Languages,shbdyt,864c70b22f872fc490edc670a9398e97,
איטלקית,,Languages,Languages,ytlqyt,696281b151c718b62f0e04f788314af2,
שם התואר,,Languages,Languages,shm htvr,facb88ae5ac3aea1da979a09eee8ae5b,
נקודות,,Languages,Languages,nqvdvt,5ae7aa1ca042b7751b2b2d1988ff0363,
שם העצם,,Languages,Languages,shm h`tsm,49c31b9b0400195cf1e93be31691f183,
יקרא,,Future 2,Future-2,yqr,72a6dc8dce373c05d3f73a70bb1400f5,
יעבדו,,Future 2,Future-2,y`bdv,ede6be6d1f810e47f51f04e2f59f6343,
תחזור,,Future 2,Future-2,tkhzvr,8da2a3acf5df7c2e3c389a9a49f345a6,
יצליחו,,Future 2,Future-2,ytslykhv,1e90c14d8d9f6e9bf074bdd3d92d9a57,
ילמדו,,Future 2,Future-2,ylmdv,f86669ce321554c4f094152d56c2e8da,
נתפלל,,Future 2,Future-2,ntpll,ef75cdcdf16d76e5ad986782cb8c1985,
אצליח,,Future 2,Future-2,tslykh,e021fe720fd64acdacca876556d65eaa,
נשבור,,Future 2,Future-2,nshbvr,88b092a8ded9a889305c236047ce394f,
אשבור,,Future 2,Future-2,shbvr,f25c9e6c7f2ecc6cc68834230d62e199,
תעבוד,,Future 2,Future-2,t`bvd,1f23b2f59dcc31796f794a92a7792952,
הנשיאה,,Politics,Politics,hnshyh,965deb6dbc9d4c4ad650641af2201899,
המשפטים,,Politics,Politics,hmshptym,8336683e77b4dc9a4052db9974417506,
שרביט,,Legends,Legends,shrbyt,e7983b5d7d1d06fa40b6becb7dbb71cd,
שיקוי,,Legends,Legends,shyqvy,06e0efafaed25f20882f5bf3f971cfe6,
הנסיך,,Legends,Legends,hnsyk,06f6870ca29ee919ca11e8cd2422c7d0,
השרביט,,Legends,Legends,hshrbyt,6618bc31c3e2c3452e228641c0439968,
משכורת,,Business,Business,mshkvrt,9ecdcf2c3a7b2cb927f62b8b93f0baee,
הפרסומת,,Business,Business,hprsvmt,73cb20fb12da2be327701eac160680f7,
סיכונים,,Business,Business,sykvnym,d2665764d945a13f1b65c0d468bc32cc,
במטבעות,,Business,Business,bmtb`vt,3449bf144f36906352457d53134614ef,
בכרטיס אשראי,,Business,Business,bkrtys shry,021301092c8d76fe31c8e9f0fc337d76,
אתם,do you want / you / you are,Basics,Basics,tm,1b2d9039408dbfe047dc982853ae34e1,
נשים,,Basics,Basics,nshym,2762b6874f730f6d7485abe3d320e88c,
והם,and they are(masculine) / and they(masculine),Basics,Basics,vhm,4af058903f1621c5e1854893eb3d0bd6,
ילדים,boys / children / kids,Basics,Basics,yldym,641a91c52f38b5c10011b3760e89f84a,
אתן,,Basics,Basics,tn,b26987a312684e240e17140979fdf6ed,c003a2f3715750ea45281adf727a226f
הילדים,the boys / the children / the kids,Basics,Basics,hyldym,aa827fe8fc2b1e43608c2f1b69f1240f,
וילדים,,Basics,Basics,vyldym,aeba083f9e433b0fe9a62709322de7cc,
הם,are / they / they are,Basics,Basics,hm,e89b6a572756d24b9dbc2d726e1a5fa1,
הן,are / they / they are,Basics,Basics,hn,4727b8bc52b871f907d13a848c80b59e,
אנחנו,we / we are,Basics,Basics,nkhnv,e4d0dbf02f64a7875801fae36be7f7fe,
חגים,,Jewish Festivals,Jewish-Festivals,khgym,1e62a2c35351122c8bc8d6df12721444,
החנוכייה,,Jewish Festivals,Jewish-Festivals,hkhnvkyyh,f74a11cde9d18aa90f96655c3cdf7cf0,
משלוח מנות,,Jewish Festivals,Jewish-Festivals,mshlvkh mnvt,fc6b92da24e3959e6d9b44d1c0b077ef,
שבועות,,Jewish Festivals,Jewish-Festivals,shbv`vt,291f9d2a5c1ce9f5c70c403db20e298c,
חנוכייה,,Jewish Festivals,Jewish-Festivals,khnvkyyh,c6429f97b92175c5161b146b397ab8f6,
סופגניות,,Jewish Festivals,Jewish-Festivals,svpgnyvt,9eb7e01a9662250170378c79eac76c0d,
מתן תורה,,Jewish Festivals,Jewish-Festivals,mtn tvrh,5a8867a87460ca5a8c2d916cef55581c,
לחנוכייה,,Jewish Festivals,Jewish-Festivals,lkhnvkyyh,eddfc849c6c647528096cea5f8795033,
בחנוכה,,Jewish Festivals,Jewish-Festivals,bkhnvkh,4e7f63c338e66e63b25792387a2fe31d,
חנוכה,,Jewish Festivals,Jewish-Festivals,khnvkh,dfc5a2735ce7a2409a87038a41812b20,
הסופגניות,,Jewish Festivals,Jewish-Festivals,hsvpgnyvt,88f67a971c7dad3a402a501c9aba684b,
"ט""ו בשבט",,Jewish Festivals,Jewish-Festivals,"t""v bshbt",b5f8b7783fcd98b2cfc86080baf1d9f4,
חג,,Jewish Festivals,Jewish-Festivals,khg,e44687131ea9be80ac1402603c92c1e0,
בשבועות,,Jewish Festivals,Jewish-Festivals,bshbv`vt,42774e736f2be56ce14d2ed0718e1690,
אוזני המן,,Jewish Festivals,Jewish-Festivals,vzny hmn,c35529bdab82b097c9066afe8f743d9d,
אַל תעמדו,,Negative Imperatives,Negative-Imperatives,al t`mdv,ca95cc8962cdcb8ad1ebf3248ef926c9,
אַל תעשו,,Negative Imperatives,Negative-Imperatives,al t`shv,72bc648b0f48604cd2f4deea4bb749bf,
אַל תשלחו,,Negative Imperatives,Negative-Imperatives,al tshlkhv,a82e94c46b2e8dcb163e35948d2b5e5e,
אַל תקשיבו,,Negative Imperatives,Negative-Imperatives,al tqshybv,09ccdee3a8e91ca7f5c666bf3c47e6e3,
אַל תשלח,,Negative Imperatives,Negative-Imperatives,al tshlkh,5e242bc8b851d5fa77936f765caefea4,
אַל תחכי,,Negative Imperatives,Negative-Imperatives,al tkhky,b0178e7dff355d01ac897f3fd368b0e0,
אַל תחכו,,Negative Imperatives,Negative-Imperatives,al tkhkv,f21f1e72903b0c5f7f205a73839d816f,
אַל תיתנו,,Negative Imperatives,Negative-Imperatives,al tytnv,d774e34665e05b1dccead48b54412f35,
אַל תערבב,,Negative Imperatives,Negative-Imperatives,al t`rbb,711bbe9f630ffdd59f28cabeb284fc40,
אַל תלך,,Negative Imperatives,Negative-Imperatives,al tlk,98a8bd938009a871a2c9c1dbc9ceca6f,
אַל תערבבי,,Negative Imperatives,Negative-Imperatives,al t`rbby,9f3078d5cd8e2484e16067e57f93a1c0,
אַל תעשה,,Negative Imperatives,Negative-Imperatives,al t`shh,f76bb23dca9d6d6571b73d65b2082929,
אַל תיתן,,Negative Imperatives,Negative-Imperatives,al tytn,b535f2d25cc19300cb736e4f92b02f6a,
אַל תחכה,,Negative Imperatives,Negative-Imperatives,al tkhkh,272a0418dd970abeb76b69f9897f1d4b,
מלאכים,,Religion,Religion,mlkym,2e24f63a10e5c3739d4ee28034be8117,
הכותל המערבי,,Religion,Religion,hkvtl hm`rby,ff28092cf60b45f8849788704cd1f3b1,
מלאך,,Religion,Religion,mlk,2fded62887c8467526a2a0fe25348ad1,
הדתות,,Religion,Religion,hdtvt,5282c37c7b26bdc5a58a2ef5ee4905c1,
מוסלמים,,Religion,Religion,mvslmym,7275e2ca4b2605b454846e1afd304665,
אלים,gods,Religion,Religion,lym,5d1389d17d6b4d998a9d0e3d68309a42,
כנסיית הקבר,,Religion,Religion,knsyyt hqbr,db64381c2a861c8bc9aa6dbfb3a2d13a,
לכנסיית הקבר,,Religion,Religion,lknsyyt hqbr,133fd2fdd383608eb605a8c84876bbdc,
בנצרות,,Religion,Religion,bntsrvt,ee33ca95a0dba916612a164b7fb44bc6,
דתות,,Religion,Religion,dtvt,31d684c7e83a6c30de53321e7497ba61,
רוחני,,Religion,Religion,rvkhny,5b4fec61f10d7d99430de123b0c1a404,
והנצרות,,Religion,Religion,vhntsrvt,9d7cd626e1d3cde3705725e19e86dfdb,
אליפסה,ellipse,Geometry,Geometry,lypsh,1ffc557465dc4c0299729c873c6e477c,
לחופשה,,Travel,Travel,lkhvpshh,4c8648156caf747c0aa02789c72ba0da,
הביקור,,Travel,Travel,hbyqvr,7c31086bbfa9bacc1d72d57132946bbc,
אנגליה,,Travel,Travel,nglyh,e675dae87e23befd2ec9e32abb4ebd10,3186620c9cf2a55641d7afe2611b586d
תיק הגב,,Travel,Travel,tyq hgb,73bce020a3e6fbc6b0d5939322fba145,
החופשה,the holiday / the vacation,Travel,Travel,hkhvpshh,6a5d662e896e3def24c76b6bad04c204,
טיול,,Travel,Travel,tyvl,1e647618fa5b9f1c99c6f37e36cde9b2,
מכונית,,Travel,Travel,mkvnyt,7126f3063bbbaf7457d2caf697e8a6be,
הרכבת,,Travel,Travel,hrkbt,a0d59d3ed502a294d4df6f3671866ec6,
עצמי,,Pronouns: Reflexive,Pronouns-reflexive,`tsmy,a824d12a648d30e15867711fa5ddc26c,
עצמן,,Pronouns: Reflexive,Pronouns-reflexive,`tsmn,2539ea3cd2bdce100eb6550d896cbfe9,
בעצמו,,Pronouns: Reflexive,Pronouns-reflexive,b`tsmv,42302c3e24767ebcf8845c97d8f7b904,
למוצר,,Business,Business,lmvtsr,5cbc06f70cc263d6559ed0551c0c27f5,
מטבע,,Business,Business,mtb`,4ebdabe51305da48079dbcc371f51fce,
מהמשכורת,,Business,Business,mhmshkvrt,cbc17f4c985fd38a1c0bd6a85949b1ba,
המשכורת,,Business,Business,hmshkvrt,530dada5b9404a25ba6c4116104db566,
שקלים,,Business,Business,shqlym,1dbc530850c9f2ad04a228fae59e8be4,
סיכון,,Business,Business,sykvn,e696cfff13392af50ca0a73a1954554f,
שקל,,Business,Business,shql,ac688b3bfecc157e9c324bbf6934e978,
מוצר,,Business,Business,mvtsr,af672cc7d84c678a64d6b18fdb282d72,
סוכן,,Business,Business,svkn,cbe4b0966da19ff8444db20c45d03ee7,
הפרסומות,,Business,Business,hprsvmvt,1d4005944b8d34f1879a1d9e9196ead3,
סוכנים,,Business,Business,svknym,bdf432981e1ea08dbccff434b4671b60,
המוצר,,Business,Business,hmvtsr,791413e3026fae656f71bf09fc9ae5c4,
כרטיסי אשראי,,Business,Business,krtysy shry,87246c6abf910b5f70be2b7d82b302f3,
כתובת,,Home Sweet Home,Home,ktvbt,51e9148f455b1fb4bf461381edfed76c,
מעלית,,Home Sweet Home,Home,m`lyt,a5d04ce7f6add5a5be8a547e64aa5af5,
דירה,,Home Sweet Home,Home,dyrh,479116182eec440fd74c96cb27f01e4a,
האמבטיה,,Home Sweet Home,Home,hmbtyh,e5aec5f8daae94e27f9a3b77d6ee5913,
המראה,,Home Sweet Home,Home,hmrh,8b88c1d309979a40b86bf3232e7cdaa3,
ואחת,,Home Sweet Home,Home,vkht,ea741f1d1cc34a1217a2c5649576fd2c,
מכונות כביסה,,Home Sweet Home,Home,mkvnvt kbysh,dcc608fbe5b865d2b94fcb8ada8efd3d,c909d80ae926ceb9cb8dcae7c872f30f
הדירה,the apartment / the flat,Home Sweet Home,Home,hdyrh,8d1e464f03b9d5723bb16932e9579889,
כלי עבודה,,Home Sweet Home,Home,kly `bvdh,3ab73b5d2ff942c2e79cc7f61af71abc,
הרצפה,,Home Sweet Home,Home,hrtsph,ec7129f74ab20cbf1b0a92fdea71208f,
המעלית,,Home Sweet Home,Home,hm`lyt,c5fba5703a89f8b3a0aa22c5d425b59a,
למראה,,Home Sweet Home,Home,lmrh,e535452f18e3f3239ebfd7c42abb5f31,
נגדךְ,,Prepositions 1,Prepositions-1,ngdk@,0d123ae0662a6af18c7b569821bb5fc9,
בתוככן,,Prepositions 1,Prepositions-1,btvkkn,df50f8c3f3911b81d4e9c0888897f723,
נגדךָ,,Prepositions 1,Prepositions-1,ngdka,4f05d90b1a99ed294774dd9a7f77e635,
נגמרת,,Nif'al Construction,Nifal-Construction,ngmrt,095280afcc46247553049701260ae827,
נגמרים,,Nif'al Construction,Nifal-Construction,ngmrym,56052d6f72ff225f7153f2483ca5b18e,
נגמר,ended / finished / over,Nif'al Construction,Nifal-Construction,ngmr,6a08f00e608fc6c72150a45c921dbb9d,ba1c0a618c388b4a567cfde246f02b54
נכתבים,,Nif'al Construction,Nifal-Construction,nktbym,da09e06174d3b9672eeab39545b80a49,
על ידי,,Nif'al Construction,Nifal-Construction,`l ydy,de7cd46c43ca7fac7259d83ed057fcdd,
נשרף,,Nif'al Construction,Nifal-Construction,nshrp,d44e15a86302bc54e78f86b9eb62d360,
נגרמת,,Nif'al Construction,Nifal-Construction,ngrmt,1aa222ca5aa1ab2cffd21248371034e8,
נראית,,Nif'al Construction,Nifal-Construction,nryt,a6db586c2dbcacf3c8d56a9ef7181205,
נפתחות,open,Nif'al Construction,Nifal-Construction,nptkhvt,22e4f1ab54896839444d0593c60bc762,
נגרמות,,Nif'al Construction,Nifal-Construction,ngrmvt,4a33542085c6e845ae6a844659163882,
נכתב,,Nif'al Construction,Nifal-Construction,nktb,06941f3f2b543472284070a5047361ed,72e94e5ed2e7d3ae4116e5386c23507e
נאבדת,,Nif'al Construction,Nifal-Construction,nbdt,c4159d6e57bd238cda9f3074966b6249,
נאבדים,,Nif'al Construction,Nifal-Construction,nbdym,befac84521a284bb10c4a4e7710c84f8,
אחרי,after / after I,Prepositions 2,Prepositions-2,khry,52f45c7c9794cf13efcfcd56dafe6a8a,
אלינו,,Prepositions 2,Prepositions-2,lynv,81988da303e53de52a8bc389e69534ee,af365dee04bc0dda0d24bcc4d671371a
אליהן,,Prepositions 2,Prepositions-2,lyhn,0174457403a706244003edebb95af97e,
אליהם,,Prepositions 2,Prepositions-2,lyhm,25bdd05bb608c1a143a4ddaa2857116a,
בין,among / between / between...and...,Prepositions 2,Prepositions-2,byn,1386f12526e4a3932458c70ed3f21a6d,
עלינו,,Prepositions 2,Prepositions-2,`lynv,e69dc2c73ad32729028ee5d64a3bbdc1,
בפנים,,Prepositions 2,Prepositions-2,bpnym,3e9fd9e13f01a4dc72909271b8fadb57,
אלייך,,Prepositions 2,Prepositions-2,lyyk,32f302582bb08ee022ca46e4f9050b43,
עליהם,,Prepositions 2,Prepositions-2,`lyhm,c77d20fedc7c8d3b7c3a1b6f621ef017,
עליו,,Prepositions 2,Prepositions-2,`lyv,435d4847da57b1713730ac4b5881c76c,6c053dbb88800c42a00b465182352d36
חכי,,Imperative 1,Imperative-1,khky,1dbf238be9c5eae5219d856f292c0b62,
צלמי,,Imperative 1,Imperative-1,tslmy,39f3ad8a7dce32c5a8cfb13552a2523e,
קנה,,Imperative 1,Imperative-1,qnh,ccf26f116b38f909f24f9379e816fcfb,
נסו,,Imperative 1,Imperative-1,nsv,cc55e40c944f2ebc7a8b63e7330e72cc,
רוץ,,Imperative 1,Imperative-1,rvts,a27ad7fb4eb558db8754c59e2ed8579c,
השתמש,,Imperative 1,Imperative-1,hshtmsh,b65c474563f78ce17596e5647627c259,
השתמשו,,Imperative 1,Imperative-1,hshtmshv,242beb88f70dca308f61f85e47cf45ec,
צלמו,,Imperative 1,Imperative-1,tslmv,0526a5add06066c9e7305d1d4ec7fb6b,
קני,,Imperative 1,Imperative-1,qny,72e729099990fb94af870952834fd5a4,
התקרבו,,Imperative 1,Imperative-1,htqrbv,2e26935aca200cf05d247a3778ffded2,
התקרב,,Imperative 1,Imperative-1,htqrb,f18c1e7da35bb474251bb088a98fad07,
רוצו,,Imperative 1,Imperative-1,rvtsv,a1f27a12470139cc9ab262b2360eb640,
כוח,,Abstract Objects 2,Abstract-Objects-2,kvkh,09f3cfd6f71e686af1120ab08085cfe5,
גישה,,Abstract Objects 2,Abstract-Objects-2,gyshh,c647ecd14029367b4ad4e920f16b993a,
העמדה,,Abstract Objects 2,Abstract-Objects-2,h`mdh,e06327a7b0d7903ff61d7c564f15fd8a,
הכוחות,,Abstract Objects 2,Abstract-Objects-2,hkvkhvt,67928ae5005a3ac187ad1c2390170b91,
עמדות,,Abstract Objects 2,Abstract-Objects-2,`mdvt,3abf06efa3b436a2e11ed1f400f93629,
הנאה,,Abstract Objects 2,Abstract-Objects-2,hnh,311078c80aa13cd5f3f5a0a29cf8c8bc,
מסורת,,Abstract Objects 2,Abstract-Objects-2,msvrt,cb8fa6f7ea387b8b6e58ee0b6ca7f785,
שקרים,,Abstract Objects 2,Abstract-Objects-2,shqrym,85d745b9fef0e4be0583aea5c0e87bdf,
הגישה,,Abstract Objects 2,Abstract-Objects-2,hgyshh,88f98bebe61d9667ef6ad3724fbf54e9,
רשות,,Abstract Objects 2,Abstract-Objects-2,rshvt,980c55cb97cbed68c97ea505947f4c86,
ההתנהגות,,Abstract Objects 2,Abstract-Objects-2,hhtnhgvt,e70beb778c0765d4b05c557e556fc51e,
בעמדה,,Abstract Objects 2,Abstract-Objects-2,b`mdh,0fcb80d82f068c59618f6e33a3e51ee0,
מכון כושר,,Sports,Sports,mkvn kvshr,3cbd94db0806c0ae337cc577fb1633ef,
למכון הכושר,,Sports,Sports,lmkvn hkvshr,8a776fbdea3e192e8c2f1ef39f9e6b6f,
מרתון,marathon,Sports,Sports,mrtvn,0f5f689fff456eed9e4626e963505e3b,
טניס,,Sports,Sports,tnys,810e52e31d24e8d0c622ce77062b6f06,
במרתון,,Sports,Sports,bmrtvn,b357e37613f45ff522400011ca31d5b7,
בלמית,,Sports,Sports,blmyt,d51b78c8400a1b08f798def2fa21dda8,
כושר,exercise / fitness / gym,Sports,Sports,kvshr,86ce9931d69b51e03534b29d9bd6c229,
הבלם,,Sports,Sports,hblm,a698515acaf76739eba22ab0fcf95898,
הטניס,,Sports,Sports,htnys,1d98790fd968fe04796849b945bcae88,
המדליות,,Sports,Sports,hmdlyvt,a8e2d7401da9cc272f14e725847e2785,
בטניס,,Sports,Sports,btnys,4f9e79daa5d6bc6bb7da2f97cfca35a3,
גביע,,Sports,Sports,gby`,26059798ccafc084c68b60b7b2482332,
הראשון,first / the first,Numbers 2,Numbers-2,hrshvn,3f518e4bae19f4ddca5a6f1ad69820ff,
חמש,five (fem.),Numbers 2,Numbers-2,khmsh,2046aca176ae2620c7bc5062645e0d47,
לחמש,,Numbers 2,Numbers-2,lkhmsh,afe22973d2ec9edaf63daf6bfd8cff6d,
האחרון,,Numbers 2,Numbers-2,hkhrvn,6949e31cd0c79769f0a69fe520f8068b,
דומָה,is similar / similar,Comparison,Comparison,dvmah,297c70e8d4e4fd474aad3b6dd6cb778b,
ראשון,Sunday / first,Numbers 2,Numbers-2,rshvn,32680d43c9876f5e26ff03e5b0e7928f,
דומים,,Comparison,Comparison,dvmym,032ae96d63635cf95e223d566d9d7642,
שתי,both / both of / two (fem.),Numbers 1,Numbers-1,shty,049d08af97fbc80efbeb4b4887297823,
שתיים,,Numbers 1,Numbers-1,shtyym,cf6f8e05ad3b83b33e2b68ee4d68b11a,
שמונֶה,,Numbers 1,Numbers-1,shmvneh,98ac7d12407d62075974502c3c94c110,
שמונה עשר,,Numbers 1,Numbers-1,shmvnh `shr,833f42d0c7e30270625d4e2f236fea54,
שש,six (fem.),Numbers 1,Numbers-1,shsh,8b0f333c7c11c6e2a9cd00ca3296b8df,
שני,Monday / both / both of / second / two (masc.),Numbers 1,Numbers-1,shny,1c7b4963bd5970e80a7199bfffef9e56,
תשע,,Numbers 1,Numbers-1,tsh`,dc5d14eed52a544d8fa1340db705905a,
משניים,,Numbers 1,Numbers-1,mshnyym,a3ea2075d681836ce41ea2a20c47b875,
גן חיות,,Places,Places,gn khyvt,4abf658193cea15dff39d3ff03523b69,
חופים,,Places,Places,khvpym,51db4ae3c5d1192c14c36f438d97e103,
במשרד,,Places,Places,bmshrd,943bb1a3744c5accdf4b4274d20ff7c1,
מקומות,,Places,Places,mqvmvt,66f8a27b51deea806d2753201e4c2861,
בפארק,,Places,Places,bprq,e492217d2fa7b15ac65d57e01a8a05ee,
החוף,the beach / the coast,Places,Places,hkhvp,935ab179c29bbd1c6e5319e1935ba5f8,
לגני חיות,,Places,Places,lgny khyvt,c5fe9b769a9a2ef5c7dbf0ab8b323305,
במסלול,,Places,Places,bmslvl,3ff8808f1ac7c65a0550a2e956ccb925,f06c1cc190f27d63d9f1e3cd518d7e03
לתוך,,Places,Places,ltvk,916f00bb0a85b1d6b19c93990f3e0d85,
בחוף,,Places,Places,bkhvp,7d184a6eaa719dc1f8de15048b822ae3,
מקום,,Places,Places,mqvm,a69672851bb419832c4e5e7c27ebb83c,
חווה,,Places,Places,khvvh,a5ea7a3131ce4c7cf773ee223273c864,
מסלול,,Places,Places,mslvl,39eeae38190bd0ad05025d16d68e78a4,
חוות,,Places,Places,khvvt,54a76bda605a7997ad6506ff45d51475,
קפה,coffee,Food 1,Food-1,qph,a0a53bacac073bc58f2cddb3cbcdd2f3,
מרק,,Food 1,Food-1,mrq,f16aa1eb8b5ccf0f3741458b928c1780,
הדג,,Food 1,Food-1,hdg,067aac5dfa1826d36391b15de29a98ab,
פטרייה,,Food 1,Food-1,ptryyh,e347c025c1d046308313e46d13168d89,
הפיצה,,Food 1,Food-1,hpytsh,0cc8d357deb93eb55e0661b595fcf057,
הסלט,,Food 1,Food-1,hslt,e11bf3874f64ea7d63a1cc59e4380286,
רוצים,do you want / want,Food 1,Food-1,rvtsym,cb9b177e9868f15f0314a53475c922ce,
פיצה,,Food 1,Food-1,pytsh,d62f358513428390a73a6e26437c04ec,
סלט,,Food 1,Food-1,slt,ae6e38f247cf8a2bc358b0241aa5cca5,
המרק,,Food 1,Food-1,hmrq,d0c41a54cdeefee3c834f1a377079c80,
הבקר,,Food 1,Food-1,hbqr,11c11c44ed321014b1b9abc40ab008a8,
בית ספר,,Construct State 1,Construct-state-1,byt spr,42a3ef44446544bc1089a40ad4380c3f,
בקבוק היין,,Construct State 1,Construct-state-1,bqbvq hyyn,6fa7bdb31e40e3de6f4ff4bb4bed5a9e,
חדרי שינה,,Construct State 1,Construct-state-1,khdry shynh,a348e3c974454408ce1fed08b9930a65,
מבקבוק המים,,Construct State 1,Construct-state-1,mbqbvq hmym,6d199aafad71a6d2664f1f492476fac5,
מכונות הכביסה,,Construct State 1,Construct-state-1,mkvnvt hkbysh,88674fa5167fe807b378c451686de0d5,
בקבוקי מים,,Construct State 1,Construct-state-1,bqbvqy mym,fa800bb99eb91c561c98728596aa5a85,
ושני,,Construct State 1,Construct-state-1,vshny,4f426ca3a2f815af2f59059a909e13d5,
לאבא,,Construct State 1,Construct-state-1,lb,77e066792d5d594aedffa8ad4ec88128,
חדר האוכל,,Construct State 1,Construct-state-1,khdr hvkl,1f9a10c9f5d5d530d656a7f2c20d8f8b,
בקבוק מים,,Construct State 1,Construct-state-1,bqbvq mym,d312c363149bc1edba36e02f1ef9083d,
ושלה,,Construct State 1,Construct-state-1,vshlh,d13bbb93ec5d021abcce85d495aafe9c,
חדרי השינה,,Construct State 1,Construct-state-1,khdry hshynh,37f883e9c872f96d4440cd547d87ecca,
ארוחות צהריים,,Construct State 1,Construct-state-1,rvkhvt tshryym,3ac70abb634a9c65a684ba8eb692e55a,
אף אחד,,Determiners,Determiners,p khd,9d38f8059f37a93e84d567f312bcef01,
ייפגעו,,Future Nif'al,Verbs:-Future-Nifal,yypg`v,9d366a6e314e655c64b7b6cfd2147b4b,
שתיפגע,,Future Nif'al,Verbs:-Future-Nifal,shtypg`,de665d1c000dcaa783e68ca054720d17,
ארָאה,,Future Nif'al,Verbs:-Future-Nifal,rah,19df8bfa0a49f5597af0f0cf3f057351,
אהנה,(I) will enjoy,Future Nif'al,Verbs:-Future-Nifal,hnh,8106498ce0d4839612be2a9b67dda5d5,
ניפגש,we will meet,Future Nif'al,Verbs:-Future-Nifal,nypgsh,2db00e10b444e7496028de8401af95bb,
תישלח,,Future Nif'al,Verbs:-Future-Nifal,tyshlkh,f1f650de0e012dd58fc558f0a9f58298,
תיגמר,,Future Nif'al,Verbs:-Future-Nifal,tygmr,2329f520a612f83d2aca2d8290594491,
יישלח,will be sent,Future Nif'al,Verbs:-Future-Nifal,yyshlkh,3a006862805303841bb8558c36cc3561,
ייגמר,,Future Nif'al,Verbs:-Future-Nifal,yygmr,749513e92a83e36519fd12c2c09f5e5d,
ייפרדו,,Future Nif'al,Verbs:-Future-Nifal,yyprdv,8794245baa3f4918eb10c5c2d4dccbdf,
ניכנס,,Future Nif'al,Verbs:-Future-Nifal,nykns,a3380400ee11c4868e5b5f557deeaf67,
ריצה,,Verbal Nouns,Nouns:-VerbalNouns,rytsh,a1916963b0a398934775a0d6e5abc7aa,
הקריאה,,Verbal Nouns,Nouns:-VerbalNouns,hqryh,da1fc4d6292919ab6d60131bfb50e344,
הפתיחה,,Verbal Nouns,Nouns:-VerbalNouns,hptykhh,b10611ca24303117e34a3b8c37a2bf01,
פתיחה,,Verbal Nouns,Nouns:-VerbalNouns,ptykhh,9bcc524c746a0657ea7fd4d8d60dd158,
לריצה,,Verbal Nouns,Nouns:-VerbalNouns,lrytsh,79e688d7ac8307c33002b8af521acefa,
שמיעה,,Verbal Nouns,Nouns:-VerbalNouns,shmy`h,de01dfb81b8c54147478b6fec68194d2,
למכירה,,Verbal Nouns,Nouns:-VerbalNouns,lmkyrh,3a54b68d28c2c7f50147e5a209d4c62d,
ההזמנה,,Verbal Nouns,Nouns:-VerbalNouns,hhzmnh,5d6a3b32481f69e451d9306d6591ea85,
הבישול,,Verbal Nouns,Nouns:-VerbalNouns,hbyshvl,6e647d6f37ae8929304d034086b22129,
המכירה,,Verbal Nouns,Nouns:-VerbalNouns,hmkyrh,0707e38f2805e935b89ad11c0c994911,
הליכה,,Verbal Nouns,Nouns:-VerbalNouns,hlykh,871510e6b159a1a097920d2c9ec13900,
קריאה,,Verbal Nouns,Nouns:-VerbalNouns,qryh,2f03a85d4f8bdc9a686d630d704d84e3,
בישול,cooking,Verbal Nouns,Nouns:-VerbalNouns,byshvl,2d753e38dba99a9863ab852ee0c38045,
השמיעה,,Verbal Nouns,Nouns:-VerbalNouns,hshmy`h,58eb613c40df7ae2dcc24661771468a3,
הזמנה,invitation,Verbal Nouns,Nouns:-VerbalNouns,hzmnh,47a3a346988f4bc5b64c83fb446cdedb,
לאברהם,,Possessives 1,Possessives-1,lbrhm,040a185b517fa355b23f61a1262d15b0,
אברהם,Abraham / Abraham's / Avraham / Avraham's,Possessives 1,Possessives-1,brhm,eff6832b5a36974dd1d7528e1f17ace3,
פשע,,Politics,Politics,psh`,b97b32d2a53873ffa40c6c37aef4f929,
קמפיין,,Politics,Politics,qmpyyn,ebba46e4a358b4a4817881af1dea36c2,
הנשיא,the president,Politics,Politics,hnshy,5f82e34b0ded9a861039cf35fc69066c,
ראש עיר,,Politics,Politics,rsh `yr,25a67d84a0578a629f7da093fa29ec7c,
בתאונה,,Emergency!,Emergency!,btvnh,e0ec5155b247d96dddf5094192c7bc2e,
מתעלף,,Emergency!,Emergency!,mt`lp,6c009322ce1d9771f145dc31f5f62e76,
נפלתי,,Emergency!,Emergency!,nplty,56addd0592f336fa98959156edd06d31,
הכרה,,Emergency!,Emergency!,hkrh,b25f1882c713ece1eb1c885d8f195974,
נופלת,,Emergency!,Emergency!,nvplt,5c4fa2474322ad08fff76d310a1d9790,
השריפה,,Emergency!,Emergency!,hshryph,fb759fc11dce199961d7cb40a9464f82,
במגן דוד אדום,,Emergency!,Emergency!,bmgn dvd dvm,bb6443777724be7a8a35170e18cbab19,
מסוכנים,,Emergency!,Emergency!,msvknym,9ad33d516ab11ee022c7d1df4102218b,
למגן דוד אדום,,Emergency!,Emergency!,lmgn dvd dvm,dee18d5180dcef19fcc5f5fc1f83257f,
מסוכן,,Emergency!,Emergency!,msvkn,82d602126ff43fa7f9e9fe28e45b440f,
מגן דוד אדום,,Emergency!,Emergency!,mgn dvd dvm,dde4a5b2fa5a3e55076f9557507dcd51,
הצילו,,Emergency!,Emergency!,htsylv,2656e7ab6c4a785e9b54ee58b76d028a,
מהי,,Formal,Formal,mhy,18dbce034911f2b10fe382c36a8e88c0,
גברתי,ma'am / madam,Formal,Formal,gbrty,7cb2d3792beb5b4eb5557c3c1a75a5e3,
איננה,,Formal,Formal,ynnh,5630121fb21c732cd9e5b518381f4b22,
אדוני,sir,Formal,Formal,dvny,9eb7a1aa77c374b8b6e715fb7737c36e,
ולאן,,Formal,Formal,vln,c1bc394d71a929aac917a903a3a66863,
אינם,,Formal,Formal,ynm,17c0521d22314c949812fef20e5836c0,
השואלים,,Formal,Formal,hshvlym,5157affdbe07fe8d7e15953fdc1e6d4c,
ועתה,,Formal,Formal,v`th,f01d7c1be89550193d13dca4427a7e93,
המגיע,,Formal,Formal,hmgy`,543631ba440fe24d74ef7bc89b1e0b5f,
האוכל,the food,Formal,Formal,hvkl,01e99d0a73002c052b1bc7b2ba698f2a,f2052d4a7856bcb86c2c02fa13c84efc
אנא,please (formal),Formal,Formal,n,d92ae6670d0f489813b349bde18be922,
אינו,,Formal,Formal,ynv,dc820a04fa4b1e9b8ef2d6dbc7d78eca,
מאין,from where,Formal,Formal,myn,2ea151d738b01e12c5ec039bd9cbe307,
משתמשת,,Verbs: Present Reflexive - Hitpa'el,Verbs:-Present-Reflexive---Hitpa'el,mshtmsht,3dd4ba71e9d6e5f87b27d8f4fbde0dc6,
מסתכלים,,Verbs: Present Reflexive - Hitpa'el,Verbs:-Present-Reflexive---Hitpa'el,mstklym,b8ea790d25982721f778293db6b5761a,
מסתכל,,Verbs: Present Reflexive - Hitpa'el,Verbs:-Present-Reflexive---Hitpa'el,mstkl,df688d960dd27dc5427316c9c5fe48b0,
מסתפרת,,Verbs: Present Reflexive - Hitpa'el,Verbs:-Present-Reflexive---Hitpa'el,mstprt,d3d4473791aa8cf3bd90745391799c3d,
מתקשר,,Verbs: Present Reflexive - Hitpa'el,Verbs:-Present-Reflexive---Hitpa'el,mtqshr,ca39d459d196d9c25adc4df12528ea97,
מזדקן,,Verbs: Present Reflexive - Hitpa'el,Verbs:-Present-Reflexive---Hitpa'el,mzdqn,068a082d5134c79a357e854a09621016,
מתקשרים,,Verbs: Present Reflexive - Hitpa'el,Verbs:-Present-Reflexive---Hitpa'el,mtqshrym,dffb9d60486403e3132414e02836224d,
מתחננים,,Verbs: Present Reflexive - Hitpa'el,Verbs:-Present-Reflexive---Hitpa'el,mtkhnnym,bf435d83abee8b99fc4f6f920b4a27fc,
להתעמל,,Verbs: Present Reflexive - Hitpa'el,Verbs:-Present-Reflexive---Hitpa'el,lht`ml,c76e15b1db1214434f43292f5d0c6b47,
מסתפרות,,Verbs: Present Reflexive - Hitpa'el,Verbs:-Present-Reflexive---Hitpa'el,mstprvt,7890d30eb3543392504bf0c261aa79a6,
מתכוננים,,Verbs: Present Reflexive - Hitpa'el,Verbs:-Present-Reflexive---Hitpa'el,mtkvnnym,55708de4ad2aefd2e60cc9bc47ef49ae,
מתכונן,,Verbs: Present Reflexive - Hitpa'el,Verbs:-Present-Reflexive---Hitpa'el,mtkvnn,9969d872f69d3ca832db75598085989a,
מזדקנות,are getting old / get old,Verbs: Present Reflexive - Hitpa'el,Verbs:-Present-Reflexive---Hitpa'el,mzdqnvt,afca48dc0027c176351c3ef88de47c2a,
בת,daughter / the cousin / the female cousin / years old (sg. fem.),Family,Family,bt,7cbede43337c8375780987dcbf63e78e,a04bebfbb1aa8030801842825e4eed44
בן זוגו,,Family,Family,bn zvgv,5f8451c0393c5951bbc248f465cf13a5,
בת זוגי,,Family,Family,bt zvgy,c273ae6632f0c88032fa60020046e674,
משפחה,,Family,Family,mshpkhh,5d161839c150ac761c24ad1a7ede96b9,
שם משפחה,,Family,Family,shm mshpkhh,33cb618be29f78aa7654c6349be09762,
החתן,,Family,Family,hkhtn,1fab7a0f22d40d7130f1d7e4279ab3e7,
הבת,,Family,Family,hbt,2e68e0038b3ac282512b68a990be54c8,
וסבתות,,Family,Family,vsbtvt,317ea9d8776dc03bfa235c156b445f2d,
שם המשפחה,,Family,Family,shm hmshpkhh,52f9c38a029d4fcb7e0be21e272cc8e9,
וסבתא,,Family,Family,vsbt,f7dcf84993c9fc50ce3b4cdb8f922bb4,
ויפים,,Family,Family,vypym,19a6d0ab1e2ad6b445d50d907104df15,
המשפחה,the family,Family,Family,hmshpkhh,478bd5b314ba12c03ba48c75aeae69a4,
הבן,the boy / the child / the son,Family,Family,hbn,27cf887794c9f44cd6c6ef2fd6fa8d51,
הסבתא,,Family,Family,hsbt,f08ddd35f65770b54925829813ab23cf,
בת זוגו,,Family,Family,bt zvgv,b7d11e4a7a36d30d8dcde119cd291358,
הספרים,the books / the books are,Plurals,Plurals,hsprym,c864904b8455a01a08fc0cca64fc1b2e,
יפים,beautiful (pl. masc.) / handsome / nice,Introduction to adjectives,Introduction-to-adjectives,ypym,f11e58f830fc50d2a80c4d75d2d53669,
האריות,,Plurals,Plurals,hryvt,c4e81c218cf48da9fe6a798b4075adc1,
אריות,,Plurals,Plurals,ryvt,4ba769c302755ccf50e834c6a657abb7,
ברווזות,,Plurals,Plurals,brvvzvt,19bc7f386ff9357a73ac4271334bf02e,
חיות מחמד,,Plurals,Plurals,khyvt mkhmd,035ddd8552eb4d7eda7e535c61c018c0,
סוסים,horses,Plurals,Plurals,svsym,400b8b508da9181aba4e970057d80af7,
החתולות,,Plurals,Plurals,hkhtvlvt,e2a16e4a883ec1434a83fb50938b4702,
כלבות,,Plurals,Plurals,klbvt,b1c9a27da17213fd01233355be8b9d0b,
ספרים,books,Plurals,Plurals,sprym,91e6384c17a67c685434c01530edb478,
חתולות,,Plurals,Plurals,khtvlvt,35fa3c4011af93f0dacfc0bbbbc560b3,
עצמכן,,Pronouns: Reflexive,Pronouns-reflexive,`tsmkn,b197110a0de5fbfa21184214d0400c5b,
מעצמךְ,,Pronouns: Reflexive,Pronouns-reflexive,m`tsmk@,520a951a9e45f706d98a759a6429fe3d,
עצמךְ,,Pronouns: Reflexive,Pronouns-reflexive,`tsmk@,2bba2237ff2687c3775f78d223ab9909,
בעצמכן,,Pronouns: Reflexive,Pronouns-reflexive,b`tsmkn,9bf73e3bca038abce07465f8a8416800,
עצמה,herself / itself,Pronouns: Reflexive,Pronouns-reflexive,`tsmh,3315735f2bf744c0d0c41919af95e3dd,
מעצמי,,Pronouns: Reflexive,Pronouns-reflexive,m`tsmy,0a66ad3605b72e300aa142078845695a,
עצמנו,,Pronouns: Reflexive,Pronouns-reflexive,`tsmnv,aac75d2582ab2d1f67d63eb137b3b724,
עצמו,,Pronouns: Reflexive,Pronouns-reflexive,`tsmv,c877617af0ded39a5cb80c63249cc2f7,
עצמכם,yourself / yourselves,Pronouns: Reflexive,Pronouns-reflexive,`tsmkm,5a2c5fdf6b98854079d96f33f63be938,
אחר,different / else / other,Determiners,Determiners,khr,3180f0119f87a2fc35614dfc748d6629,
ההגנה,,Abstract Objects 1,Abstract-Objects-1,hhgnh,ff2ea6e77204a2821b8c7e7d3f9da1ea,
מהקבוצה,,Abstract Objects 1,Abstract-Objects-1,mhqbvtsh,f8bba98337ee94911369e0195b39d377,
נושא,,Abstract Objects 1,Abstract-Objects-1,nvsh,54069c637c06d6af1d3321eafdee1c20,
ההצלחה,,Abstract Objects 1,Abstract-Objects-1,hhtslkhh,8ab63ce0d647ce2390c0e155e86fd2b4,
מצב,,Abstract Objects 1,Abstract-Objects-1,mtsb,5c549edcee7aaca49ac67ff942f50fb4,
תור,,Abstract Objects 1,Abstract-Objects-1,tvr,7e3c60c5615bbb590e16b8dfa781a1ae,
מנוחה,,Abstract Objects 1,Abstract-Objects-1,mnvkhh,884f7bf9bbae3a517bfe01763373a721,
הפעילות,,Abstract Objects 1,Abstract-Objects-1,hp`ylvt,133fdc6f65f9ad8b75ed0f9600c4bc29,
הגנה,,Abstract Objects 1,Abstract-Objects-1,hgnh,b91828dc621ef96541ee54188488221d,
קבוצה,,Abstract Objects 1,Abstract-Objects-1,qbvtsh,722b81c2e2cb72f32229aa0b95201083,
הצלחה,,Abstract Objects 1,Abstract-Objects-1,htslkhh,e503439100a9365921e4332338b70938,
נסגרו,,Past Nif'al,Verbs:-Past-Nifal,nsgrv,5eb3a998637033ae8e08131e6e1f5c4d,
נפגע,,Past Nif'al,Verbs:-Past-Nifal,npg`,5c345b20a1a118694b7a0b4562113c80,
נעלמתם,,Past Nif'al,Verbs:-Past-Nifal,n`lmtm,f436c626ec16c7a325f41cae0513b50d,
נעשתה,,Past Nif'al,Verbs:-Past-Nifal,n`shth,730208a6f1adb1a2a054e60c2ff60762,
נזכרתי,,Past Nif'al,Verbs:-Past-Nifal,nzkrty,2763c28bc2d4532ecd378f26102c8003,
נסגרה,,Past Nif'al,Verbs:-Past-Nifal,nsgrh,87a64c7eb60641cc8e8fcc6f3eb3f731,
נעלמו,,Past Nif'al,Verbs:-Past-Nifal,n`lmv,3cefd6c5585a93702d9fa9e19d860ea8,
נשארתם,,Past Nif'al,Verbs:-Past-Nifal,nshrtm,8c2c8f0a67121c8dddf0cb032bff2f8b,
מאהבה,,Past Nif'al,Verbs:-Past-Nifal,mhbh,26e29b6cb10946715d55413988ea9e15,
נשרפתי,,Past Nif'al,Verbs:-Past-Nifal,nshrpty,06050c729fda5c7bac4be462377f1760,
נעשו,,Past Nif'al,Verbs:-Past-Nifal,n`shv,2c18e8f3454acbb10d234248e635d682,
נפתחה,,Past Nif'al,Verbs:-Past-Nifal,nptkhh,ff5891925a86919961408aefb4abda49,
נשרפו,,Past Nif'al,Verbs:-Past-Nifal,nshrpv,b931f0d6ad52146e8b6d08424cf60718,
נעלמתְ,,Past Nif'al,Verbs:-Past-Nifal,n`lmt@,4fdff6643f5a85886563a37a4031b66c,
צריכה,need / needs / should,Direct Object,Direct-object,tsrykh,a5c40c4baa7b0f41b758426a9633d278,
רואים,,Direct Object,Direct-object,rvym,70c44e4cbc57620fd016cfb101869bfc,afae3a2d751499f0fc541f5dee4ca2e2
צריך,has to / have to / need / needs,Direct Object,Direct-object,tsryk,fa943eff3577e786912a85d42a575284,
רואות,see,Direct Object,Direct-object,rvvt,9406d8ef7d0c588e094b07f4ae3be5de,e867c39cd8f064469d8b1f312684ae41
שואל,,Questions,Questions,shvl,0be4c9cb8068aef57ed57ac62619158a,
מאיפה,,Questions,Questions,myph,4d918803f336724218ed90d0ad9b2be8,
אוורסט,,Nature,Nature,vvrst,cc28eca8f5cbeda8de77c4c04fd420a0,
לקרקע,,Nature,Nature,lqrq`,7570613f5527359110a8e723c6452384,
מערות,,Nature,Nature,m`rvt,49c5a1a9c5584aff89ac3c8d6e41d8d6,
מאבנים,,Nature,Nature,mbnym,53e8a4e7df1f3323e76637e34fab956a,
הגבעה,,Nature,Nature,hgb`h,730e57b218da68d01593a7df80c0170b,
למערה,,Nature,Nature,lm`rh,401baa62943e27c436a35d303a5d35f4,
האבן,,Nature,Nature,hbn,9fe7321880ee883d25a34c718a375bac,
הקרקע,the ground,Nature,Nature,hqrq`,b3fd55575d8c259dcb061abbc4e3a2a7,68832d002c10cebc7518339ac0601489
ההר,,Nature,Nature,hhr,96c2bc1bf24e2379224de7a60e4da037,
כדור הארץ,,Nature,Nature,kdvr hrts,32615cfcf86691faa73028ee32c343ce,
הר,,Nature,Nature,hr,37fe8a8b3c37c5a995544d00577fddba,
ורד,,Nature,Nature,vrd,c3b033c044326feb8871ccb62e175114,
נסיכה,,Legends,Legends,nsykh,b17a7679fd70db5a14d0e2d5d21228f3,
מהממלכה,,Legends,Legends,mhmmlkh,a00d041b20f53b6ff752c9057954eaa1,
והנסיך,,Legends,Legends,vhnsyk,b7f9e445d9aaf104e0494abf8f4dc916,
והמלכה,,Legends,Legends,vhmlkh,38bb6561eb0e1f6e89e12ae61da986e8,
הממלכה,,Legends,Legends,hmmlkh,2a68587d5efa15e70085804ed777641f,
מכשפות,,Legends,Legends,mkshpvt,5a1426b32c36b7d817a3fa03258696ea,
שיקוי האהבה,,Legends,Legends,shyqvy hhbh,9ce7073bebb601e14115481180ce9397,
החץ,,Legends,Legends,hkhts,cf063449a2cafd5b4c9945835b63845b,
הנסיכה,,Legends,Legends,hnsykh,d4930cb052029f4dfb0e4ac2fe94de5e,
בממלכה,,Legends,Legends,bmmlkh,7da137c4737b896163b97b7db195a72e,
חצים,arrows,Legends,Legends,khtsym,31d825d9732d80f5e66796aad264f701,
חץ,,Legends,Legends,khts,d68f8ad4493db85545fc4c4d7517e518,
המלכה,,Legends,Legends,hmlkh,afcc184b9dbff40233e97b7cc68ee06d,
השיקוי,,Legends,Legends,hshyqvy,d670aaff83ebbabb86d17503b17e4b73,
למכשפה,,Legends,Legends,lmkshph,bfbe5dc920e3e1ea5a437af2d5e1a0c7,
יפות,beautiful / pretty,Introduction to adjectives,Introduction-to-adjectives,ypvt,12e6efb4e866658fb9c6173174f3ae2f,
טובות,,Introduction to adjectives,Introduction-to-adjectives,tvbvt,c2770507f55bb1d214d5e786db68efc0,
טעימים,are delicious / are tasty / tasty (pl. masc.),Introduction to adjectives,Introduction-to-adjectives,t`ymym,f53967a72f94ab7ab2a30e0ec30266c2,
עצובות,,Introduction to adjectives,Introduction-to-adjectives,`tsvbvt,7dc3ae6ba47be97152818531b8a8e07c,
עצובה,,Introduction to adjectives,Introduction-to-adjectives,`tsvbh,e31bb84b4c0f14d766c14be7668068cf,
עצובים,,Introduction to adjectives,Introduction-to-adjectives,`tsvbym,da8c3838cc9619785c5c56ff86b00458,
וטעימות,,Introduction to adjectives,Introduction-to-adjectives,vt`ymvt,8e08cbdd7cbfaf021d0bcb9f6b6b5d19,
טעימות,,Introduction to adjectives,Introduction-to-adjectives,t`ymvt,a716d267221a5c4515272db26dbe1dae,
יפָה,beautiful / beautiful (sg. fem.) / handsome / prettiest / pretty,Introduction to adjectives,Introduction-to-adjectives,ypah,b86a059896c9334a74741556209be541,
איתכם,,Prepositions 1,Prepositions-1,ytkm,26c75b8c90550a9a86955befc68e5e6f,
לידכן,,Prepositions 1,Prepositions-1,lydkn,e39916195d1764e05ab4285a8ff45f08,
בתוככם,,Prepositions 1,Prepositions-1,btvkkm,b04ead9e0f11c8e0cf3d10621af90251,
בשביל,,Prepositions 1,Prepositions-1,bshbyl,2181674e12b67c7af67b7cbc3b66e980,
לידם,,Prepositions 1,Prepositions-1,lydm,baaba4eca2cacf4a2897bf64cca7d839,
איתכן,,Prepositions 1,Prepositions-1,ytkn,e8067dcef45b581289473e30523ad485,
לידכם,,Prepositions 1,Prepositions-1,lydkm,4981cd6f8dc30d45f7d179f249160bb2,
בשביתה,,Politics,Politics,bshbyth,fb611b81c7f36ccc6c0c69279e9a744e,
ביטחון,,Politics,Politics,bytkhvn,1752c3646addf895466dd8469a90b465,
ראש העיר,,Politics,Politics,rsh h`yr,5f9746742d9b0f943c0bf89b65f2dc1b,
מהשביתה,,Politics,Politics,mhshbyth,80b4c282c5bcdf2253f4d2c55923572d,
השביתה,,Politics,Politics,hshbyth,e6f42e623e671ff0544204edc54d5146,
הפשע,,Politics,Politics,hpsh`,4306f1b9809822515c77222b0ea2c623,
הקמפיין,the campaign,Politics,Politics,hqmpyyn,6d5b1b4e42ddeb79374e1ccd3b06246b,
הפשעים,,Politics,Politics,hpsh`ym,8076b13341d8885db5dc339a701c1d4d,
משרד המשפטים,,Politics,Politics,mshrd hmshptym,d3192ee3d5bbc57d9fefe642f567feea,
נשיא,,Politics,Politics,nshy,5cd096e7cbc2c0276c6585b386a87e7a,
משרד החוץ,,Politics,Politics,mshrd hkhvts,ec361cbcd229cf7c689c6b4a5828002e,
לאף אחד,,Determiners,Determiners,lp khd,24bf33fd19973235e2807b26b1a96615,
כלום,not - anything / nothing,Determiners,Determiners,klvm,b52cb1b7b11a7449b68d2c47c21d7910,
עושים,,Determiners,Determiners,`vshym,e377fa27f400b5154d5797f1b332574b,
אחרות,,Determiners,Determiners,khrvt,853354a9a76691dde7d238ad814e1ea5,
שום,,Determiners,Determiners,shvm,6ee515bc22dff5987ddbdfee0ea01147,3008c66714895a3d6ba0ff66aee357d4
שום דבר,,Determiners,Determiners,shvm dbr,4d239c013ebc6dc91f39d9a87b07a389,
ושְאל,,Imperative 2,Imperative-2,vsh@l,84b49d207da01d05a5346963c37f27f5,
ספרי,,Imperative 2,Imperative-2,spry,8ebb371370badb49e910518a6c36fc4b,
סגרי,,Imperative 2,Imperative-2,sgry,589dba965dfd4cb6e6641df74f72ac53,
חתכי,,Imperative 2,Imperative-2,khtky,73e395306ce78335d513a1b0bc3bfd50,
ספּר,,Imperative 2,Imperative-2,sp'r,05e28fe3791cce18bce0f7c63fbd8793,
היפגשו,,Imperative 2,Imperative-2,hypgshv,3458f7b82feae7465e948649ca5221cd,
בוא נדבר,,Imperative 2,Imperative-2,bv ndbr,376de615da45ef3b6aa6f05c78a4e3f3,
עני,,Imperative 2,Imperative-2,`ny,783d042890dc28a20e2287ed17017569,
חתוך,,Imperative 2,Imperative-2,khtvk,968234a0a7d7ad93fe56ecb57f651b59,
היפגש,,Imperative 2,Imperative-2,hypgsh,da2a6195e1b151702104ac1be9dc3d85,
בואו נדבר,,Imperative 2,Imperative-2,bvv ndbr,72fdbd628ce8a791e690b07efab4239d,
ענו,,Imperative 2,Imperative-2,`nv,561ec0d25e7bd921f5b9bfbc881a8516,
כבּד,,Imperative 2,Imperative-2,kb'd,36e16751cb5374a88ed7beff6e8602a5,
בואי נדבר,,Imperative 2,Imperative-2,bvy ndbr,a1912fbe4f55eb86f8cf85ffcdb1b9bc,
כבדו,,Imperative 2,Imperative-2,kbdv,656a5452df44c6679d6df79fcf2fd0bd,
הסרגל,,Geometry,Geometry,hsrgl,1b87158371b3aa1fa71eda6025b994ab,
גיאומטריה,,Geometry,Geometry,gyvmtryh,2c3a61554deeca2e33b2d0aa07e1569a,
מהגיאומטריה,,Geometry,Geometry,mhgyvmtryh,7736895655cc400f8e2f1121897a88f8,
מטר,,Geometry,Geometry,mtr,6d55c38542dd290366521643fc9825f9,68977e99eb18c77e7c604dc90bf10c45
נפח,,Geometry,Geometry,npkh,b57e513f4cb36b0747fcafc0b557d6d5,
בסרגל,,Geometry,Geometry,bsrgl,3dbe80ff5f74b3983711ef0d83e65c7a,
והרוחב,,Geometry,Geometry,vhrvkhb,e02ce5b9a1c001540d68a710292b3318,
בקילומטרים,,Geometry,Geometry,bqylvmtrym,820027d19759c6ca15d8fb3f093e51e8,
מטרים,,Geometry,Geometry,mtrym,3d106451eef31d0d780e14b87b5d4df0,47ddeeaa6017dcb5381a911f75662647
מקבילים,,Geometry,Geometry,mqbylym,953c3567a6dce72c6046d1d37069b09c,
קילומטרים,,Geometry,Geometry,qylvmtrym,ff14ada19cecba486bd5c66e2b9893f0,
מקבילה,,Geometry,Geometry,mqbylh,706a6727cceca989eb31fdb9d6aa0b19,
המעילים,,Clothing,Clothing,hm`ylym,6cd9bc434f91d9dd2773a6d4daa7f073,
ומכנסיים,,Clothing,Clothing,vmknsyym,104e645810f52962df52a57c97ef052f,
גורבת,,Clothing,Clothing,gvrbt,5a84839b51c21df151bf5d74fd96bbbf,
התכשיטים,,Clothing,Clothing,htkshytym,97f517c3088c5d94b53c376586c77f6d,
כובעים,,Clothing,Clothing,kvb`ym,519280b8a4ff4490ca45eb7e17601092,
ז'קט,,Clothing,Clothing,z'qt,9e6110ee28b42a0a512e1ec1993bedd4,
מעילים,,Clothing,Clothing,m`ylym,901f2cfebf0b97a4f52097b6a64b9666,
משקפיים,glasses / glasses (for eyes) / pairs of glasses,Clothing,Clothing,mshqpyym,fa08fb38319f730880566d2dd9e920db,
מכנסיים,pants / trousers,Clothing,Clothing,mknsyym,7f1d36e3477a7d0701b7f37adc9af3c6,
המכנסיים,,Clothing,Clothing,hmknsyym,3b71f00c6ea09116594f5e8e5c751a24,
משקפי שמש,,Clothing,Clothing,mshqpy shmsh,d80de340a35dae37e038f8600da9319a,
מחממים,,Verbs: Present - Pi'el,Verbs:-Present-2,mkhmmym,b891c593ea10a1cf8f1f30428d403ea2,
מאמן,,Verbs: Present - Pi'el,Verbs:-Present-2,mmn,3565e75212e7342c9ead4553dfb2f5e5,
מאשרת,,Verbs: Present - Pi'el,Verbs:-Present-2,mshrt,84f3d32703efaf2aa7867a082e9076ad,
מנסָה,,Verbs: Present - Pi'el,Verbs:-Present-2,mnsah,006525ba81372827419519345cb1012a,
מתארת,,Verbs: Present - Pi'el,Verbs:-Present-2,mtrt,c02dd016b6912aef2217d1e61691f001,
מייבא,,Verbs: Present - Pi'el,Verbs:-Present-2,myyb,f3cac60d6adbf3c19b9d7af9ca14c0ca,
מאשר,,Verbs: Present - Pi'el,Verbs:-Present-2,mshr,ae7834efde7c3648c479bcfb1d4c8476,
מנסים,,Verbs: Present - Pi'el,Verbs:-Present-2,mnsym,774e0d9ce06a06155e69350ebc45b642,
מייבאים,are importing / import / importing,Verbs: Present - Pi'el,Verbs:-Present-2,myybym,ccfb5fb342b60a0678379b8b245de9ed,
מספר,a few / a number / number,Verbs: Present - Pi'el,Verbs:-Present-2,mspr,72587cc9b550a26fdbb472baf370c8a2,
מאמנים,,Verbs: Present - Pi'el,Verbs:-Present-2,mmnym,a7a232545d9e37aebb824977b5bd8683,
מנסֶה,is trying / tries / trying,Verbs: Present - Pi'el,Verbs:-Present-2,mnseh,731d1e0e4b328f582d600f5cd15aae6c,
למסקנה,,Discussions and decisions,Discussions-and-decisions,lmsqnh,39c6716f77c73b3aaf32c417229e1fca,
לגביו,,Discussions and decisions,Discussions-and-decisions,lgbyv,59f09df19e4398a4a04a272cc69184f7,
החסרון,,Discussions and decisions,Discussions-and-decisions,hkhsrvn,e9806f679c49c549d2b91d6778bd4abc,
מביעות,,Discussions and decisions,Discussions-and-decisions,mby`vt,2d7f256c307091f5e671bbf96141e841,
טועים,,Discussions and decisions,Discussions-and-decisions,tv`ym,67142a0a70873ea3ae20b1b9a60bafdf,
לדיונים,,Discussions and decisions,Discussions-and-decisions,ldyvnym,7c047cc99135ba7683660fb4412b13c4,
להביע,,Discussions and decisions,Discussions-and-decisions,lhby`,a6fa359fceb7b81829055458e940dc05,
טועֶה,makes a mistake / wrong,Discussions and decisions,Discussions-and-decisions,tv`eh,b4f66dc1367a199a8a119e4591b96e0f,
חסרונות,disadvantages,Discussions and decisions,Discussions-and-decisions,khsrvnvt,fdcf443e85b98fdfbe24d2a5735f4199,
דיון,,Discussions and decisions,Discussions-and-decisions,dyvn,b0d7ce30b22d6bdb7ba442c4f01d1f2f,
לגבי,,Discussions and decisions,Discussions-and-decisions,lgby,1c6953592fce8e20656d50635cff85f7,
ויכוח,,Discussions and decisions,Discussions-and-decisions,vykvkh,4d7aa1c333f3a468bd0e100f3fd500fd,
המסקנה,,Discussions and decisions,Discussions-and-decisions,hmsqnh,2b365353944438bdd5e967adfd7864e3,
לפי דעתי,,Discussions and decisions,Discussions-and-decisions,lpy d`ty,0e145d77427e5c3f75e61b3909409539,
עצוב,,Letters 3,Letters-3,`tsvb,6c199406ce9972357ae06eae851352fc,
טעים,delicious / tasty,Letters 3,Letters-3,t`ym,ec0f4991edbc468087c42a8a0889137e,
עליי,,Prepositions 2,Prepositions-2,`lyy,9bd74bd5ba57aafe656bc30eeacc02a2,
יפֶה,beautiful (sg. masc.) / nice / pretty,Letters 3,Letters-3,ypeh,a52f134cd91ae344dc67fa66cbafb1bb,
שמח,happy (sg. masc.),Letters 2,Letters-2,shmkh,3240bdb2b3ba8f119105ad51f958386e,
רע,,Letters 3,Letters-3,r`,3c0811fc722855161843a29819ce88ae,
אליו,,Prepositions 2,Prepositions-2,lyv,906c817ca9e25b5fb6ba1247bc413f7f,
אליי,to me / towards me,Prepositions 2,Prepositions-2,lyy,5019cfe27c869e220c4c91b1744d7b44,
טוב,alright / good / ok / well,Letters 3,Letters-3,tvb,b4f42310a984055335f20bf8967d031f,
