hebrew,hebrew_alt,english,transliteration,skill,page
אבא,אבות,"Father, Dad",aba avot,Letters 1,4
אהבה,אהבות,Love,ahavah ahavot,Letters 1,4
מים,,Water,mayim,Letters 1,4
יין,יינות,Wine,yayin yeinot,Letters 1,4
חלב,חלבים,Milk,khalav khalavim,Letters 1,4
לחם,לחמים,Bread,lekhem l'khamim,Letters 1,4
אמא,אמהות,"Mother, Mom",ima imahot,Letters 1,4
יונה,יונים,Dove,yonah yonim,Letters 1,4
חם,,"Hot, Warm (m.s)",kham,Letters 1,4
לא,,"No, Not",lo,Letters 1,4
אני,,I,ani,Letters 1,4
הוא,,He,hu,Letters 1,4
היא,,She,hi,Letters 1,4
אתה,,You (m.s),atah,Letters 1,4
את,,You (f.s),at,Letters 1,4
האם,,Is It?,haim,Letters 1,4
או,,Or,o,Letters 1,4
לבוא,,To Come (Qal),lavo,Letters 1,4
בא,,Come(s) (m.s - pres.),ba,Letters 1,4
באה,,Come(s) (f.s - pres.),ba'ah,Letters 1,4
באים,,Come(s) (m.p - pres.),ba'im,Letters 1,4
באות,,Come(s) (f.p - pres.),ba'ot,Letters 1,4
לאהוב,,To Love (Qal),le'ehov,Letters 1,4
אוהב,,Love(s) (m.s - pres.),ohev,Letters 1,4
אוהבת,,Love(s) (f.s - pres.),ohevet,Letters 1,4
אוהבים,,Love(s) (m.p - pres.),ohavim,Letters 1,4
אוהבות,,Love(s) (f.p - pres.),ohavot,Letters 1,4
כלב,כלבים,Dog,kelev k'lavim,Letters 2,4
מלך,מלכים,King,melekh m'lakhim,Letters 2,4
ילד,ילדים,Boy,yeled y'ladim,Letters 2,4
אגוז,אגוזים,Nut,egoz egozim,Letters 2,4
אורז,,Rice,orez,Letters 2,4
גבר,גברים,Man,gever g'varim,Letters 2,4
דרך,דרכים,"Road, Way, Path",derekh d'rakhim,Letters 2,4
ילדה,ילדות,Girl,yal'dah y'ladot,Letters 2,4
אישה,נשים,Woman; Wife,ishah nashim,Letters 2,4
משאית,משאיות,Truck,masa'it masa'iyot,Letters 2,4
שמח,,Happy,sameakh,Letters 2,4
כן,,Yes,ken,Letters 2,4
זה,,This (m),zeh,Letters 2,4
זאת,,This (f),zot,Letters 2,4
ללכת,,"To Go, Walk (Qal)",lalekhet,Letters 2,4
הולך,,"Walk, Go (m.s - pres.)",holekh,Letters 2,4
הולכת,,"Walk, Go (f.s - pres.)",holekhet,Letters 2,4
הולכים,,"Walk, Go (m.p - pres.)",hol'khim,Letters 2,4
הולכוֹת,,"Walk, Go (f.p - pres.)",hol'khot,Letters 2,5
לאכול,,To Eat (Qal),le'ekhol,Letters 2,5
אוכל,,Eat (m.s - pres.),okhel,Letters 2,5
אוכלת,,Eat (f.s - pres.),okhelet,Letters 2,5
אוכלים,,Eat (m.p - pres.),okhel,Letters 2,5
אוכלות,,Eat (f.p - pres.),okhelet,Letters 2,5
לראות,,To See (Qal),lir'ot,Letters 2,5
רואה,,See (m.s - pres.),ro'eh,Letters 2,5
רואה,,See (f.s - pres.),ro'ah,Letters 2,5
רואים,,See (m.p - pres.),ro'im,Letters 2,5
רואות,,See (f.p - pres.),ro'ot,Letters 2,5
לשתות,,To Drink (Qal),lish'tot,Letters 2,5
שותה,,Drink (m.s - pres.),shoteh,Letters 2,5
שותה,,Drink (f.s - pres.),shotah,Letters 2,5
שותים,,Drink (m.p - pres.),shotim,Letters 2,5
שׁוֹתוֹת,,Drink (f.p - pres.),shotot,Letters 2,5
תפוז,תפוזים,Orange (Fruit),tapuz tapuzim,Letters 3,5
תפוח,תפוחים,Apple,tapuakh tapukhim,Letters 3,5
כיף,,Fun,keif,Letters 3,5
ספר,ספרים,Book,sefer s'farim,Letters 3,5
אפרסק,אפרסקים,Peach,afarsek afar's'kim,Letters 3,5
עיתון,עיתונים,Newspaper,iton itonim,Letters 3,5
עוף,עופות,"Chicken, Fowl, Poultry (Food)",of ofot,Letters 3,5
מיץ,מיץים,Juice,mitz mitzim,Letters 3,5
עוגה,עוגות,Cake,ugah ugot,Letters 3,5
יפה,,Beautiful (m.s),yafeh,Letters 3,5
מתוק,,Sweet (m.s),matok,Letters 3,5
עצוב,,Sad (m.s),atzuv,Letters 3,5
רע,,Bad (m.s),ra,Letters 3,5
חמוץ,,Sour (m.s),khamutz,Letters 3,5
טוב,,Good (m.s),tov,Letters 3,5
טעים,,Tasty (m.s),ta'im,Letters 3,5
לקרוא,")ב-, את; ל-(","To Read (b-, et); Call (l-) (Qal)","lik'ro (b-, et; l-)",Letters 3,5
קורא,,Read (m.s - pres.),kore,Letters 3,5
קוראת,,Read (f.s - pres.),koret,Letters 3,5
קוראים,,Read (m.p - pres.),kor'im,Letters 3,5
קוראות,,Read (f.p - pres.),kor'ot,Letters 3,5
לרצות,,To Want (Qal),lir'ot,Letters 3,5
רוצה,,Want (m.s - pres.),rotzeh,Letters 3,5
רוצה,,Want (f.s - pres.),rotzah,Letters 3,5
רוצים,,Want (m.p - pres.),rotzim,Letters 3,5
רוצות,,Want (f.p - pres.),rotzot,Letters 3,5
שלום,,Hello,shalom,Phrases,5
לילה,לילות,Night,lai'lah leilot,Phrases,5
בוקר,בקרים,Morning,boker b'karim,Phrases,5
ערב,ערבים,Evening,erev aravim,Phrases,5
תודה,,Thanks,todah,Phrases,6
בהצלחה,,Good luck,b'hatzlakhah,Phrases,6
תודה רבה,,Thankyou Very Much,todah rabah,Phrases,6
עברית,,Hebrew,ivrit,Phrases,6
אנגלית,,English,ang'lit,Phrases,6
להתראות,,Goodbye,l'hit'raot,Phrases,6
מה נשמע,,How Are You?,mah nishma,Phrases,6
מה קורה,,"What's Happening?, What's Up?",mah koreh,Phrases,6
מה שלומך,,How Are You? (m),mah shlomekh,Phrases,6
מה שלומך,,How Are You? (f),mah shlomkha,Phrases,6
בסדר,,"Fine, All Right, Okay",b'seder,Phrases,6
סליחה,,Sorry,s'likhah,Phrases,6
בבקשה,,Please,b'vakashah,Phrases,6
אין בעד מה,,You Are Welcome,ein b'ad mah,Phrases,6
אולי,,"Maybe, Perhaps",ulai,Phrases,6
ברוך הבא,,Welcome (m),barukh haba,Phrases,6
ברוך הבאה,,Welcome (f),barukh haba'ah,Phrases,6
קוראים לי,,My Name Is,kor'im li,Phrases,6
מזל טוב,,Congratulations,mazal tov,Phrases,6
בתיאבון,,Bon Appetit,b'te'avon,Phrases,6
להנות,)מן(,To Enjoy (Nifal),lehanot,Phrases,6
תהנו,,Have Fun! (2.m.s - fut.),tehanu,Phrases,6
תהני,,Have Fun! (2.f.s - fut.),tehani,Phrases,6
גברים,,Men,g'varim,Basics,6
ילדים,,Children,y'ladim,Basics,6
נשים,,Women,nashim,Basics,6
אנחנו,,We (c.p),anakhnu,Basics,6
אתם,,You (2.m.p),atem,Basics,6
אתן,,You (2.f.p),aten,Basics,6
הם,,They (3.m.p),hem,Basics,6
הן,,They (3.f.p),hen,Basics,6
יש,,There Is,yesh,There Is,6
אין,,There Is No,ein,There Is,6
לי,,To Me,li,There Is,6
לך,,To You (m.s),l'kha,There Is,6
לך,,To You (f.s),lakh,There Is,6
לו,,To Him,lo,There Is,6
לה,,To Her,lah,There Is,6
לנו,,To Us,lanu,There Is,6
לכם,,To You (m.p),lakhem,There Is,6
לכן,,To You (f.p),lakhen,There Is,6
להם,,To Them/They (m),lahem,There Is,6
להן,,To Them/They (f),lahen,There Is,6
ל,,To,l',There Is,6
שמח,,Happy (m.s),sameakh,Adjectives Intro,7
שמחה,,Happy (f.s),s'mekhah,Adjectives Intro,7
שמחים,,Happy (m.p),s'mekhim,Adjectives Intro,7
שמחות,,Happy (f.p),s'mekhot,Adjectives Intro,7
עצוב,,Sad (m.s),atzuv,Adjectives Intro,7
עצובה,,Sad (f.s),atzuvah,Adjectives Intro,7
עצובים,,Sad (m.p),atzuvim,Adjectives Intro,7
עצובות,,Sad (f.p),atzuvot,Adjectives Intro,7
יפה,,Beautiful (m.s),yafeh,Adjectives Intro,7
יפה,,Beautiful (f.s),yafah,Adjectives Intro,7
יפים,,Beautiful (m.p),yafim,Adjectives Intro,7
יפות,,Beautiful (f.p),yafot,Adjectives Intro,7
טעים,,Tasty (m.s),ta'im,Adjectives Intro,7
טעימה,,Tasty (f.s),t'imah,Adjectives Intro,7
טעימים,,Tasty (m.p),t'imim,Adjectives Intro,7
טעימות,,Tasty (f.p),t'imot,Adjectives Intro,7
טוב,,Good (m.s),tov,Adjectives Intro,7
טובה,,Good (f.s),tovah,Adjectives Intro,7
טובים,,Good (m.p),tovim,Adjectives Intro,7
טובות,,Good (f.p),tovot,Adjectives Intro,7
רע,,Bad (m.s),ra,Adjectives Intro,7
רעה,,Bad (f.s),ra'ah,Adjectives Intro,7
רעים,,Bad (m.p),ra'im,Adjectives Intro,7
רעות,,Bad (f.p),ra'ot,Adjectives Intro,7
דג,דגים,Fish,dag dagim,Food 1,7
קפה,,Coffee,kafeh,Food 1,7
פרי,פירות,Fruit,p'ri perot,Food 1,7
סוכר,סוכרים,Sugar,sukar sukarim,Food 1,7
תות,תויות,Strawberry,tut tuyot,Food 1,7
בשר,בשרים,"Meat, Flesh",basar b'sarim,Food 1,7
מרק,מרקים,Soup,marak m'rakim,Food 1,7
שמן,שמנים,Oil,shemen sh'manim,Food 1,7
לימון,לימונים,Lemon,limon limonim,Food 1,7
כריך,כריכים,Sandwich,karikh k'rikhim,Food 1,7
מלח,מלחים,Salt,melakh m'lakhim,Food 1,7
בקר,,Beef,bakar,Food 1,7
בקבוק,בקבוקים,Bottle,bakbuk bak'bukim,Food 1,7
סלט,סלטים,Salad,salat salatim,Food 1,7
אננס,אננסים,Pineapple,ananas ananasim,Food 1,7
שוקולד,שוקולדים,Chocolate,shokolad/shokolad shokoladim,Food 1,7
זית,זיתים,Olive,zayit zeitim,Food 1,7
צלחת,צלחות,"Plate, Dish",tzalakhat tzalakhot,Food 1,7
ביצה,ביצים,Egg,beitzah beitzim,Food 1,7
ארוחת צהריים,ארוחות צהריים,Lunch,arukhat tzohorayim arukhot tzohorayim,Food 1,7
ארוחת בוקר,ארוחות בוקר,Breakfast,arukhat boker arukhot boker,Food 1,7
ארוחת ערב,ארוחות ערב,Dinner,arukhat erev arukhot erev,Food 1,7
פסטה,,Pasta,pastah,Food 1,7
בירה,בירות,Beer,birah birot,Food 1,8
גבינה,גבינות,Cheese,g'vinah g'vinot,Food 1,8
עגבניה,עגבניות,Tomato,ag'vaniyah ag'vaniyot,Food 1,8
בננה,בננות,Banana,banana bananot,Food 1,8
חמאה,חמאות,Butter,khem'ah khama'ot,Food 1,8
פטרייה,פטריות,Mushroom,pitriyah pit'riyot,Food 1,8
פיצה,פיצות,Pizza,pitzah pitzot,Food 1,8
רעב,,Hungry (m.s),ra'ev,Food 1,8
חתול,חתולים,Cat,khatul khatulim,Animals,8
כלב,כלבים,Dog,kelev k'lavim,Animals,8
סוס,סוסים,Horse (Stallion),sus susim,Animals,8
פיל,פילים,Elephant,pil pilim,Animals,8
ברווז,ברווזים,Duck (Drake),bar'vaz bar'vazim,Animals,8
צב,צבים,"Turtle, Tortoise",tzav tzabim,Animals,8
חמור,חמורים,Donkey,khamor khamorim,Animals,8
סרטן,סרטנים,Crab,sar'tan sar'tanim,Animals,8
עכביש,עכבישים,Spider,akavish akh'vishim,Animals,8
דוב,דובים,Bear,dov dubim,Animals,8
עכבר,עכברים,Mouse,akh'bar akh'barim,Animals,8
גמל,גמלים,Camel,gamal g'malim,Animals,8
אריה,אריות,Lion,aryeh arayot,Animals,8
נשר,נשרים,Eagle,nesher n'sharim,Animals,8
זבוב,זבובים,Fly,z'vuv z'vuvim,Animals,8
חרק,חרקים,"Insect, Bug",kherek kharakim,Animals,8
ארנב,ארנבים,Rabbit; Hare,ar'nav ar'navim,Animals,8
נחש,נחשים,"Snake, Serpent",nakhash n'khashim,Animals,8
קוף,קופים,"Monkey, Ape",kof kofim,Animals,8
זנב,זנבות,Tail,zanav z'navot,Animals,8
ינשוף,ינשופים,Owl,yan'shuf yan'shufim,Animals,8
תרנגול,תרנגולים,Rooster (Chicken),tar'n'gol tar'n'golim,Animals,8
חזיר,חזירים,Pig,khazir khazirim,Animals,8
חיית מחמד,חיות מחמד,Pet,khayat makh'mad khayot makh'mad,Animals,8
ציפור,ציפורים,Bird,tzipor tziporim,Animals,8
חיה,חיות,Animal,khayah khayot,Animals,8
דבורה,דבורים,Bee,d'vorah d'vorim,Animals,8
פרה,פרות,Cow,parah parot,Animals,8
חתולה,חתולות,Cat,khatulah khatulot,Animals,8
כלבה,כלבים,Dog,kal'bah k'lavim,Animals,8
סוסה,סוסות,Horse (Mare),susah susot,Animals,8
פילה,פילים,Elephant,pileh pilim,Animals,8
ברוזה,ברווזים,Duck,bar'vazah bar'vazim,Animals,8
צבה,צבים,"Turtle, Tortoise",tzabah tzabim,Animals,8
אתון,אתונות,Donkey,aton atonot,Animals,8
דובה,דובות,Bear,dubah dubot,Animals,8
לביאה,לביאות,Lioness,l'vi'ah l'vi'ot,Animals,8
ארנבת,ארנבות,Hare,ar'nevet ar'navot,Animals,8
תרנגולת,תרנגולות,Hen (Chicken),tar'n'golet tar'n'golot,Animals,8
לנבוח,,To Bark (Qal),lin'boakh,Animals,8
נובח,,Bark (m.s - pres.),noveakh,Animals,8
נובחת,,Bark (f.s - pres.),novakhat,Animals,8
נוֹ בְ חִים,,Bark (f.p - pres.),nov'khim,Animals,9
נוֹ בְחוֹת,,Bark (f.p - pres.),nov'khot,Animals,9
תפוחים,,Apples,tapukhim,Plurals,9
תפוזים,,Oranges,tapuzim,Plurals,9
כלבים,,Dogs,k'lavim,Plurals,9
חתולים,,Cats,khatulim,Plurals,9
סוסים,,Horses,susim,Plurals,9
עיתונים,,Newspapers,itonim,Plurals,9
ספרים,,Books,s'farim,Plurals,9
צבים,,Turtles,tzabim,Plurals,9
פילים,,Elephants,pilim,Plurals,9
כריכים,,Sandwiches,k'rikhim,Plurals,9
ברווזים,,Ducks,bar'vazim,Plurals,9
אריות,,Lions,arayot,Plurals,9
חיות מחמד,,Pets,khayot makh'mad,Plurals,9
יינות,,Wines,yayinot,Plurals,9
גבינות,,Cheeses,g'vinot,Plurals,9
בירות,,Beers,birot,Plurals,9
עוגות,,Cakes,ugot,Plurals,9
דרכים,,Roads,d'rakhim,Plurals,9
ציפורים,,Birds,tziporim,Plurals,9
צלחות,,Plates,tzalakhot,Plurals,9
כלבות,,Dogs (f.p),k'lavot,Plurals,9
סוסות,,Horses (f.p),susot,Plurals,9
חתולות,,Cats (f.p),khatulot,Plurals,9
ברווזות,,Ducks (f.p),bar'vazot,Plurals,9
פרות,,Cows,parot,Plurals,9
ילדות,,Girls,y'ladot,Plurals,9
שייך,)ל-(,Belongs To (m.s),shayakh l-,Possessives 1,9
שייכת,)ל-(,Belongs To (f.s),shayekhet l-,Possessives 1,9
שייכים,)ל-(,Belongs To (m.p),shayakhim l-,Possessives 1,9
שייכות,)ל-(,Belongs To (f.p),shayakhot l-,Possessives 1,9
שלי,,My,sheli,Possessives 1,9
שלך,,Your (m.s),shel'kha,Possessives 1,9
שלך,,Your (f.s),shelakh,Possessives 1,9
שלו,,His,shelo,Possessives 1,9
שלה,,Her,shelah,Possessives 1,9
שלנו,,Our,shelanu,Possessives 1,9
שלכם,,Your (m.p),shelakhem,Possessives 1,9
שלכן,,Your (f.p),shelakhen,Possessives 1,9
שלהם,,Their (m),shelahem,Possessives 1,9
שלהן,,Their (f),shelahen,Possessives 1,9
של,,Of,shel,Possessives 1,9
קטן,,Small,katan,Possessives 1,10
גדול,,Big,gadol,Possessives 1,10
חדש,,New,khadash,Possessives 1,10
ישן,,Old (Objects),yashan,Possessives 1,10
חם,,Hot,kham,Possessives 1,10
קר,,Cold,kar,Possessives 1,10
גבוה,,"Tall, High",gavoah,Possessives 1,10
נמוך,,"Short, Low (Height)",namukh,Possessives 1,10
קרוב,,Close,karov,Possessives 1,10
רחוק,,"Far, Distant",rakhok,Possessives 1,10
ארוך,,Long,arokh,Possessives 1,10
קצר,,"Short, Brief (Length, Time)",katzar,Possessives 1,10
איטי,,Slow,iti,Possessives 1,10
מהיר,,Fast; Nimble,mahir,Possessives 1,10
מלא,,Full,male,Possessives 1,10
ריק,,Empty,reik,Possessives 1,10
יבש,,Dry,yavesh,Possessives 1,10
רטוב,,Wet,ratuv,Possessives 1,10
צריך,,Need (m.s.),tzarikh,Direct Object,10
אותי,,Me,oti,Direct Object,10
אותך,,"Thee, You (m.s)",ot'kha,Direct Object,10
אותך,,"Thee, You (f.s)",otakh,Direct Object,10
אותו,,Him,oto,Direct Object,10
אותה,,Her,otah,Direct Object,10
אותנו,,Us,otanu,Direct Object,10
אתכם,,You (m.p),et'khem,Direct Object,10
אתכן,,You (f.p),et'khen,Direct Object,10
אותם,,Them (m),otam,Direct Object,10
אותן,,Them (f),otan,Direct Object,10
תה,,Tea,teh,Food 2,10
מזלג,מזלגות,Fork,maz'leg maz'l'got,Food 2,10
סכין,סכינות,Knife,sakin sakinot,Food 2,10
תפריט,תפריטים,Menu,tafrit tafritim,Food 2,10
רוטב,רטבים,"Sauce, Gravy, Dressing",rotev r'tavim,Food 2,10
ירק,ירקות,Vegetable,yerek y'rakot,Food 2,10
פלפל,פלפלים,"Pepper, Capsicum",pil'pel pil'p'lim,Food 2,10
מתכון,מתכונים,Recipe,mat'kon mat'konim,Food 2,10
דבש,,Honey,d'vash,Food 2,10
מטבח,מטבחים,Kitchen,mit'bakh mit'bakhim,Food 2,10
מלפפון,מלפפונים,Cucumber,m'laf'fon m'laf'fonim,Food 2,10
גזר,גזרים,Carrot,gezer g'zarim,Food 2,10
ממתק,ממתקים,Candy,mam'tak mam'takim,Food 2,10
אבטיח,אבטיחים,Watermelon,avatiakh avatikhim,Food 2,10
בוטן,בוטנים,Peanut,boten bot'nim,Food 2,10
בצל,בצלים,Onion,batzal b'tzalim,Food 2,11
ענב,ענבים,Grape,anav anavim,Food 2,11
אבוקדו,אבוקדואים,Avocado,avokado avokado'im,Food 2,11
תפוח אדמה,תפוחי אדמה,Potato,tapuakh adamah tapukhei adamah,Food 2,11
משקה,משקאות,"Beverage, Drink",mashkeh mashka'ot,Food 2,11
דובדבן,דובדבנים,Cherry,duvd'van duv'd'vanim,Food 2,11
מסטיק,מסטיקים,Gum,mastik mastikim,Food 2,11
מנגו,,Mango,man'go,Food 2,11
שום,שומים,Garlic,shum shumim,Food 2,11
ריח,ריחות,"Smell, Odour, Scent",reiakh rekhot,Food 2,11
טעם,טעמים,Taste,ta'am t'amim,Food 2,11
סיר,סירים,Pot,sir sirim,Food 2,11
מצרך,מצרכים,Ingredients,mitz'rakh mitz'rakhim,Food 2,11
קמח,קמחים,Flour,kemakh k'makhim,Food 2,11
ארוחה,ארוחות,Meal,arukhah arukhot,Food 2,11
כוס,כוסות,"Cup, Glass",kos kosot,Food 2,11
מפית,מפיות,Napkin,mapit mapiyot,Food 2,11
כף,כפות,Spoon,kaf kapot,Food 2,11
קערה,קערות,"Bowl, Dish",k'arah k'arot,Food 2,11
כפית,כפיות,Teaspoon,kapit kapiyot,Food 2,11
מסעדה,מסעדות,Restaurant,mis'adah mis'adot,Food 2,11
עוגייה,עוגיות,Cookie,ugiyah ugiyot,Food 2,11
ריבה,ריבות,Jam,ribah ribot,Food 2,11
גלידה,גלידות,Ice Cream,g'lidah g'lidot,Food 2,11
צמחוני,,Vegetarian (m.s),tzim'khoni,Food 2,11
צמא,,Thirsty (m.s),tzame,Food 2,11
מלוח,,Salty (m.s),maluakh,Food 2,11
חריף,,"Hot, Spicy (m.s)",kharif,Food 2,11
מר,,Bitter (m.s),mar,Food 2,11
לבשל,,"To Cook, Boil (Piel)",l'vashel,Food 2,11
מבשל,,Cook (m.s - pres.),m'vashel,Food 2,11
מבשלת,,Cook (f.s - pres.),m'vashelet,Food 2,11
מבשלים,,Cook (m.p - pres.),m'vash'lim,Food 2,11
מבשלות,,Cook (f.p - pres.),m'vashlot,Food 2,11
לאפות,,To Bake (Qal),le'efot,Food 2,11
אופה,,Bakes (m.s - pres.),ofeh,Food 2,11
אופה,,Bakes (f.s - pres.),ofah,Food 2,11
אופים,,Bakes (m.p - pres.),ofim,Food 2,11
אופות,,Bakes (f.p - pres.),ofot,Food 2,11
מעיל,מעילים,"Coat, Cloak",m'il m'ilim,Clothing,11
מכנסיים,,"Pants, Trousers",mikh'nasayim,Clothing,11
כובע,כובעים,"Hat, Cap",kova kova'im,Clothing,11
משקפיים,,Glasses,mishkafayim,Clothing,11
משקפי שמש,,Sunglasses,mish'kfei shemesh,Clothing,11
גרב,גרביים,"Sock, Stocking",gerev gar'bayim,Clothing,11
תכשיט,תכשיטים,A Piece of Jewellery,takhshit takh'shitim,Clothing,11
ג'ינס,,Jeans,jins,Clothing,11
בגד ים,בגדי ים,Swimsuit,beged yam big'di yam,Clothing,11
ז'קט,ז'קטים,Jacket,jaket jaketim,Clothing,11
סוודר,סוודרים,"Sweater, Jumper, Pullover",sveder s'vederim,Clothing,11
צמיד,צמידים,"Bracelet, Armlet",tzamid tz'midim,Clothing,12
צעיף,צעיפים,"Scarf, Shawl",tza'if tz'ifim,Clothing,12
כיס,כיסים,Pocket,kis kisim,Clothing,12
חולצה,חולצות,Shirt,khul'tzah khul'tzot,Clothing,12
נעל,נעליים,Shoe,na'al na'alayim,Clothing,12
חצאית,חצאיות,Skirt,khatza'it khatza'iyot,Clothing,12
שמלה,שמלות,"Dress, Gown, Robe",simlah s'malot,Clothing,12
חליפה,חליפות,Suit,khalifah khalifot,Clothing,12
חגורה,חגורות,Belt,khagorah khagorot,Clothing,12
כפפה,כפפות,Glove,k'fafah k'fafot,Clothing,12
טבעת,טבעות,Ring,taba'at taba'ot,Clothing,12
שרשרת,שרשרות,Chain,shar'sheret shar'sh'rot,Clothing,12
תחפושת,תחפושות,Costume,takh'poset takh'posot,Clothing,12
עניבה,עניבות,Tie,anivah anivot,Clothing,12
ללבוש,,"To Wear, Put On (Qal)",lil'bosh,Clothing,12
לובש,,Wear (m.s - pres.),lovesh,Clothing,12
לובשת,,Wear (f.s - pres.),loveshet,Clothing,12
לובשים,,Wear (m.p - pres.),lov'shim,Clothing,12
לובשות,,Wear (f.p - pres.),lov'shot,Clothing,12
לנעול,,"To Wear, Put On (Shoes) (Qal)",lin'ol,Clothing,12
נועל,,Wear (m.s - pres.),no'el,Clothing,12
נועלת,,Wear (f.s - pres.),no'elet,Clothing,12
נועלים,,Wear (m.p - pres.),no'alim,Clothing,12
נועלות,,Wear (f.p - pres.),no'alot,Clothing,12
לחבוש,,To Wear (Headgear) (Qal),lakh'bosh,Clothing,12
חובש,,Wear (m.s - pres.),khovesh,Clothing,12
חובשת,,Wear (f.s - pres.),khoveshet,Clothing,12
חובשים,,Wear (m.p - pres.),khov'shim,Clothing,12
חובשות,,Wear (f.p - pres.),khov'shot,Clothing,12
לענוד,,"To Wear, Put On (Ring) (Qal)",la'anod,Clothing,12
עונד,,Wear (m.s - pres.),oned,Clothing,12
עונדת,,Wear (f.s - pres.),onedet,Clothing,12
עונדים,,Wear (m.p - pres.),on'dim,Clothing,12
עונדות,,Wear (f.p - pres.),on'dot,Clothing,12
לשים,,To Put (Qal),lasim,Clothing,12
שם,,Put (m.s - pres.),sam,Clothing,12
שמה,,Put (f.s - pres.),samah,Clothing,12
שמים,,Put (m.p - pres.),samim,Clothing,12
שמות,,Put (f.p - pres.),samot,Clothing,12
להרכיב,,To Wear (Glasses) (Hifil),l'har'kiv,Clothing,12
מרכיב,,Wear (m.s - pres.),mar'kiv,Clothing,12
מרכיבה,,Wear (f.s - pres.),mar'kivah,Clothing,12
מרכיבים,,Wear (m.p - pres.),mar'kivim,Clothing,12
מרכיבות,,Wear (f.p - pres.),mar'kivot,Clothing,12
לגרוב,,To Wear (Socks) (Qal),lig'rov,Clothing,12
גורב,,Wear (m.s - pres.),gorev,Clothing,12
גורבת,,Wear (f.s - pres.),gorevet,Clothing,12
גורבים,,Wear (m.p - pres.),gor'vim,Clothing,12
גורבות,,Wear (f.p - pres.),gor'vot,Clothing,12
לכתוב,,Write (Qal),lik'tov,Clothing,13
כותב,,M.S.,kotev,Clothing,13
כותבת,,F.S.,kotevet,Clothing,13
כותבים,,M.P.,kot'vim,Clothing,13
כותבות,,F.P.,kot'vot,Clothing,13
לשחות,,Swim (Qal),lish'tot,Clothing,13
שוחה,,M.S.,sokheh,Clothing,13
שוחה,,F.S.,sokhah,Clothing,13
שוחים,,M.P.,sokhim,Clothing,13
שׂוֹחוֹת,,F.P.,sokhot,Clothing,13
לשמוע,,Hear; Listen (Qal),lish'moa,Clothing,13
שומע,,M.S.,shome'a,Clothing,13
שומעת,,F.S.,shoma'at,Clothing,13
שומעים,,M.P.,shom'im,Clothing,13
שומעות,,F.P.,shom'ot,Clothing,13
לישון,,Sleep (Qal),lishon,Clothing,13
ישן,,M.S.,yashen,Clothing,13
ישנה,,F.S.,y'shenah,Clothing,13
ישנים,,M.P.,y'shenim,Clothing,13
ישנות,,F.P.,y'shenot,Clothing,13
לגעת,,Touch (b-) (Qal),laga'at,Clothing,13
נוגע,ב-,M.S.,noge'a b-,Clothing,13
נוגעת,ב-,F.S.,noga'at b-,Clothing,13
נוגעים,ב-,M.P.,nog'im b-,Clothing,13
נוגעות,ב-,F.P.,nog'ot b-,Clothing,13
לומד,,To Say/Tell (Qal),lomad,Clothing,13
אומר,,M.S.,omer,Clothing,13
אומרת,,F.S.,omeret,Clothing,13
אומרים,,M.P.,om'rim,Clothing,13
אומרות,,F.P.,om'rot,Clothing,13
לעשות,,"Do, Make, Create (Qal)",la'asot,Clothing,13
עושה,,M.S.,oseh,Clothing,13
עושה,,F.S.,osah,Clothing,13
עושים,,M.P.,osim,Clothing,13
עושות,,F.P.,osot,Clothing,13
לעבוד,,Work; Operate; Function (Qal),la'avod,Clothing,13
עובד,,M.S.,oved,Clothing,13
עובדת,,F.S.,ovedet,Clothing,13
עובדים,,M.P.,ov'dim,Clothing,13
עובדות,,F.P.,ov'dot,Clothing,13
למצוא,,"Find, Encounter (Qal)",lim'tzo,Clothing,13
מוצא,,M.S.,motze,Clothing,13
מוצאת,,F.S.,motzet,Clothing,13
מוצאים,,M.P.,motz'im,Clothing,13
מוצאות,,F.P.,motz'ot,Clothing,13
לתמוך,,"Support, Sustain (Qal)",lit'mokh,Clothing,13
תומך,,M.S.,tomekh,Clothing,13
תומכת,,F.S.,tomekhet,Clothing,13
תומכים,,M.P.,tom'khim,Clothing,13
תומכות,,F.P.,tom'khot,Clothing,13
לקחת,,Take (Qal),lakakhat,Clothing,14
לוקח,,M.S.,lokeakh,Clothing,14
לוקחת,,F.S.,lokakhat,Clothing,14
לוקחים,,M.P.,lok'khim,Clothing,14
לוקחות,,F.P.,lok'khot,Clothing,14
לדעת,,Know (Qal),lada'at,Clothing,14
יודע,,M.S.,yode'a,Clothing,14
יודעת,,F.S.,yoda'at,Clothing,14
יודעים,,M.P.,yod'im,Clothing,14
יודעות,,F.P.,yod'ot,Clothing,14
לתת,,"Give, Allow (Qal)",latet,Clothing,14
נותן,,M.S.,noten,Clothing,14
נותנת,,F.S.,notenet,Clothing,14
נותנים,,M.P.,not'nim,Clothing,14
נותנות,,F.P.,not'not,Clothing,14
לקנות,,"Buy, Purchase (Qal)",lik'not,Clothing,14
קונה,,M.S.,koneh,Clothing,14
קונה,,F.S.,konah,Clothing,14
קונים,,M.P.,konim,Clothing,14
קונות,,F.P.,konot,Clothing,14
למכור,,Sell (Qal),lim'kor,Clothing,14
מוכר,,M.S.,mokher,Clothing,14
מוכרת,,F.S.,mokheret,Clothing,14
מוכרים,,M.P.,mokh'rim,Clothing,14
מוכרות,,F.P.,mokh'rot,Clothing,14
לרשום,,"Note, Write, List (Qal)",lir'shom,Clothing,14
רושם,,M.S.,roshem,Clothing,14
רושמת,,F.S.,roshemet,Clothing,14
רושמים,,M.P.,rosh'mim,Clothing,14
רושמות,,F.P.,rosh'mot,Clothing,14
לסגור,,"Close; Turn Of (Light, Machine) (Qal)",lis'gor,Clothing,14
סוגר,,M.S.,soger,Clothing,14
סוגרת,,F.S.,sogeret,Clothing,14
סוגרים,,M.P.,sog'rim,Clothing,14
סוגרות,,F.P.,sog'rot,Clothing,14
לפתוח,,"Opens; Turns On (Light, etc) (Qal)",lif'toakh,Clothing,14
פותח,,M.S.,poteakh,Clothing,14
פותחת,,F.S.,potakhat,Clothing,14
פותחים,,M.P.,pot'khim,Clothing,14
פותחות,,F.P.,pot'khot,Clothing,14
לכאוב,,"Ache, Hurt, Feel Pain (Qal)",likh'ov,Clothing,14
כואב,,M.S.,ko'ev,Clothing,14
כואבת,,F.S.,ko'evet,Clothing,14
כואבים,,M.P.,ko'avim,Clothing,14
כואבות,,F.P.,ko'avot,Clothing,14
לחשוב,,Think (Qal),lakh'shov,Clothing,14
חושב,,M.S.,khoshev,Clothing,14
חושבת,,F.S.,khoshevet,Clothing,14
חושבים,,M.P.,khosh'vim,Clothing,14
חושבות,,F.P.,khosh'vot,Clothing,14
לחזור,,"Return, Come Back; Repeat (al) (Qal)",lakhazor,Clothing,14
חוזר,,M.S.,khozer,Clothing,14
חוזרת,,F.S.,khozeret,Clothing,14
חוזרים,,M.P.,khoz'rim,Clothing,14
חוזרות,,F.P.,khoz'rot,Clothing,15
לקרוא,,"Read (תא ,-ב); Call (ל) (Qal)",lik'ro,Clothing,15
קורא,,M.S.,kore,Clothing,15
קוראת,,F.S.,kor'et,Clothing,15
קוראים,,M.P.,kor'im,Clothing,15
קוראות,,F.P.,kor'ot,Clothing,15
לשמור,,"Guard; Keep, Maintain (לע) (Qal)",lish'mor,Clothing,15
שומר,,M.S.,shomer,Clothing,15
שומרת,,F.S.,shomeret,Clothing,15
שומרים,,M.P.,shom'rim,Clothing,15
שומרות,,F.P.,shom'rot,Clothing,15
ללמוד,,"Learn, Study (Qal)",lil'mod,Clothing,15
לומד,,M.S.,lomed,Clothing,15
לומדת,,F.S.,lomedet,Clothing,15
לומדים,,M.P.,lom'dim,Clothing,15
לומדות,,F.P.,lom'dot,Clothing,15
הולך,,"Walk, Go (Qal)",holekh,Clothing,15
הולך,,M.S.,holekh,Clothing,15
הולכת,,F.S.,holekhet,Clothing,15
הולכים,,M.P.,hol'khim,Clothing,15
הולכות,,F.P.,hol'khot,Clothing,15
לכעוס,,Be Angry (At Someone - לע) (Qal),likh'os,Clothing,15
כועס,,M.S.,ko'es,Clothing,15
כועסת,,F.S.,ko'eset,Clothing,15
כועסים,,M.P.,ko'asim,Clothing,15
כועסות,,F.P.,ko'asot,Clothing,15
לכלול,,Include; Generalise (Qal),likh'lol,Clothing,15
כולל,,M.S.,kolel,Clothing,15
כוללת,,F.S.,kolelet,Clothing,15
כוללים,,M.P.,kol'lim,Clothing,15
כוללות,,F.P.,kol'lot,Clothing,15
לזכור,,Remember (Qal),liz'kor,Clothing,15
זוכר,,M.S.,zokher,Clothing,15
זוֹכרת,,F.S.,zokheret,Clothing,15
זוכרים,,M.P.,zokh'rim,Clothing,15
זוכרות,,F.P.,zokh'rot,Clothing,15
לרוץ,,Run (Qal),larutz,Clothing,15
רץ,,M.S.,ratz,Clothing,15
רצה,,F.S.,ratzah,Clothing,15
רצים,,M.P.,ratzim,Clothing,15
רצות,,F.P.,ratzot,Clothing,15
לשיר,,Sing (Qal),lashir,Clothing,15
שר,,M.S.,shar,Clothing,15
שרה,,F.S.,sharah,Clothing,15
שרים,,M.P.,sharim,Clothing,15
שרות,,F.P.,sharot,Clothing,15
לנוח,,"Rest, Relax (Qal)",lanuakh,Clothing,15
נח,,M.S.,nakh,Clothing,15
נחה,,F.S.,nakhah,Clothing,15
נחים,,M.P.,nakhim,Clothing,15
נחוֹת,,F.P.,nakhot,Clothing,15
לעזוב,,"Leave, abandon (Qal)",la'azov,Clothing,15
עוזב,,M.S.,ozev,Clothing,15
עוזבת,,F.S.,ozevet,Clothing,15
עוזבים,,M.P.,oz'vim,Clothing,16
עוזבות,,F.P.,oz'vot,Clothing,16
לשקול,,Weigh; Consider; Ponder (Qal),lish'kol,Clothing,16
שוקל,,M.S.,shokel,Clothing,16
שוקלת,,F.S.,shokelet,Clothing,16
שוקלים,,M.P.,shok'lim,Clothing,16
שוקלות,,F.P.,shok'lot,Clothing,16
לעזור,,"Help, Assist, Aid (Qal)",la'azor,Clothing,16
עוזר,,M.S.,ozer,Clothing,16
עוזרת,,F.S.,ozeret,Clothing,16
עוזרים,,M.P.,oz'rim,Clothing,16
עוזרות,,F.P.,oz'rot,Clothing,16
לשנוא,,"Hate, Abhor (Qal)",lis'no,Clothing,16
שונא,,M.S.,sone,Clothing,16
שונאת,,F.S.,sonet,Clothing,16
שונאים,,M.P.,son'im,Clothing,16
שונאות,,F.P.,son'ot,Clothing,16
חותם,,"Sign, Seal, Finish (Qal)",khotem,Clothing,16
חותם,,M.S.,khotem,Clothing,16
חותמת,,F.S.,khotemet,Clothing,16
חותמים,,M.P.,khot'mim,Clothing,16
חותמות,,F.P.,khot'mot,Clothing,16
רוקד,,Dance (Qal),roked,Clothing,16
רוקד,,M.S.,roked,Clothing,16
רוקדת,,F.S.,rokedet,Clothing,16
רוקדים,,M.P.,rok'dim,Clothing,16
רוקדות,,F.P.,rok'dot,Clothing,16
ליצור,,Create (Qal),litzor,Clothing,16
יוצר,,M.S.,yotzer,Clothing,16
יוצרת,,F.S.,yotzeret,Clothing,16
יוצרים,,M.P.,yotz'rim,Clothing,16
יוצרות,,F.P.,yotz'rot,Clothing,16
לעמוד,,Stand (Qal),la'amod,Clothing,16
עומד,,M.S.,omed,Clothing,16
עומדת,,F.S.,omedet,Clothing,16
עומדים,,M.P.,om'dim,Clothing,16
עומדות,,F.P.,om'dot,Clothing,16
לחתוך,,"Cut, Slash (Qal)",lakh'tokh,Clothing,16
חותך,,M.S.,khotekh,Clothing,16
חותכת,,F.S.,khotekhet,Clothing,16
חותכים,,M.P.,khot'khim,Clothing,16
חותכות,,F.P.,khot'khot,Clothing,16
לשבת,,"Sit, Settle (Qal)",lashevet,Clothing,16
יושב,,M.S.,yoshev,Clothing,16
יושבת,,F.S.,yoshevet,Clothing,16
יושבים,,M.P.,yosh'vim,Clothing,16
יושבות,,F.P.,yosh'vot,Clothing,16
לגדול,,"Grow, Increase (Qal)",lig'dol,Clothing,16
גדל,,M.S.,gadel,Clothing,16
גדלה,,F.S.,g'delah,Clothing,16
גדלים,,M.P.,g'delim,Clothing,16
גדלות,,F.P.,g'delot,Clothing,16
לשכוח,,Forget (Qal),lish'koakh,Clothing,16
שוכח,,M.S.,shokheakh,Clothing,16
שוכחת,,F.S.,shokhakhat,Clothing,17
שוכחים,,M.P.,shokh'khim,Clothing,17
שוכחות,,F.P.,shokh'khot,Clothing,17
לצפות,,"Watch, Observe, Predict (Qal)",litz'pot,Clothing,17
צופה,,M.S.,tzofeh,Clothing,17
צוֹפה,,F.S.,tzofah,Clothing,17
צופים,,M.P.,tzofim,Clothing,17
צופות,,F.P.,tzofot,Clothing,17
לצאת,,"Go Out, Exit (Qal)",latzet,Clothing,17
יוצא,,M.S.,yotze,Clothing,17
יוצאת,,F.S.,yotzet,Clothing,17
יוצאים,,M.P.,yotz'im,Clothing,17
יוצאות,,F.P.,yotz'ot,Clothing,17
לבהות,,Stare (at something) (Qal),liv'hot,Clothing,17
בוהה,,M.S.,boheh,Clothing,17
בוהה,,F.S.,bohah,Clothing,17
בוהים,,M.P.,bohim,Clothing,17
בוהות,,F.P.,bohot,Clothing,17
לשכור,,"Rents, Hires (Qal)",lis'kor,Clothing,17
שוכר,,M.S.,sokher,Clothing,17
שוכרת,,F.S.,sokheret,Clothing,17
שוכרים,,M.P.,sokh'rim,Clothing,17
שוכרות,,F.P.,sokh'rot,Clothing,17
לשלוח,,"Send, Dispatch (Qal)",lish'loakh,Clothing,17
שולח,,M.S.,sholeakh,Clothing,17
שולחת,,F.S.,sholakhat,Clothing,17
שולחים,,M.P.,shol'khim,Clothing,17
שולחות,,F.P.,shol'khot,Clothing,17
לבדוק,,"Check, Examine (Qal)",liv'dok,Clothing,17
בודק,,M.S.,bodek,Clothing,17
בודקת,,F.S.,bodeket,Clothing,17
בודקים,,M.P.,bod'kim,Clothing,17
בודקות,,F.P.,bod'kot,Clothing,17
לשבור,,"Break, Shatter (Qal)",lish'bor,Clothing,17
שובר,,M.S.,shover,Clothing,17
שוברת,,F.S.,shoveret,Clothing,17
שוברים,,M.P.,shov'rim,Clothing,17
שוברות,,F.P.,shov'rot,Clothing,17
לגנוב,,Steal (Qal),lig'nov,Clothing,17
גונב,,M.S.,gonev,Clothing,17
גונבת,,F.S.,gonevet,Clothing,17
גונבים,,M.P.,gon'vim,Clothing,17
גונבות,,F.P.,gon'vot,Clothing,17
להפוך,,"Turns Into (l-), Turns Over (Qal)",lahafokh,Clothing,17
הופך,,M.S.,hofekh,Clothing,17
הופכת,,F.S.,hofekhet,Clothing,17
הופכים,,M.P.,hof'khim,Clothing,17
הופכות,,F.P.,hof'khot,Clothing,17
לברוח,,"Escape, Run Away (Qal)",liv'roakh,Clothing,17
בורח,,M.S.,boreakh,Clothing,17
בורחת,,F.S.,borakhat,Clothing,17
בורחים,,M.P.,bor'khim,Clothing,17
בורחות,,F.P.,bor'khot,Clothing,17
להכיר,,Know; Be Aquainted (תא) (Hifil),l'hakir,Clothing,17
מכיר,,M.S.,makir,Clothing,18
מכירה,,F.S.,makirah,Clothing,18
מכירים,,M.P.,makirim,Clothing,18
מכירות,,F.P.,makirot,Clothing,18
לענות,,"Answer, Reply (Qal)",la'anot,Clothing,18
עונה,,M.S.,oneh,Clothing,18
עונה,,F.S.,onah,Clothing,18
עונים,,M.P.,onim,Clothing,18
עוֹנוֹת,,F.P.,onot,Clothing,18
צבע,צבעים,Colour,tzeva tz'va'im,Colours,18
אדום,,Red (m.s),adom,Colours,18
כתום,,Orange (Colour) (m.s),katom,Colours,18
שחור,,Black (m.s),sh'khor,Colours,18
לבן,,White (m.s),lavan,Colours,18
כחול,,Blue (m.s),kakhol,Colours,18
צהוב,,Yellow (m.s),tzahov,Colours,18
ירוק,,Green (m.s),yarok,Colours,18
אפור,,Grey (m.s),afor,Colours,18
חום,,Brown (m.s),khum,Colours,18
ורוד,,Pink (m.s),varod,Colours,18
צבעוני,,Colourful (m.s),tziv'oni,Colours,18
סגול,,Purple (m.s),sagol,Colours,18
לצבוע,,"To Paint, Colour, Tint (Qal)",litz'boa,Colours,18
צובע,,Paint (m.s - pres.),tzovea,Colours,18
צובעת,,Paint (f.s - pres.),tzova'at,Colours,18
צובעים,,Paint (m.p - pres.),tzov'im,Colours,18
צובעות,,Paint (f.p- pres.),tzov'ot,Colours,18
ב-,,In,b'-,Prepositions 1,18
מ-,,From,mi-,Prepositions 1,18
בשביל,,For,bish'vil,Prepositions 1,18
עם,,With,im,Prepositions 1,18
ליד,,Next/Adjacent To,l'yad,Prepositions 1,18
בתוך,,Inside,b'tokh,Prepositions 1,18
נגד,,Against,neged,Prepositions 1,18
איתי,,With Me,iti,Prepositions 1,18
איתה,,With Her,itah,Prepositions 1,18
איתו,,With Him,ito,Prepositions 1,18
איתנו,,With Us,itanu,Prepositions 1,18
מספר,מספרים,Number,mispar mis'parim,Numbers 1,18
אפס,אפסים,Zero; Nothing,efes afasim,Numbers 1,18
אחד,,One (m),ekhad,Numbers 1,18
שניים,,Two (m),sh'niyim,Numbers 1,18
שלושה,,Three (m),sh'loshah,Numbers 1,18
ארבעה,,Four (m),ar'ba'ah,Numbers 1,19
חמישה,,Five (m),khamishah,Numbers 1,19
שישה,,Six (m),shishah,Numbers 1,19
שבעה,,Seven (m),shiv'ah,Numbers 1,19
שמונה,,Eight (m),sh'monah,Numbers 1,19
תשעה,,Nine (m),tish'ah,Numbers 1,19
עשרה,,Ten (m),asarah,Numbers 1,19
אחד עשר,,Eleven (m),akhad asar,Numbers 1,19
שנים עשר,,Twelve (m),sh'neim asar,Numbers 1,19
שלושה עשר,,Thirteen (m),sh'loshah asar,Numbers 1,19
אחת,,One (f),akhat,Numbers 1,19
שתיים,,Two (f),sh'tayim,Numbers 1,19
שלוש,,Three (f),sh'losh,Numbers 1,19
ארבע,,Four (f),arba,Numbers 1,19
חמש,,Five (f),khamesh,Numbers 1,19
שש,,Six (f),shesh,Numbers 1,19
שבע,,Seven (f),sheva,Numbers 1,19
שמונה,,Eight (f),sh'moneh,Numbers 1,19
תשע,,Nine (f),tesha,Numbers 1,19
עשר,,Ten (f),eser,Numbers 1,19
אחת עשרה,,Eleven (f),akhat esreh,Numbers 1,19
שתים עשרה,,Twelve (f),sh'teim esreh,Numbers 1,19
שלוש עשרה,,Thirteen (f),sh'losh esreh,Numbers 1,19
יותר,,More,yoter,Numbers 1,19
פחות,,Less,pakhot,Numbers 1,19
יותר מדי,,Too Much/Many,yoter midai,Numbers 1,19
הרבה,,"A lot, Many, Much",harbeh,Numbers 1,19
מדי,,"Too, Overly",midei,Numbers 1,19
עשרים,,Twenty,esr'im,Numbers 1,19
לספור,,"To Count, Enumerate (Qal)",lis'por,Numbers 1,19
סופר,,Count (m.s - pres.),sofer,Numbers 1,19
סופרת,,Count (f.s - pres.),soferet,Numbers 1,19
סופרים,,Count (m.p - pres.),sof'rim,Numbers 1,19
סופרות,,Count (f.p- pres.),sof'rot,Numbers 1,19
תשובה,תשובות,"Answer, Reply, Solution",t'shuvah t'shuvot,Questions,19
שאלה,שאלות,"Question, Query; Matter (Colloq.)",sh'elah sh'elot,Questions,19
מה,,What?,mah,Questions,19
איפה,,Where?,eifoh,Questions,19
למה,,Why?,lamah,Questions,19
כמה,,How Much/Many?,kamah,Questions,19
מי,,Who?,mi,Questions,19
מאיפה,,Where From?,me'eifoh,Questions,19
מתי,,When?,matai,Questions,19
איך,,How?,eikh,Questions,19
של מי,,Whose?,shel mi,Questions,19
איזה,,Which? (m),eizeh,Questions,19
איזו,,Which? (f),eizoh,Questions,19
באיזה,,In Which?,b'eizeh,Questions,19
עם מי,,With Who?,im mi,Questions,19
לאן,,Where To?,l'an,Questions,19
למי,,To Who?,l'mi,Questions,20
ממי,,From Who?,mimi,Questions,20
בשביל מה,,What For?,bash'vil mah,Questions,20
את מי,,Whom?,et mi,Questions,20
אילו,,Which? (Pl.),eilu,Questions,20
לשאול,,To Ask; Borrow (Qal),lish'ol,Questions,20
שואל,,M.S - Pres.,sho'el,Questions,20
שואלת,,F.S - Pres.,sho'elet,Questions,20
שואלים,,M.P - Pres.,sho'alim,Questions,20
שואלות,,F.P - Pres.,sho'alot,Questions,20
לענות,,"To Answer, Reply (Qal)",la'anot,Questions,20
עונה,,M.S - Pres.,oneh,Questions,20
עונה,,F.S - Pres.,onah,Questions,20
עונים,,M.P - Pres.,onim,Questions,20
עונות,,F.P - Pres.,onot,Questions,20
הזה,,This (m) (formal),hazeh,Determiners,20
כולם,,Everyone (m),kulam,Determiners,20
שום,,"Any, Some (Neg. Sentence)",shum,Determiners,20
משהו,,"Something, Anything",mashehu,Determiners,20
מישהו,,"Someone, Somebody",mishehu,Determiners,20
הכל,,"Everything, All",hakol,Determiners,20
הזאת,,This (f) (formal),hazot,Determiners,20
כולן,,Everyone (f),kulan,Determiners,20
אחר,,Other (One) (m.s),akher,Determiners,20
ככה,,"So, Thus",kakhah,Determiners,20
האלו,,These,haelu,Determiners,20
כולן,,All Of Them (f.p),kulan,Determiners,20
אף אחד,,"Nobody, Not One",af ekhad,Determiners,20
אלה,,These (Pron),eleh,Determiners,20
כל,,"All, Any, Every",kol,Determiners,20
כזה,,Like This,kazeh,Determiners,20
אלו,,These,elu,Determiners,20
שום דבר,,Nothing,shum davar,Determiners,20
שום דבר מלבד,,Nothing But,shum davar mil'vad,Determiners,20
שניהם,,Both,sh'neihem,Determiners,20
אותו ה-,,The Same,oto b-,Determiners,20
תלמיד,תלמידים,"Student, Pupil",talmid tal'midim,Occupations,20
רופא,רופאים,"Doctor, Physician",rofe rof'im,Occupations,20
סופר,סופרים,Author,sofer sof'rim,Occupations,20
מקצוע,מקצועות,Profession,miktzo'a miktzo'ot,Occupations,20
דוגמן,דוגמנים,Model,dug'man dug'manim,Occupations,20
במאי,במאים,Director,bamai bama'im,Occupations,20
קריירה,קריירות,Career,kar'yerah kar'yerot,Occupations,20
צוות,צוותים,"Crew, Team, Staff",tzevet tz'vatim,Occupations,20
אמן,אומנים,Artist,oman omanim,Occupations,20
מזכיר,מזכירים,Secretary,mazkir maz'kirim,Occupations,20
צייר,ציירים,"Painter, Drawer, Artist",tzayar tzayarim,Occupations,21
שופט,שופטים,"Judge, Referee",shofet shof'tim,Occupations,21
עורך דין,עורכי דין,Lawyer,orekh din or'khey din,Occupations,21
פועל,פועלים,Worker,po'el po'alim,Occupations,21
שוטר,שוטרים,Policeman,shoter shot'rim,Occupations,21
קצין,קצינים,Officer,katzin k'tzinim,Occupations,21
עיתונאי,עיתונאים,Journalist,itonai itona'im,Occupations,21
חייל,חיילים,Soldier,khayal khayalim,Occupations,21
קברניט,קברניטים,Captain,kabarnit kabar'nitim,Occupations,21
בוס,בוסים,Boss,bos bosim,Occupations,21
שומר,שומרים,Guard,shumar shom'rim,Occupations,21
שחקן,שחקנים,"Actor, Player",sakh'kan sakh'kanim,Occupations,21
נהג,נהגים,Driver,nehag nehagim,Occupations,21
טבח,טבחים,Cook,tabakh tabakhim,Occupations,21
מלצר,מלצרים,Waiter,mel'tzar mel'tzarim,Occupations,21
מהנדס,מהנדסים,Engineer,m'handes m'han'd'sim,Occupations,21
אדריכל,אדריכלים,Architect,ad'rikhal ad'rikhalim,Occupations,21
חקלאי,חקלאים,Farmer,khakla'i khak'la'im,Occupations,21
עבודה,עבודות,"Work, Job",avodah avodot,Occupations,21
משטרה,משטרות,Police,mish'tarah mish'tarot,Occupations,21
התמחות,התמחויות,"Internship, Apprenticeship",hit'makhut hit'makhuyot,Occupations,21
כבר,,Already,k'var,Conjunctions,21
למרות,,"Despite, Even Though, Although",lam'rot,Conjunctions,21
אם,,If,im,Conjunctions,21
ש-,,That,sh-,Conjunctions,21
אבל,,But,aval,Conjunctions,21
כי,,Because,ki,Conjunctions,21
בגלל-,,Because Of,biglal,Conjunctions,21
עדיין,,Still,adayin,Conjunctions,21
גם,,Also,gam,Conjunctions,21
לכן,,So/Therefore,lakhen,Conjunctions,21
אף על פי ש-,,Even Though,af al pi sh-,Conjunctions,21
רק,,Only,rak,Conjunctions,21
חוץ מ-,,"Except For, But (Sometimes)",khutz m-,Conjunctions,21
בזמן ש-,,While,biz'man sh-,Conjunctions,21
מתי ש-,,When,matai sh-,Conjunctions,21
אז,,So/Then,az,Conjunctions,21
לאן ש-,,Where,le'an sh',Conjunctions,21
איפה ש-,,Where,eifo sh-,Conjunctions,21
מי ש-,,Who,mi sh-,Conjunctions,21
לכן,,"So, That's Why",lakhen,Conjunctions,21
מה ש-,,What,mah sh-,Conjunctions,21
כש-,,When,k'she-,Conjunctions,21
אלא אם כן,,Unless,eilah im ken,Conjunctions,21
אחרי ש-,,After (That),akharei sh-,Conjunctions,21
אך,,"But, However, Nevertheless",akh,Conjunctions,21
לפני ש-,,Before (That),lif'nei sh-,Conjunctions,21
אלא,,"But/Rather, Only, However",ela,Conjunctions,21
אף,,"Also, Even",af,Conjunctions,21
אפילו,,Even,afilu,Conjunctions,21
בחוץ,,Outside,bakhutz,Prepositions 2,22
בפנים,,Inside,bifnim,Prepositions 2,22
מול,,"Across, Against (Prep)",mul,Prepositions 2,22
בין,,Between (Prep),bein,Prepositions 2,22
אל,,"To(wards), Into (Prep)",el,Prepositions 2,22
על,,"On, Upon (Prep)",al,Prepositions 2,22
לפני,,Before (Prep),lifnei,Prepositions 2,22
אחרי,,After (Prep),akharei,Prepositions 2,22
אצל,,"At, In the Possession Of (Prep)",etzel,Prepositions 2,22
מאחורי,,Behind (Prep),me'akhorei,Prepositions 2,22
מתחת,,"Below, Underneath (Prep)",mitakhat,Prepositions 2,22
מעל,,Above (Prep),me'al,Prepositions 2,22
אך ורק,,Only (Stressed; Emphatic),akh v'rak,Prepositions 2,22
בלי,,Without (Conj),b'li,Prepositions 2,22
להימצא,,To Be Found; Present (Nifal),l'himatze,Prepositions 2,22
נמצא,,M.S - Pres.,nim'tza,Prepositions 2,22
נמצאת,,F.S - Pres.,nim'tzet,Prepositions 2,22
נמצאים,,M.P - Pres.,nim'tza'im,Prepositions 2,22
נמצאות,,F.P - Pres.,nim'tza'ot,Prepositions 2,22
לבקש,,"To Ask For, Request, Seek (Piel)",l'vakesh,Possessives 2,22
מבקש,,"I, You, He, It (m.s - pres.)",m'vakesh,Possessives 2,22
מבקשת,,"I, You, She, It (f.s - pres.)",m'vakeshet,Possessives 2,22
מבקשים,,"We, You, They (m.p - pres.)",m'vak'shim,Possessives 2,22
מבקשות,,"We, You, They (f.p- pres.)",m'vak'shot,Possessives 2,22
לשלם,,To Pay (Piel),l'shalem,Possessives 2,22
משלם,,"I, You, He, It (m.s - pres.)",m'shalem,Possessives 2,22
משלמת,,"I, You, She, It (f.s - pres.)",m'shalemet,Possessives 2,22
משלמים,,"We, You, They (m.p - pres.)",m'shal'mim,Possessives 2,22
משלמות,,"We, You, They (f.p- pres.)",m'shal'mot,Possessives 2,23
לפספס,,To Miss (Not Emotion) (Piel),l'fas'fes,Possessives 2,23
מפספס,,"I, You, He, It (m.s - pres.)",m'pas'fes,Possessives 2,23
מפספסת,,"I, You, She, It (f.s - pres.)",m'fas'feset,Possessives 2,23
מפספסים,,"We, You, They (m.p - pres.)",m'fas'f'sim,Possessives 2,23
מפספסות,,"We, You, They (f.p- pres.)",m'fas'f'sot,Possessives 2,23
לשחק,,"To Play (Game), Act (Piel)",l'sakhek,Possessives 2,23
משחק,,"I, You, He, It (m.s - pres.)",m'sakhek,Possessives 2,23
משחקת,,"I, You, She, It (f.s - pres.)",m'sakheket,Possessives 2,23
משחקים,,"We, You, They (m.p - pres.)",m'sakhakim,Possessives 2,23
משחקות,,"We, You, They (f.p- pres.)",m'sakhakot,Possessives 2,23
לספר,,"To Tell (Story), Relate (Piel)",l'saper,Possessives 2,23
מספר,,"I, You, He, It (m.s - pres.)",m'saper,Possessives 2,23
מספרת,,"I, You, She, It (f.s - pres.)",m'saperet,Possessives 2,23
מספרים,,"We, You, They (m.p - pres.)",m'sap'rim,Possessives 2,23
מספרות,,"We, You, They (f.p- pres.)",m'sap'rot,Possessives 2,23
לעצב,,"To Design, Form, Shape (Piel)",l'atzev,Possessives 2,23
מעצב,,"I, You, He, It (m.s - pres.)",m'atzev,Possessives 2,23
מעצבת,,"I, You, She, It (f.s - pres.)",m'atzevet,Possessives 2,23
מעצבים,,"We, You, They (m.p - pres.)",m'atz'vim,Possessives 2,23
מעצבות,,"We, You, They (f.p- pres.)",m'atz'vot,Possessives 2,23
לשנות,,To Change (Something) (Piel),l'shanot,Possessives 2,23
משנה,,"I, You, He, It (m.s - pres.)",m'shaneh,Possessives 2,23
משנה,,"I, You, She, It (f.s - pres.)",m'shanah,Possessives 2,23
משנים,,"We, You, They (m.p - pres.)",m'shanim,Possessives 2,23
משנות,,"We, You, They (f.p- pres.)",m'shanot,Possessives 2,23
לנסות,,"To Try, Attempt, Test (Piel)",l'nasot,Possessives 2,23
מנסה,,"I, You, He, It (m.s - pres.)",m'naseh,Possessives 2,23
מנסה,,"I, You, She, It (f.s - pres.)",m'nasah,Possessives 2,23
מנסים,,"We, You, They (m.p - pres.)",m'nasim,Possessives 2,23
מנסות,,"We, You, They (f.p- pres.)",m'nasot,Possessives 2,23
לקוות,,To Hope (Piel),l'kavot,Possessives 2,23
מקווה,,"I, You, He, It (m.s - pres.)",m'kaveh,Possessives 2,23
מקווה,,"I, You, She, It (f.s - pres.)",m'kavah,Possessives 2,23
מקווים,,"We, You, They (m.p - pres.)",m'kavim,Possessives 2,23
מקוות,,"We, You, They (f.p- pres.)",m'kavot,Possessives 2,23
לחפש,,"To Search, Look For (Piel)",l'khapes,Possessives 2,23
מחפש,,"I, You, He, It (m.s - pres.)",m'khapes,Possessives 2,23
מחפשת,,"I, You, She, It (f.s - pres.)",m'khapeset,Possessives 2,23
מחפשים,,"We, You, They (m.p - pres.)",m'khap'sim,Possessives 2,23
מחפשות,,"We, You, They (f.p- pres.)",m'khap'sot,Possessives 2,23
לגדל,,"To Grow, Raise, Bring Up (Piel)",l'gadel,Possessives 2,23
מגדל,,"I, You, He, It (m.s - pres.)",m'gadel,Possessives 2,23
מגדלת,,"I, You, She, It (f.s - pres.)",m'gadelet,Possessives 2,23
מגדלים,,"We, You, They (m.p - pres.)",m'gad'lim,Possessives 2,23
מגדלות,,"We, You, They (f.p- pres.)",m'gad'lot,Possessives 2,23
לסמן,,"To Signal, Indicate, Mark (Piel)",l'samen,Possessives 2,23
מסמן,,"I, You, He, It (m.s - pres.)",m'samen,Possessives 2,23
מסמנת,,"I, You, She, It (f.s - pres.)",m'samenet,Possessives 2,23
מסמנים,,"We, You, They (m.p - pres.)",m'sam'nim,Possessives 2,23
מסמנות,,"We, You, They (f.p- pres.)",m'sam'not,Possessives 2,23
לאחל,,"To Wish, Congratulate (Piel)",l'akhel,Possessives 2,23
מאחל,,"I, You, He, It (m.s - pres.)",m'akhel,Possessives 2,23
מאחלת,,"I, You, She, It (f.s - pres.)",m'akhelet,Possessives 2,23
מאחלים,,"We, You, They (m.p - pres.)",m'akhalim,Possessives 2,24
מאחלות,,"We, You, They (f.p- pres.)",m'akhalot,Possessives 2,24
לערבב,,"To Stir, Mix, Mess Up (Piel)",l'ar'bev,Possessives 2,24
מערבב,,"I, You, He, It (m.s - pres.)",m'ar'bev,Possessives 2,24
מערבבת,,"I, You, She, It (f.s - pres.)",m'ar'bevet,Possessives 2,24
מערבבים,,"We, You, They (m.p - pres.)",m'ar'b'vim,Possessives 2,24
מערבבות,,"We, You, They (f.p- pres.)",m'ar'b'vot,Possessives 2,24
לכבד,,"To Respect, Honour (Piel)",l'khabed,Possessives 2,24
מכבד,,"I, You, He, It (m.s - pres.)",m'khabed,Possessives 2,24
מכבדת,,"I, You, She, It (f.s - pres.)",m'khabedet,Possessives 2,24
מכבדים,,"We, You, They (m.p - pres.)",m'khab'dim,Possessives 2,24
מכבדות,,"We, You, They (f.p- pres.)",m'khab'dot,Possessives 2,24
לסדר,,"To Arrange, Organize, Tidy (Piel)",l'sader,Possessives 2,24
מסדר,,"I, You, He, It (m.s - pres.)",m'sader,Possessives 2,24
מסדרת,,"I, You, She, It (f.s - pres.)",m'saderet,Possessives 2,24
מסדרים,,"We, You, They (m.p - pres.)",m'sad'rim,Possessives 2,24
מסדרות,,"We, You, They (f.p- pres.)",m'sad'rot,Possessives 2,24
לייבש,,To Dry (Up) (Transitive) (Piel),l'yabesh,Possessives 2,24
מייבש,,"I, You, He, It (m.s - pres.)",m'yabesh,Possessives 2,24
מייבשת,,"I, You, She, It (f.s - pres.)",m'yabeshet,Possessives 2,24
מייבשים,,"We, You, They (m.p - pres.)",m'yab'shim,Possessives 2,24
מייבשות,,"We, You, They (f.p- pres.)",m'yab'shot,Possessives 2,24
לחמם,,"To Heat, Warm Up (Piel)",l'khamem,Possessives 2,24
מחמם,,"I, You, He, It (m.s - pres.)",m'khamem,Possessives 2,24
מחממת,,"I, You, She, It (f.s - pres.)",m'khamemet,Possessives 2,24
מחממים,,"We, You, They (m.p - pres.)",m'khamemim,Possessives 2,24
מחממות,,"We, You, They (f.p- pres.)",m'khamemot,Possessives 2,24
מייבא,,To Import (Piel),m'yabe,Possessives 2,24
מייבא,,"I, You, He, It (m.s - pres.)",m'yabe,Possessives 2,24
מייבאת,,"I, You, She, It (f.s - pres.)",m'yabet,Possessives 2,24
מייבאים,,"We, You, They (m.p - pres.)",m'yabim,Possessives 2,24
מייבאות,,"We, You, They (f.p- pres.)",m'yabot,Possessives 2,24
למלא,,"To Fill (Out), Fulfil (Piel)",l'male,Possessives 2,24
ממלא,,"I, You, He, It (m.s - pres.)",m'male,Possessives 2,24
ממלאה,,"I, You, She, It (f.s - pres.)",m'mal'ah,Possessives 2,24
ממלאים,,"We, You, They (m.p - pres.)",m'mal'im,Possessives 2,24
ממלאות,,"We, You, They (f.p- pres.)",m'mal'ot,Possessives 2,24
לבזבז,,"To Waste, Squander (Piel)",l'vaz'bez,Possessives 2,24
מבזבז,,"I, You, He, It (m.s - pres.)",m'vaz'bez,Possessives 2,24
מבזבזת,,"I, You, She, It (f.s - pres.)",m'vaz'bezet,Possessives 2,24
מבזבזים,,"We, You, They (m.p - pres.)",m'vak'b'zim,Possessives 2,24
מבזבזות,,"We, You, They (f.p- pres.)",m'vaz'b'zot,Possessives 2,24
לבקר,)-ב( )את(,To Visit (b-); Criticise (at) (Piel),l'vaker (-ב) (תא),Possessives 2,24
מבקר,,"I, You, He, It (m.s - pres.)",m'vaker,Possessives 2,24
מבקרת,,"I, You, She, It (f.s - pres.)",m'vakeret,Possessives 2,24
מבקרים,,"We, You, They (m.p - pres.)",m'vak'rim,Possessives 2,24
מבקרות,,"We, You, They (f.p- pres.)",m'vak'rot,Possessives 2,24
לקבל,,"To Receive, Get; Accept (Piel)",l'kabel,Possessives 2,24
מקבל,,"I, You, He, It (m.s - pres.)",m'kabel,Possessives 2,24
מקבלת,,"I, You, She, It (f.s - pres.)",m'kabelet,Possessives 2,24
מקבלים,,"We, You, They (m.p - pres.)",m'kab'lim,Possessives 2,24
מקבלות,,"We, You, They (f.p- pres.)",m'kab'lot,Possessives 2,24
לרחם,)על(,"To Have Mercy (al), Pity (Piel)",l'rakhem (al),Possessives 2,24
מרחם,,"I, You, He, It (m.s - pres.)",m'rakhem,Possessives 2,24
מרחמת,,"I, You, She, It (f.s - pres.)",m'rakhemet,Possessives 2,25
מרחמים,,"We, You, They (m.p - pres.)",m'rakhamim,Possessives 2,25
מרחמות,,"We, You, They (f.p- pres.)",m'rakhamot,Possessives 2,25
לקנא,)ב-(,"To Be Jealous Of (b-), Envy (Piel)",l'kane (b-),Possessives 2,25
מקנא,,"I, You, He, It (m.s - pres.)",m'kane,Possessives 2,25
מקנאה,,"I, You, She, It (f.s - pres.)",m'kan'ah,Possessives 2,25
מקנאים,,"We, You, They (m.p - pres.)",m'kan'im,Possessives 2,25
מקנאות,,"We, You, They (f.p- pres.)",m'kan'ot,Possessives 2,25
לטפס,)על(,To Climb (al) (Piel),l'tapes (al),Possessives 2,25
מטפס,,"I, You, He, It (m.s - pres.)",m'tapes,Possessives 2,25
מטפסת,,"I, You, She, It (f.s - pres.)",m'tapeset,Possessives 2,25
מטפסים,,"We, You, They (m.p - pres.)",m'tap'sim,Possessives 2,25
מטפסות,,"We, You, They (f.p- pres.)",m'tap'sot,Possessives 2,25
לנצח,,"To Win, Overcome, Beat (Piel)",l'natzeakh,Possessives 2,25
מנצח,,"I, You, He, It (m.s - pres.)",m'natzeakh,Possessives 2,25
מנצחת,,"I, You, She, It (f.s - pres.)",m'natzakhat,Possessives 2,25
מנצחים,,"We, You, They (m.p - pres.)",m'natz'khim,Possessives 2,25
מנצחות,,"We, You, They (f.p- pres.)",m'natz'khot,Possessives 2,25
לאמן,,"To Train, Coach (Someone) (Piel)",l'amen,Possessives 2,25
מאמן,,"I, You, He, It (m.s - pres.)",m'amen,Possessives 2,25
מאמנת,,"I, You, She, It (f.s - pres.)",m'amenet,Possessives 2,25
מאמנים,,"We, You, They (m.p - pres.)",m'am'nim,Possessives 2,25
מאמנות,,"We, You, They (f.p- pres.)",m'am'not,Possessives 2,25
לשקר,,"To Lie, Deceive, Tell Lies (Piel)",l'shaker,Possessives 2,25
משקר,,"I, You, He, It (m.s - pres.)",m'shaker,Possessives 2,25
משקרת,,"I, You, She, It (f.s - pres.)",m'shakeret,Possessives 2,25
משקרים,,"We, You, They (m.p - pres.)",m'shak'rim,Possessives 2,25
משקרות,,"We, You, They (f.p- pres.)",m'shak'rot,Possessives 2,25
לאחר,,To Be Late (Piel),l'akher,Possessives 2,25
מאחר,,"I, You, He, It (m.s - pres.)",m'akher,Possessives 2,25
מאחרת,,"I, You, She, It (f.s - pres.)",m'akheret,Possessives 2,25
מאחרים,,"We, You, They (m.p - pres.)",m'akharim,Possessives 2,25
מאחרות,,"We, You, They (f.p- pres.)",m'akharot,Possessives 2,25
לחכות,)ל-(,"To Wait For (l-), Await (Piel)",l'khakot (l-),Possessives 2,25
מחכה,,"I, You, He, It (m.s - pres.)",m'khakeh,Possessives 2,25
מחכה,,"I, You, She, It (f.s - pres.)",m'khakah,Possessives 2,25
מחכים,,"We, You, They (m.p - pres.)",m'khakim,Possessives 2,25
מחכות,,"We, You, They (f.p- pres.)",m'khakot,Possessives 2,25
לספק,,"To Satisfy; Supply, Provide (Piel)",l'sapek,Possessives 2,25
מספק,,"I, You, He, It (m.s - pres.)",m'sapek,Possessives 2,25
מספקת,,"I, You, She, It (f.s - pres.)",m'sapeket,Possessives 2,25
מספקים,,"We, You, They (m.p - pres.)",m'sap'kim,Possessives 2,25
מספקות,,"We, You, They (f.p- pres.)",m'sap'kot,Possessives 2,25
לסיים,,"To Finish, Complete (Piel)",l'sayem,Possessives 2,25
מסיים,,"I, You, He, It (m.s - pres.)",m'sayem,Possessives 2,25
מסיימת,,"I, You, She, It (f.s - pres.)",m'sayemet,Possessives 2,25
מסיימים,,"We, You, They (m.p - pres.)",m'say'mim,Possessives 2,25
מסיימות,,"We, You, They (f.p- pres.)",m'say'mot,Possessives 2,25
לשכנע,,"To Convince, Persuade (Piel)",l'shakh'nea,Possessives 2,25
משכנע,,"I, You, He, It (m.s - pres.)",m'shakh'nea,Possessives 2,25
משכנעת,,"I, You, She, It (f.s - pres.)",m'shakh'na'at,Possessives 2,25
משכנעים,,"We, You, They (m.p - pres.)",m'shakh'n'im,Possessives 2,25
משכנעות,,"We, You, They (f.p- pres.)",m'shakh'n'ot,Possessives 2,25
לאבד,,"To Lose, Destroy (Piel)",l'abed,Possessives 2,25
מאבד,,"I, You, He, It (m.s - pres.)",m'abed,Possessives 2,26
מאבדת,,"I, You, She, It (f.s - pres.)",m'abedet,Possessives 2,26
מאבדים,,"We, You, They (m.p - pres.)",m'ab'dim,Possessives 2,26
מאבדות,,"We, You, They (f.p- pres.)",m'ab'dot,Possessives 2,26
לצלם,,"To Photograph, Shoot; Film (Piel)",l'tzalem,Possessives 2,26
מצלם,,"I, You, He, It (m.s - pres.)",m'tzalem,Possessives 2,26
מצלמת,,"I, You, She, It (f.s - pres.)",m'tzalemet,Possessives 2,26
מצלמים,,"We, You, They (m.p - pres.)",m'tzal'mim,Possessives 2,26
מצלמות,,"We, You, They (f.p- pres.)",m'tzal'mot,Possessives 2,26
לאמץ,,To Adopt (Piel),l'ametz,Possessives 2,26
מאמץ,,"I, You, He, It (m.s - pres.)",m'ametz,Possessives 2,26
מאמצת,,"I, You, She, It (f.s - pres.)",m'ametzet,Possessives 2,26
מאמצים,,"We, You, They (m.p - pres.)",m'am'tzim,Possessives 2,26
מאמצות,,"We, You, They (f.p- pres.)",m'am'tzot,Possessives 2,26
לפחד,,To Be Scared/Afraid Of... (Piel),l'fakhed,Possessives 2,26
מפחד,,"I, You, He, It (m.s - pres.)",m'fakhed,Possessives 2,26
מפחדת,,"I, You, She, It (f.s - pres.)",m'fakhedet,Possessives 2,26
מפחדים,,"We, You, They (m.p - pres.)",m'fakhadim,Possessives 2,26
מפחדות,,"We, You, They (f.p- pres.)",m'fakhadot,Possessives 2,26
לאשר,,"To Approve, Confirm (Piel)",l'asher,Possessives 2,26
מאשר,,"I, You, He, It (m.s - pres.)",m'asher,Possessives 2,26
מאשרת,,"I, You, She, It (f.s - pres.)",m'asheret,Possessives 2,26
מאשרים,,"We, You, They (m.p - pres.)",m'ash'rim,Possessives 2,26
מאשרות,,"We, You, They (f.p- pres.)",m'ash'rot,Possessives 2,26
לגלות,,To Discover (Piel),l'galot,Possessives 2,26
מגלה,,"I, You, He, It (m.s - pres.)",m'galeh,Possessives 2,26
מגלה,,"I, You, She, It (f.s - pres.)",m'galah,Possessives 2,26
מגלים,,"We, You, They (m.p - pres.)",m'galim,Possessives 2,26
מגלות,,"We, You, They (f.p- pres.)",m'galot,Possessives 2,26
לגלח,,To Shave (Transitive) (Piel),l'galeakh,Possessives 2,26
מגלח,,"I, You, He, It (m.s - pres.)",m'galeakh,Possessives 2,26
מגלחת,,"I, You, She, It (f.s - pres.)",m'galakhat,Possessives 2,26
מגלחים,,"We, You, They (m.p - pres.)",m'gal'khim,Possessives 2,26
מגלחות,,"We, You, They (f.p- pres.)",m'gal'khot,Possessives 2,26
לחדש,,"To Renew, Innovate, Modernis (Piel)",l'khadesh,Possessives 2,26
מחדש,,"I, You, He, It (m.s - pres.)",m'khadesh,Possessives 2,26
מחדשת,,"I, You, She, It (f.s - pres.)",m'khadeshet,Possessives 2,26
מחדשים,,"We, You, They (m.p - pres.)",m'khad'shim,Possessives 2,26
מחדשות,,"We, You, They (f.p- pres.)",m'khad'shot,Possessives 2,26
לברך,,"To Bless, Congratulate, Greet (Piel)",l'varekh,Possessives 2,26
מברך,,"I, You, He, It (m.s - pres.)",m'varekh,Possessives 2,26
מברכת,,"I, You, She, It (f.s - pres.)",m'varekhet,Possessives 2,26
מברכים,,"We, You, They (m.p - pres.)",m'var'khim,Possessives 2,26
מברכות,,"We, You, They (f.p- pres.)",m'var'khot,Possessives 2,26
לתאר,,"To Describe, Imagine (Piel)",l'taer,Possessives 2,26
מתאר,,"I, You, He, It (m.s - pres.)",m'ta'er,Possessives 2,26
מתארת,,"I, You, She, It (f.s - pres.)",m'ta'eret,Possessives 2,26
מתארים,,"We, You, They (m.p - pres.)",m'ta'arim,Possessives 2,26
מתארות,,"We, You, They (f.p- pres.)",m'ta'arot,Possessives 2,26
לתקן,,"To Fix, Repair, Correct (Piel)",l'taken,Possessives 2,26
מתקן,,"I, You, He, It (m.s - pres.)",m'taken,Possessives 2,26
מתקנת,,"I, You, She, It (f.s - pres.)",m'takenet,Possessives 2,26
מתקנים,,"We, You, They (m.p - pres.)",m'tak'nim,Possessives 2,26
מתקנות,,"We, You, They (f.p- pres.)",m'tak'not,Possessives 2,26
יום,ימים,Day,yom yamim,Time,27
יום ראשון,ימי ראשון,Sunday,yom ri'shon,Time,27
יום שני,,Monday,yom sheni,Time,27
יום שלישי,,Tuesday,yom sh'lishi,Time,27
יום רביעי,,Wednesday,yom r'vi'i,Time,27
יום חמישי,,Thursday,yom khamishi,Time,27
יום שישי,,Friday,yom shishi,Time,27
זמן,זמנים,Time,z'man z'manim,Time,27
שבוע,שבועות,Week,shavu'a shavu'ot,Time,27
חודש,חודשים,Month,khodesh khodashim,Time,27
לוח שנה,לוחות שנה,Calendar,luakh shanah lukhot shanah,Time,27
תאריך,תאריכים,Date,ta'arikh ta'arikhim,Time,27
אביב,אביבים,Spring,aviv avivim,Time,27
חורף,חורפים,Winter,khoref khorafim,Time,27
סתיו,סתיווים,"Autumn, Fall",stav stavim,Time,27
קיץ קיצים,,Summer,kayitz keitzim,Time,27
חצות,,Midnight,khatzot,Time,27
יום הולדת,ימי הולדת,Birthday,yom huledet y'mei huledet,Time,27
רגע,רגעים,Moment,rega rega'im,Time,27
עשור,עשורים,Decade,asor asorim,Time,27
עידן,,Era,idan,Time,27
גיל,גילים,Age,gil gilim,Time,27
דור,דורות,Generation,dor dorot,Time,27
שנתיים,,Two Years,sh'natiyim,Time,27
חודשיים,,Two Months,khod'shayim,Time,27
שבועיים,,Two Weeks,sh'vu'ayim,Time,27
יומיים,,Two Days,yomayim,Time,27
שעתיים,,Two Hours,sha'atayim,Time,27
מהלך,מהלכים,"Process, Development",mahalakh mahalakhim,Time,27
הווה,,"Present (Time), Now",hoveh,Time,27
אחר הצהריים,,Afternoon,akhar hatzaharayim,Time,27
ינואר,,January,yanu'ar,Time,27
פברואר,,February,febru'ar,Time,27
מרץ,,March,mertz,Time,27
אפריל,,April,april,Time,27
מאי,,May,ma'i,Time,27
יוני,,June,yuni,Time,27
יולי,,July,yuli,Time,27
אוגוסט,,August,ogust,Time,27
ספטמבר,,September,september,Time,27
אוקטובר,,October,ok'tober,Time,27
נובמבר,,November,november,Time,27
דצמבר,,December,detzember,Time,27
שבת שבתות,,"Saturday, Shabbat",yom shabat yom shabatot,Time,27
שעה,שעות,Hour,sha'ah sha'ot,Time,27
דקה,דקות,Minute,dakah dakot,Time,27
שניה,שניות,Second,sh'niyah sh'niyot,Time,27
עונה,עונות,"Season, Period",onah onot,Time,27
תקופה,תקופות,"Period, Era; Season",t'kufah t'kufot,Time,27
שנה,שנים,Year,shanah shanim,Time,27
מאה,מאות,Century,me'ah me'ot,Time,28
מסיבה,מסיבות,"Party, Gathering",m'sibah m'sibot,Time,28
הבאה,,"Next, Nearest, Coming (m.s)",habah,Time,28
היום,,Today,hayom,Time,28
מחר,,Tomorrow,makhar,Time,28
אתמול,,Yesterday,etmol,Time,28
קצת,,A Bit,k'tzat,Time,28
תמיד,,Always,tamid,Time,28
עכשיו,,Now,akhshav,Time,28
מחרתיים,,In Two Days,makharatayim,Time,28
כיום,,Nowadays,kayom,Time,28
שלשום,,The Day Before Yesterday,shil'shom,Time,28
עד,,"Till, Until; To, As Far As",ad,Time,28
אף פעם,,Never,af pa'am,Time,28
עייף,,Tired,ayef,Time,28
רגיל,,"Regular, Ordinary",ragil,Time,28
אמיתי,,"Real, True",amiti,Time,28
מיוחד,,Special,m'yukhad,Time,28
זקן,,Old (People),zaken,Time,28
צעיר,,Young,tza'ir,Time,28
פתוח,,Open,patuakh,Time,28
סגור,,Closed,sagur,Time,28
נקי,,Clean,naki,Time,28
מלוכלך,,Dirty,m'lukh'lakh,Time,28
חשוב,,Important,khashuv,Time,28
מרכזי,,Central,mer'kazi,Time,28
זול,,Cheap,zol,Time,28
יקר,,Expensive,yakar,Time,28
חזק,,Strong,khazak,Time,28
חלש,,Weak,khalash,Time,28
עני,,Poor,ani,Time,28
עשיר,,Rich,ashir,Time,28
אפשרי,,Possible,ef'shari,Time,28
בלתי אפשרי,,Impossible,bil'ti ef'shari,Time,28
נהדר,,"Wonderful, Great",nehedar,Time,28
פרטי,,Private,p'rati,Time,28
חי,,Alive,khai,Time,28
נחמד,,Nice,nekh'mad,Time,28
הכרחי,,Necessary,hekh'rekhi,Time,28
עצמאי,,Independent,atz'ma'i,Time,28
אחראי,,Responsible,akh'rai,Time,28
חופשי,,Free,khofshi,Time,28
פשוט,,Simple,pashut,Time,28
מצוין,,Excellent,m'tzu'yan,Time,28
מגעיל,,"Disgusting, Nasty",mag'il,Time,28
מושלם,,Perfect,mush'lam,Time,28
שגוי,,Incorrect,shaguy,Time,28
נכון,,Correct,nakhon,Time,28
משעמם,,Boring,m'sha'amem,Time,28
מעניין,,Interesting,m'an'yen,Time,28
רציני,,Serious,r'tzini,Time,29
מפורסם,,Famous,m'fur'sam,Time,29
שלילי,,Negative,sh'lili,Time,29
חיובי,,Positive,khiyuvi,Time,29
קשה,,"Hard, Difficult",khasheh,Time,29
קל,,"Light, Easy",kal,Time,29
יעיל,,Efficient,ya'il,Time,29
נוח,,Comfortable,noakh,Time,29
מקצועי,,Professional,mik'tzoi,Time,29
צבאי,,Military,tz'va'i,Time,29
מוכר,,Familiar,mukar,Time,29
רב,,Many,rav,Time,29
רזה,,Thin,razeh,Time,29
שמן,,"Fat, Chubby",shamen,Time,29
משך,,Duration,meshekh,Adverbs,29
אופן,אופנים,"Method, Mode, Technique",ofen ofanim,Adverbs,29
באופן,,"Manner, Way",b'ofen,Adverbs,29
פעם,פעמים,"Once, One Time",pa'am p'amim,Adverbs,29
שם,,There (Location),sham,Adverbs,29
פה,,Here (Location),poh,Adverbs,29
מאוד,,Very,m'od,Adverbs,29
עוד,,More,od,Adverbs,29
כאן,,Here (Location),ka'n,Adverbs,29
די,,Enough,dai,Adverbs,29
לעיתים קרובות,,"Often, Frequently",l'itim k'rovot,Adverbs,29
לעיתים רחוקות,,"Rarely, Infrequently",l'itim r'khokot,Adverbs,29
בכל זאת,,"Anyway, Nevertheless",b'khol zo't,Adverbs,29
באמת,,"Really, Truly",be'emet,Adverbs,29
שוב,,Again,shuv,Adverbs,29
לפעמים,,Sometimes,lif'amim,Adverbs,29
לפחות,,At Least,l'fakhot,Adverbs,29
כמו תמיד,,As Always,k'mo tamid,Adverbs,29
אחרת,,"Differently, Otherwise",akheret,Adverbs,29
בכל אופן,,Anyway,b'khol ofen,Adverbs,29
לבד,,Alone,l'vad,Adverbs,29
בעיקר,,"Mostly, Mainly",b'ikar,Adverbs,29
אחר כך,,"Later, Afterwards",akhar kakh,Adverbs,29
בדרך כלל,,"Usually, Normally, Generally",b'derekh k'lal,Adverbs,29
מספיק,,Enough,mas'pik,Adverbs,29
בקרוב,,"Soon, Shortly",b'karov,Adverbs,29
בינתיים,,"In The Meantime, Meanwhile",bein'tayim,Adverbs,29
כמעט,,"Almost, Nearly",kim'at,Adverbs,29
מאוחר,,Late; Later,m'ukhar,Adverbs,29
מוקדם,,Early,muk'dam,Adverbs,29
במיוחד,,Especially; Mainly,bim'yukhad,Adverbs,29
סוף סוף,,"Finally, At Last",sof sof,Adverbs,29
לא בהכרח,,Not Necessarily,lo b'hekh'reakh,Adverbs,29
בערך,,"Approximately, Sort Of, Roughly",b'erekh,Adverbs,29
בדיוק,,"Exactly, Precisely",b'diyuk,Adverbs,29
בקלות,,Easily,b'kalut,Adverbs,29
לגמרי,,"Completely, Entirely",l'gam'rei,Adverbs,30
בקושי,,"Hardly, Barely",b'koshi,Adverbs,30
לאו דווקא,,Not Necessarily (Aramaic),la'v dav'ka,Adverbs,30
באופן כללי,,"In General, Generally",b'ofen k'lali,Adverbs,30
סביר להניח,,"Probably, Safe to Assume",savir l'haniakh,Adverbs,30
בכל מקום,,Everywhere,b'khol makom,Adverbs,30
ממש,,"Really, Very, Truly",mamash,Adverbs,30
הרחק,,Far Away,har'khek,Adverbs,30
כרגע,,"Just Now, Right Now, At The Moment",karega,Adverbs,30
בבירור,,Clearly,b'verur,Adverbs,30
לאט,,Slowly,l'at,Adverbs,30
מהר,,Quickly,maher,Adverbs,30
מיד,,"Immediately, Promptly",miyad,Adverbs,30
ביחד,,Together,b'yakhad,Adverbs,30
כל כך,,"So, So Much/Many",kol kakh,Adverbs,30
בהחלט,,"Definitely, Certainly",b'hekh'let,Adverbs,30
לאחרונה,,"Lately, Recently",la'akharonah,Adverbs,30
כמו,,"Like, As (Prep)",k'mo,Adverbs,30
בן,בנים,"Son, Boy",ben banim,Family,30
אח,אחים,Brother,akh akhim,Family,30
הורה,הורים,Parent,horeh horim,Family,30
בעל,בעלים,Husband,ba'al b'alim,Family,30
שם משפחה,שמות משפחה,Surname,shem mish'pakhah sh'mot mish'pakhah,Family,30
שם פרטי,,First Name,shem p'rati,Family,30
נישואין,נישואים,Marriage,nisu'in nisu'im,Family,30
סבא,סבים,Grandfather,saba sabim,Family,30
נכד,נכדים,Grandson,nekhed n'khadim,Family,30
דוד,דודים,Uncle,dod dodim,Family,30
בן דוד,בני דוד,Cousin (m),ben dod b'nei dod,Family,30
חתן,חתנים,Groom,khatan khatanim,Family,30
בן זוג בני זוג,,Partner (m),ben zug b'nei zug,Family,30
אחיין,אחיינים,Nephew,akh'yan akh'yanim,Family,30
תינוק,תינוקות,"Baby, Infant",tinok tinokot,Family,30
חיי,חיים,Life,khai khayim,Family,30
בת,בנות,"Daughter, Girl",bat banot,Family,30
אחות,אחיות,Sister,akhot akhayot,Family,30
משפחה,משפחות,Family,mish'pakhah mish'pakhot,Family,30
אישה,נשים,Wife; Woman,ishah nashim,Family,30
סבתא,סבתות,Grandmother,sav'ta sav'tot,Family,30
נכדה,נכדות,Granddaughter,nekh'dah n'khadot,Family,30
חתונה,חתונות,Wedding,khatunah khatunot,Family,30
דודה,דודות,Aunt,dodah dodot,Family,30
בת דודה בנות דודות,,Cousin (f),bat dodah b'not dodot,Family,30
כלה,כלות,Bride,kalah kalot,Family,30
בת זוג,בנות זוג,Partner (f),bat-zug banot-zug,Family,30
אחיינית,אחייניות,Niece,akh'yanit akh'yaniyot,Family,30
בית,בתים,"House, Home",bayit batim,Home,31
מפתח,מפתחות,Key,maf'teakh maf't'khot,Home,31
כיסא,כיסאות,Chair,kise kis'ot,Home,31
שולחן,שולחנות,Table,shul'khan shul'khanot,Home,31
שירותים,,Toilet,sherutim,Home,31
חלון,חלונות,Window,khalon khalonot,Home,31
חדר,חדרים,Room,kheder khadarim,Home,31
מזגן,מזגנים,Air-Conditioner,maz'gan maz'ganim,Home,31
צעצוע,צעצועים,Toy,tza'atzu'a tza'atzu'im,Home,31
אור,אורות,Light,or orot,Home,31
גג,גגות,Roof,gag gagot,Home,31
דוד,דוודים,Boiler,dud d'vadim,Home,31
בניין,בניינים,Building,bin'yan bin'yanim,Home,31
קיר,קירות,Wall,kir kirot,Home,31
חדר שינה,חדרי שינה,Bedroom,kheder shenah khad'rei shenah,Home,31
מרתף,מרתפים,"Basement, Cellar",mar'tef mar't'fim,Home,31
שער,שערים,Gate,sha'ar sh'arim,Home,31
כלי עבודה,,"Tool, Instrument",k'li avodah,Home,31
רהיט,רהיטים,A Piece of Furniture,rahit rahitim,Home,31
סלון,סלונים,"Living Room, Lounge",salon salonim,Home,31
מכשיר מכשירים,,"Appliance, Instrument",makh'shir makh'shirim,Home,31
שטיח,שטיחים,"Carpet, Rug",shatiakh sh'tikhim,Home,31
חדר אורחים,חדרי אורחים,"Guestroom, Lounge",kheder or'khim khad'rei or'khim,Home,31
חדר אוכל,חדרי אוכל,Dining Room,khadar okhel khad'rei okhel,Home,31
וילון,וילונות,Curtain,vilon vilonot,Home,31
ארון,ארונות,"Closet, Cupboard",aron aronot,Home,31
שואב אבק,שואבי אבק,Vacuum,sho'ev avak sho'vei avak,Home,31
כלי,כלים,"Dish; Instrument, Tool",k'li kelim,Home,31
ברז,ברזים,"Tap, Faucet",berez b'razim,Home,31
כיור,כיורים,"Sink, Basin",kiyor kiyorim,Home,31
סמרטוט סמרטוטים,,Rag,s'mar'tut s'mar'tutim,Home,31
שכן,שכנים,Neighbour (m),shakhen sh'khenim,Home,31
מקלט,מקלטים,"Shelter, Refuge",mik'lat mik'latim,Home,31
מטאטא,מטאטאים,Broom,mat'ate mat'at'im,Home,31
מקרר,מקררים,Refrigerator,m'karer m'kar'rim,Home,31
מיטה,מיטות,Bed,mitah mitot,Home,31
ספה,ספות,"Sofa, Couch",sapah sapot,Home,31
מדרגה,מדרגות,"Stair, Step",madregah mad'regot,Home,31
דירה,דירות,"Apartment, Flat",dirah dirot,Home,31
דלת,דלתות,Door,delet d'lalot,Home,31
אמבטיה,אמבטיות,Bath(tub),am'bat'yah am'bat'yot,Home,31
מנורה,מנורות,Lamp,m'norah m'norot,Home,31
מרפסת,מרפסות,"Balcony, Porch",mir'peset mir'pasot,Home,31
מראה,מראות,Mirror,mar'ah mar'ot,Home,31
כתובת,כתובות,Address,k'tovet k'tovot,Home,31
רצפה,רצפות,Floor,ritz'pah r'tzafot,Home,31
תקרה,תקרות,Ceiling,tik'rah tik'rot,Home,31
עליית גג,עליות גג,Attic,aliyat gag aliyot gag,Home,31
כרית,כריות,Pillow,karit k'riyot,Home,31
שמיכה,שמיכות,"Blanket, Quilt",s'mikhah s'mikhot,Home,31
גינה,גינות,Garden,ginah ginot,Home,31
חצר,חצרות,Yard,khatzer khatzerot,Home,32
כביסה,כביסות,Laundry; Washing,k'visah k'visot,Home,32
מכונת כביסה,מכונות כביסה,Washing Machine,m'khonat k'visah m'khunot k'visah,Home,32
שכנה,שכנות,Neighbour (f),sh'khenah sh'khenot,Home,32
אשפה,אשפות,"Garbage, Rubbish",ash'pah ash'pot,Home,32
מעלית,מעליות,"Elevator, Lift",ma'alit ma'aliyot,Home,32
לנקות,,"To Clean, Tidy Up (Piel)",l'nakot,Home,32
לעבור,,To Pass; Overtake (Qal),la'avor,Home,32
לשאוב,,"To Pump, Draw (Liquid/Gas) (Qal)",lish'ov,Home,32
לשטף,,"To Wash, Rinse (Qal)",lish'tof,Home,32
בקבוק מים,בקבוקי מים,Bottle of Water,bak'buk mayim bak'bukei mayim,Construct State 1,32
בקבוק יין,בקבוקי יין,Bottle of Wine,bak'buk yayin bak'bukei yayin,Construct State 1,32
חדר אורחים,חדרי אורחים,Guest Room,kheder or'khim khedarei or'khim,Construct State 1,32
חדר אוכל,חדרי אוכל,Dining Room,khadar okhel khedarei okhel,Construct State 1,32
בית קפה,בתי קפה,"Coffee Shop, Café",beit kafeh batei kafeh,Construct State 1,32
בית ספר,בתי ספר,School,beit sefer batei sefer,Construct State 1,32
בית כנסת,בתי כנסת,Synagogue,beit k'neset batei k'neset,Construct State 1,32
בית מלון,בתי מלון,Hotel,beit malon batei malon,Construct State 1,32
בית חולים,בתי חולים,Hospital,beit kholim batei kholim,Construct State 1,32
בית משפט,בתי משפט,Court,beit mish'pat batei mish'pat,Construct State 1,32
מיץ תפוזים,,Orange Juice,mitz tapuzim,Construct State 1,32
עוגת שוקולד,עוגות שוקולד,Chocolate Cake,ugat shokolad ugot shokolad,Construct State 1,32
עוגת גבינה,עוגות גבינה,Cheese Cake,ugat g'vinah ugot g'vinah,Construct State 1,32
מכונת כביסה,מכונות כביסה,Washing Machine,m'khonat k'visah m'khonot k'visah,Construct State 1,32
ארוחת בוקר,ארוחות בוקר,Breakfast,arukhat boker arukhot boker,Construct State 1,32
ארוחת צהריים,ארוחות צהריים,Lunch,arukhat tzohorayim arukhot tzohorayim,Construct State 1,32
ארוחת ערב,ארוחות ערב,Dinner,arukhat erev arukhot erev,Construct State 1,32
לכתוב,,To Write (Qal),l'khitov,Infinitives 1,32
ללכת,,"To Walk, Go (Qal)",lalekhet,Infinitives 1,32
לשחות,,To Swim (Qal),lis'khot,Infinitives 1,32
להיות,,To Be (Qal),lih'yot,Infinitives 1,32
לראות,,To See (Qal),lir'ot,Infinitives 1,32
לבשל,,"To Cook, Boil (Piel)",l'vashel,Infinitives 1,32
לישון,,To Sleep (Qal),lishon,Infinitives 1,32
לרוץ,,To Run (Qal),larutz,Infinitives 1,32
לשלם,,To Pay (Piel),l'shalem,Infinitives 1,32
לתת,,"To Give, Allow (Qal)",latet,Infinitives 1,32
לעשות,,"To Do, Make, Create (Qal)",la'asot,Infinitives 1,32
לדבר,,"To Talk, Speak (Piel)",l'daber,Infinitives 1,32
להגיד,,"To Tell, Say (Hifil)",l'hagid,Infinitives 1,32
לשחק,,To Play (Game) (Piel),l'sakhek,Infinitives 1,32
לשתות,,To Drink (Qal),lish'tot,Infinitives 1,32
לסגור,,"To Close, Shut, Turn Off (Qal)",lis'gor,Infinitives 1,32
לפתוח,,"To Open, Unlock, Turn On (Qal)",lif'toakh,Infinitives 1,32
לשמוע,,"To Hear, Listen (Qal)",lish'mo'a,Infinitives 1,32
לגעת,)ב-(,To Touch (Qal),laga'at (b-),Infinitives 1,32
לומר,,"To Say, Tell (Qal)",lomar,Infinitives 1,33
לשים,,"To Put, Put On (Qal)",lasim,Infinitives 1,33
לקבל,,"To Get, Receive; Accept (Piel)",l'kabel,Infinitives 1,33
למצוא,,"To Find, Encounter (Qal)",lim'tzo,Infinitives 1,33
לעזור,,"To Help, Assist, Aid (Qal)",la'azor,Infinitives 1,33
לבוא,,To Come (Qal),lavo,Infinitives 1,33
לקנות,,"To Buy, Purchase (Qal)",lik'not,Infinitives 1,33
לבקר,)ב-(,To Visit (Piel),l'vaker (b-),Infinitives 1,33
לעבוד,,"To Work, Operate, Function (Qal)",la'avod,Infinitives 1,33
לקחת,,To Take (Qal),lakakhat,Infinitives 1,33
לדעת,,To Know (Qal),lada'at,Infinitives 1,33
לחזור,,To Return (Qal - Intransitive),lakhazor,Infinitives 1,33
לגור,,"To Live, Reside (Qal)",lagur,Infinitives 1,33
לחתוך,,"To Cut, Slash (Qal)",lakh'tokh,Infinitives 1,33
לסבול,,"To Suffer, Tolerate (Qal)",lis'bol,Infinitives 1,33
לספור,,"To Count, Enumerate (Qal)",lis'por,Infinitives 1,33
למנוע,,To Prevent (Qal),lim'no'a,Infinitives 1,33
לצייר,,"To Paint, Draw, Depict (Piel)",l'tzayer,Infinitives 1,33
להכיל,,"To Contain, Include, Comprise (Hifil)",l'hakhil,Infinitives 1,33
לברוח,,"To Run Away, Escape (Qal)",liv'roakh,Infinitives 1,33
מזג אוויר,,Weather,mezeg avir,Weather,33
גשם,גשמים,Rain,geshem g'shamim,Weather,33
שלג,שלגים,Snow,sheleg sh'lagim,Weather,33
רעם,רעמים,Thunder,ra'am r'amim,Weather,33
ברק,ברקים,Lightning,barak b'rakim,Weather,33
ברד,,Hail,barad,Weather,33
אובך,,Haze,ovekh,Weather,33
גל חום,גלי חום,Heat Wave,gal khom galei khom,Weather,33
גל קור,,Cold Front/Spell,gal kor,Weather,33
ענן,עננים,Cloud,anan ananim,Weather,33
הוריקן,הוריקנים,Hurricane,hurikan hurikanim,Weather,33
טורנדו,,Tornado,tor'nado,Weather,33
מעלה,מעלות,Degree,ma'alah ma'alot,Weather,33
ערפל,ערפלים,"Fog, Mist",arafel ar'filim,Weather,33
שמש,שמשות,Sun,shemesh sh'mashot,Weather,33
סופה,סופות,"Storm, Tempest",sufah sufot,Weather,33
טמפרטורה,טמפרטורות,Temperature,tem'peraturah tem'peraturot,Weather,33
רוח,רוחות,Wind; Spirit,ruakh rukhot,Weather,33
הצפה,הֲ צָפוֹת,Flood,hatzafah hatzafot,Weather,33
בהיר,,Bright (m.s),bahir,Weather,33
מעונן,,Cloudy (m.s),m'unan,Weather,33
גשום,,Rainy (m.s),gashum,Weather,33
ירד,,Descend (m.s - past) (Qal),yarad,Weather,33
לזרח,,"To Shine, Dawn (Qal)",liz'roakh,Weather,33
מטפטפת,,"Dripping, Drizzling (Gerund)",m'taf'tefet,Weather,33
חוף ים,,Beach,khof yam,Places,34
בית מלון,בתי מלון,Hotel,beit malon batei malon,Places,34
ימין,,Right,yamin,Places,34
שמאל,,Left,s'mol,Places,34
שדה תעופה,שדות תעופה,Airport,s'deh t'ufah s'dot t'ufah,Places,34
רחוב,רחובות,"Street, Road",r'khov r'khovot,Places,34
מדינה,מדינות,"Country, State",m'dinah m'dinot,Places,34
בית כנסת,בתי כנסת,Synagogue,beit k'neset batei k'neset,Places,34
מקום,מקומות,"Place, Space",makom m'komot,Places,34
מסגד,מסגדים,Mosque,mis'gad mis'gadim,Places,34
נכס,נכסים,"Asset, Property",nekhes n'khasim,Places,34
מרכז,מרכזים,Center,mer'kaz mer'kazim,Places,34
משרד,משרדים,Office,mis'rad mis'radim,Places,34
איזור,אזורים,Area,ezor ezorim,Places,34
פארק,פארקים,Park,pa'rk par'kim,Places,34
מבנה,מבנים,Stucture,miv'neh miv'nim,Places,34
סופרמרקט,סופרמרקטים,Supermarket,super'mar'ket super'mar'ketim,Places,34
מחוז,מחוזות,District,makhoz makhozot,Places,34
אי,איים,Island,i iyim,Places,34
בנק,בנקים,Bank,ban'k bankim,Places,34
בר,ברים,Bar,bar barim,Places,34
קניון קניונים,,"Mall, Canyon",kan'yon kan'yonim,Places,34
עמק,עמקים,Valley,emek amakim,Places,34
מוזיאון,מוזיאונים,Museum,muze'on muze'onim,Places,34
כפר,כפרים,Village,k'far k'farim,Places,34
מסלול,מסלולים,"Course, Path, Route",mas'lul mas'lulim,Places,34
שטח שטחים,,"Area, Perimeter",shetakh sh'takhim,Places,34
גבול,גבולות,"Border, Limit",g'vul g'vulot,Places,34
בית כלא,בתי כלא,"Prison, Jail",beit kele batei kele,Places,34
מגדל,מגדלים,Tower,mig'dal mig'dalim,Places,34
ארמון,ארמונות,Palace,ar'mon ar'monot,Places,34
בית קולנוע,בתי קולנוע,Cinema,beit kol'noa batei kol'noa,Places,34
נמל,נמלים,"Port, Harbour",namel n'melim,Places,34
גשר,גשרים,Bridge,gesher g'sharim,Places,34
מערב,,West,ma'arav,Places,34
מזרח,,East,miz'rakh,Places,34
צפון,,North,tzafon,Places,34
דרום,,South,darom,Places,34
גן חיות,גני חיות,Zoo,gan khayot ganei khayot,Places,34
שוק,שווקים,Market,shuk sh'vakim,Places,34
ישראל,,Israel,yisra'el,Places,34
עיר,ערים,"City, Town",ir arim,Places,34
טירה,טירות,Castle,tirah tirot,Places,34
כנסייה,כנסייות,Church,k'nesiyah k'nesiyot,Places,34
ירושלים,,Jerusalem,y'rushalayim,Places,34
מכולת,,Grocery/Convenience Store,makolet,Places,34
חנות,חנויות,"Store, Shop",khanut khanuyot,Places,34
קרקע,קרקעות,"Ground, Soil",kar'ka karka'ot,Places,34
תחנה,תחנות,Station,takhanah takhanot,Places,34
תל אביב,,Tel Aviv,tel aviv,Places,34
פינה,פינות,Corner,pinah pinot,Places,34
שכונה,שכונות,Neighbourhood,sh'khunah sh'kunot,Places,35
שדרה,שדרות,Avenue,s'derah shedurot,Places,35
עיירה,עיירות,Town(ship),ayarah ayrot,Places,35
עיר בירה,ערי בירה,Capital City,ir birah arei birah,Places,35
קהילה,קהלות,Community,k'hilah k'hilot,Places,35
כיכר,כיכרות,"Square, Roundabout",kikar kikarot,Places,35
חווה,חוות,Farm,khavah kha'u'ot,Places,35
קדימה,,"Forward, Onward; In Front",kadimah,Places,35
אחורה,,"Backward, In Reverse",akhorah,Places,35
לאורך,,Along,l'orekh,Places,35
הביתה,,"Homebound, Home",habai'tah,Places,35
ברחבי,,Across,b'rakhavei,Places,35
לתוך,,"Into, Inside (Prep)",l'tokh,Places,35
מתוך,,"From, Out Of (Prep)",mitokh,Places,35
לפנות,)ל-(,"To Turn, Face, Speak to (l-) Qal)",lif'not (l-),Places,35
מקשיב,,Listens; Pays Attention (Hifil),mak'shiv,Places,35
מראה,,Shows; Demonstrates (Hifil),mar'eh,Places,35
מאזין,,"Listens (Music etc), Eavesdrops (Hifil)",ma'azin,Places,35
מציע,")את, ל(","Suggests, Proposes (l, -at) (Hifil)","matzi'a (at, l)",Places,35
מרגיש,,"Feels, Senses (Hifil)",mar'gish,Places,35
מכין,,Prepares (Hifil),mekhin,Places,35
מאמין,,"Believes, Trusts (Hifil)",ma'amin,Places,35
מסכים,,"Agrees, Consents (Hifil)",mas'kim,Places,35
מתחיל,,"Starts, Begins (Hifil)",mat'khil,Places,35
מגיע,,"Arrives, Comes, Reaches (Hifil)",magi'a,Places,35
מודה,)ל-(,Admits; Thanks (l-) (Hifil),modeh (l-),Places,35
מעביר,,"Passes, Passes On, Transfers (Hifil)",ma'avir,Places,35
מצליח,,Succeeds (Hifil),matz'liakh,Places,35
מחזיר,,Returns (Transitive) (Hifil),makh'zir,Places,35
משיג,,"Gets, Acquires, Obtains (Hifil)",masig,Places,35
מסביר,,"Explains, Clarifies (Hifil)",mas'bir,Places,35
משכיר,,"Rents Out, Lets (Property) (Hifil)",mas'kir,Places,35
ממליץ,,Recommends (Hifil),mam'litz,Places,35
מחזיק,,"Holds, Grips (Hifil)",makh'zik,Places,35
מפיק,,"Produces (Material, Resource) (Hifil)",mapik,Places,35
מניח,,"Puts Down, Places (Hifil)",maniakh,Places,35
מופיע,,Performs (Stage) (Hifil),mofi'a,Places,35
מוסיף,,"Adds, Continues (Hifil)",mosif,Places,35
מגיש,,"Serves (Food), Hands Over (Hif.)",magish,Places,35
ממשיך,,"Continues, Keeps On (Hifil)",mam'shikh,Places,35
מציג,,"Presents, Shows (Hifil)",matzig,Places,35
מכריז,,"Declares, Announces (Hifil)",makh'riz,Places,35
מזמין,,Invites (Hifil),maz'min,Places,35
מרשה,,"Allows, Permits (Hifil)",mar'sheh,Places,35
מזכיר,,Reminds (Hifil),maz'kir,Places,35
מעדיף,,Prefers (Hifil),ma'adif,Places,35
מתאים,,"Fits, Matches, Is Compatible (Hifil)",mat'im,Places,35
מחליט,,Decides (Hifil),makh'lit,Places,35
מבין,,Understands (Hifil),mevin,Places,35
מכיל,,"Contains, Comprises, Includes (Hifil)",mekhil,Places,35
מחליף,,"Replaces, Exchanges, Swaps (Hifil)",makhalif,Places,36
מעריך,,"Estimates, Evaluates (Hifil)",ma'arikh,Places,36
מביא,,Brings (Hifil),mevi,Places,36
אדם,,"Man, Adam",adam,People,36
חבר,חברים,Friend (m),khaver khaverim,People,36
ידיד,ידידים,Friend (m) (Casual),yadid y'didim,People,36
ציבור,ציבורים,Public,tzibur tziburim,People,36
כנס,כנסים,Convention,kenes k'nasim,People,36
אויב,אויבים,Enemy,oyev oy'vim,People,36
בן אדם,בני אדם,Human Being,ben adam b'nei adam,People,36
בחור,בחורים,Young Man,bakhur bakhurim,People,36
מבגר,מבוגרים,Adult,m'vugar m'vugarim,People,36
נוער,נערים,Youth,no'ar no'arim,People,36
איש,אנשים,Person,ish anashim,People,36
פרט,פרטים,Individual,p'rat p'ratim,People,36
נער,נערים,"Boy, Teenager",na'ar n'arim,People,36
קורבן,קורבנות,Victim,kor'ban kor'banot,People,36
אזרח,אזרחים,"Citizen, Civilian",ez'rakh ez'rakhim,People,36
זוג,זוגות,Couple,zug zugot,People,36
ישראלי,ישראלים,Israeli,ish'r'eli is'r'elim,People,36
צרפתי,,French,tzar'fati,People,36
אמריקאי,אמריקאים,American,amerikani amerikanim,People,36
אנגלי,,English,ang'li,People,36
אוסטרלי,,Australian,os't'rali,People,36
רוסי,,Russian,rusi,People,36
ספרדי,,"Spanish, Spaniard",s'faradi,People,36
עם,עמים,Nation,am amim,People,36
חברה חברות,,Friend (f),khaverah khaverot,People,36
ידידה,ידידות,Friend (f) (Casual),y'didah y'didot,People,36
ועדה,ועדים,Committee,v'adah v'adim,People,36
תרבות,תרבויות,Culture,tar'but tar'buyot,People,36
מערכת יחסים,מערכות יחסים,Relationship,ma'arekhet y'khasim ma'arekhot y'khasim,People,36
קרן,קרנות,Foundation,keren k'ranot,People,36
בחורות,בחורות,Young Woman,bakhurah bakhurot,People,36
אוכלוסייה,אוכלוסיות,Population,ukh'lusiyah ukh'lusiyot,People,36
מבגר,,Adult (m.s),m'vugar,People,36
אלף,אלפים,Thousand,elef alafim,Numbers 2,36
מיליון,מיליונים,Million,mil'yon mil'yonim,Numbers 2,36
מיליארד,מיליארדים,Billion,mil'yar'd mil'yar'dim,Numbers 2,36
אחוז,אחוזים,Percent(age),akhuz akhuzim,Numbers 2,36
חצי,חצאים,Half,khetzi khatza'im,Numbers 2,36
רוב,,"Majority, Most",rov,Numbers 2,36
סך הכל,,"Total, Overall",sakh hakol,Numbers 2,36
מינוס,,Minus,minus,Numbers 2,36
מאה,מאות,Hundred,me'ah me'ot,Numbers 2,36
כמות,כמויות,Quantity,kamut kamuyot,Numbers 2,36
ראשון,,First (m.s),rishon,Numbers 2,37
שני,,Second (m.s),sheni,Numbers 2,37
שלישי,,Third (m.s),sh'lishi,Numbers 2,37
רביעי,,Fourth (m.s),r'vi'i,Numbers 2,37
חמישי,,Fifth (m.s),khamishi,Numbers 2,37
שישי,,Sixth (m.s),shishi,Numbers 2,37
שביעי,,Seventh (m.s),sh'vi'i,Numbers 2,37
שמיני,,Eighth (m.s),sh'mini,Numbers 2,37
תשיעי,,Ninth (m.s),t'shi'i,Numbers 2,37
עשירי,,Tenth (m.s),asiri,Numbers 2,37
שלושים,,Thirty (m.s),sh'loshim,Numbers 2,37
ארבעים,,Forty (m.s),ar'ba'im,Numbers 2,37
חמישים,,Fifty (m.s),khamishim,Numbers 2,37
שישים,,Sixty (m.s),shishim,Numbers 2,37
שבעים,,Seventy (m.s),shiv'im,Numbers 2,37
שמונים,,Eighty (m.s),sh'monim,Numbers 2,37
תשעים,,Ninety (m.s),tish'im,Numbers 2,37
ממוצע,,Average (m.s),m'mutza,Numbers 2,37
כפול,,"Doubly, Twice (As Much) (m.s)",kaful,Numbers 2,37
חלקי,,"Divided, Partial, Incomplete (m.s)",khel'ki,Numbers 2,37
האחרון,,The Last (m.s),ha'akharon,Numbers 2,37
שוה,,Equal(s) (m.s),shaveh,Numbers 2,37
פחות,,Less,pakhot,Numbers 2,37
ועוד,,Plus (Conj),v'od,Numbers 2,37
מאתיים,,Two Hundred,ma'tayim,Numbers 2,37
אלפיים,,Two Thousand,al'payim,Numbers 2,37
לשנות,,To Change (Something) (Piel),l'shanot,Numbers 2,37
חיב,,Have To,khayav,Modals,37
אמור,,Supposed To,amur,Modals,37
אסור,,Forbidden; Must Not (Colloq.),asur,Modals,37
מומלץ,,Recommended,mum'latz,Modals,37
עשוי,,"Might, May",asuy,Modals,37
מותר,,Permitted,mutar,Modals,37
אפשר,,Allowed (Qal),ef'shar,Modals,37
יכול,,"Can, Is Able (3.m.s - Past) (Qal)",yakhol,Modals,37
מורה,מורים,Teacher (m),moreh morim,Education,37
פתק,פתקים,Note,petek ptakim,Education,37
עט,עטים,Pen,et etim,Education,37
קורס,קורסים,Course,kur's kur'sim,Education,37
חינוך,חינוכים,Education,khinukh khinukhim,Education,37
שיעור,שיעורים,Lesson,shi'ur shi'urim,Education,37
מבחן,מבחנים,"Test, Exam",miv'khan miv'khanim,Education,37
לימוד,לימודים,Study,limud limudim,Education,37
עיפרון,עפרונות,Pencil,iparon ef'ronot,Education,37
שיעורי בית,,Homework,shi'ureh bayit,Education,37
ידע,,Knowledge,yeda,Education,37
פרק,פרקים,"Chapter, Episode",perek p'rakim,Education,38
רעיון,רעיונות,"Idea, Concept",ra'yon ra'ayanot,Education,38
פרופסור,פרופסורים,Professor,p'rofesor p'rofesorim,Education,38
מכון,מכונים,Institute,makhon m'khonim,Education,38
תואר,תארים,Degree,to'ar t'arim,Education,38
סטודנט,סטודנטים,Student,s'tuden't s'tuden'tim,Education,38
מרצה,מרצים,Lecturer,mar'tzeh mar'tzim,Education,38
דוקטורט,דוקטורטים,"Doctorate, PhD",dok'torat dok'toratim,Education,38
ציור,ציורים,"Painting, Drawing",tziyur tziyurim,Education,38
מסמך,מסמכים,Document,mis'makh mis'makhim,Education,38
עמוד,עמודים,Page,amud amudim,Education,38
הסבר,הסברים,Explanation,hes'ber hes'berim,Education,38
קושי,קשיים,Difficulty,koshi k'shayim,Education,38
מורה,מורות,Teacher (f),morah morot,Education,38
ספרייה,ספריות,Library,sif'riyah sif'riyot,Education,38
דוגמה,דוגמות,Example,dug'mah dug'mot,Education,38
כיתה,כיתות,"Classroom, Class",kitah kitot,Education,38
מילה,מילים,Word,milah milim,Education,38
מצגת,מצגות,Presentation,matzeget matzagot,Education,38
אוניברסיטה,אוניברסיטאות,University,univer'sitah universita'ot,Education,38
הרצאה,הרצאות,Lecture,har'tza'ah hartza'ot,Education,38
הכנה,הכנות,Preparation,hakhanah hakhanot,Education,38
מטרה,מטרות,"Target, Objective",matarah matarot,Education,38
משמעות,משמעויות,Meaning,mash'ma'ut mash'ma'uyot,Education,38
היסטוריה,היסטוריות,History,his'tor'yah his'toriyot,Education,38
תוכנית,תוכניות,"Plan, Program",takh'nit tokh'niyot,Education,38
ללמד,,"To Teach, Tutor (Piel)",l'lamed,Education,38
לתרגל,,"To Practice, Train (Someone) (Piel)",l'tar'gel,Education,38
אופניים,,"Bike(s), Bicycle(s)",ofanayim,Travel,38
אוטובוס,אוטובוסים,"Bus, Coach",otobus otobusim,Travel,38
אופנוע,אופנועים,"Motorbike, Bike",ofano'a ofano'im,Travel,38
מטוס,מטוסים,"Aeroplane, Plane",matos m'tosim,Travel,38
רציף,רציפים,"Pier, Dock, Platform (Railroad)",r'tzif r'tzifim,Travel,38
תיק גב,תיקי גב,Backpack,tik gav tiki gav,Travel,38
קו,קווים,Line,kav kavim,Travel,38
מדריך,מדריכים,Guide,mad'rikh mad'rikhim,Travel,38
טיול,טיולים,Trip,tiyul tiyulim,Travel,38
ביקור,ביקורים,Visit,bikur bikurim,Travel,38
רכב,רכבים,Vehicle,rekhev r'khavim,Travel,38
מסע,מסעים,"Voyage, Journey",masa masa'im,Travel,38
המזרח התיכון,,The Middle East,hamiz'rakh hatikhon,Travel,38
הים התיכון,,The Mediterranean,hayam hatikhon,Travel,38
יוון,,Greece,yavan,Travel,38
עולם,עולמים,World,olam olamim,Travel,38
דרכון,דּרכונים,Passport,dar'kon dar'konim,Travel,38
דלק,דלקים,"Fuel, Petrol",delek d'lakim,Travel,38
תייר,תיירים,Tourist,tayar tayarim,Travel,38
חוץ לארץ,,"Overseas, Abroad",khutz-la'aretz,Travel,38
מכונית,מכוניות,"Car, Automobile",m'khonit m'khoniyot,Travel,38
מזוודה,מזוודות,Suitcase,miz'vadah miz'vadot,Travel,38
חופשה,חופשות,"Vacation, Holiday",khuf'shah khuf'shot,Travel,39
רכבת,רכבות,Train,rakevet rakavot,Travel,39
סירה,סירות,Boat,sirah sirot,Travel,39
תחנת רכבת,תחנות רכבת,Train Station,takhanat rakevet takhanot rakevet,Travel,39
תחנת אוטובוס,תחנות אוטובוס,Bus Station,takhanat otobus takhanot otobus,Travel,39
מפה,מפות,Map,mapah mapot,Travel,39
ספינה,ספינות,Ship,s'finah s'finot,Travel,39
ארצות הברית,,The United States,ar'tzot hab'rit,Travel,39
הרפתקה,הרפתקאות,Adventure,har'pat'kah har'pat'kot,Travel,39
טיסה,טיסות,Flight,tisah tisot,Travel,39
תחבורה,,Transportation,takh'burah,Travel,39
רכבת תחתית,רכבות תחתית,Subway,rakevet takh'tit rak'vot takh'tik,Travel,39
ארץ,ארצות,Land; Country,eretz aratzot,Travel,39
צרפת,,France,tzar'fat,Travel,39
ספרד,,Spain,s'farad,Travel,39
אנגליה,,England,an'g'liyah,Travel,39
גרמניה,,Germany,ger'man'yah,Travel,39
מצרים,,Egypt,mitz'rayim,Travel,39
רוסיה,,Russia,rus'yah,Travel,39
סין,,China,sin,Travel,39
יבשת,יבשות,Continent,yabeshet yabashot,Travel,39
אירופה,,Europe,eiropah,Travel,39
אמריקה,,America,amerikah,Travel,39
אפריקה,,Africa,af'rikah,Travel,39
אוסטרליה,,Australia,os't'ral'yah,Travel,39
אסיה,,Asia,as'yah,Travel,39
בין-לאומי,,International,bein-l'umi,Travel,39
אירופי,,European,eiropi,Travel,39
מסביב,,All Around,misaviv,Travel,39
לטייל,,To Travel (Piel),l'tayel,Travel,39
לרכב,,To Ride (Bike) (Qal),lir'kov,Travel,39
לנהוג,)ב-(,To Drive (Vehicle) (b-) Qal),lin'hog (b-),Travel,39
לשוט,,"To Sail, Float, Row (Qal)",lashut,Travel,39
לטוס,,To Fly (Plane) (Qal),latus,Travel,39
לנסוע,,To Drive/Travel/Go (Qal),lin'soa,Travel,39
להפליג,,"To Sail, Depart (Ship, Boat) (Hifil)",l'haf'lig,Travel,39
הייתי,,I Was (Qal),hayiti,Past Active,39
היה,,He Was (3.m.s) (Qal),hayah,Past Active,39
הייתה,,She Was (3.f.s) (Qal),hai'tah,Past Active,39
היית,,You Were (2.m.s) Qal),hayita,Past Active,39
היית,,You Were (2.f.s) Qal),hayit,Past Active,39
היינו,,We Were (Qal),hayinu,Past Active,39
הייתם,,You Were (2.m.p) (Qal),heyitem,Past Active,39
הייתן,,You Were (2.f.p) (Qal),heyiten,Past Active,39
מצא,,"Found, Encountered (Qal)",matza,Past Active,39
שתה,,Drank (3.m.s) (Qal),shatah,Past Active,39
חזר,,Returned (3.m.s) (Qal),khazar,Past Active,39
אהב,,Loved (3.m.s) (Qal),ahav,Past Active,39
הלך,,Walked (3.m.s) (Qal),halakh,Past Active,39
רצה,,Wanted (3.m.s) (Qal),ratzah,Past Active,39
ראה,,Saw (3.m.s) (Qal),ra'ah,Past Active,40
אמר,,"Said, Told (3.m.s) (Qal)",amar,Past Active,40
חשב,,Thought (3.m.s) (Qal),khashav,Past Active,40
אכל,,Ate (3.m.s) (Qal),akhal,Past Active,40
עשה,,"Did, Made, Created (3.m.s) (Qal)",asah,Past Active,40
שמע,,"Heard, Listened (3.m.s) (Qal)",shama,Past Active,40
עזב,,"Left, Abandoned (3.m.s) (Qal)",azav,Past Active,40
נפל,,"Fell, Dropped (3.m.s) (Qal)",nafal,Past Active,40
עבד,,"Worked, Operated (3.m.s) (Qal)",avad,Past Active,40
רץ,,Ran (3.m.s) (Qal),ratz,Past Active,40
בא,,Came (3.m.s) (Qal),ba,Past Active,40
שם,,"Put, Put On (3.m.s) (Qal)",sam,Past Active,40
שבר,,"Broke, Shattered (3.m.s) (Qal)",shavar,Past Active,40
שר,,Sang (3.m.s) (Qal),shar,Past Active,40
קרא,)ב-( )ל-(,"Read (b-), Call (l-) (3.m.s) (Qal)","kara (b-), (l-)",Past Active,40
לקח,,Took (3.m.s) (Qal),lakah,Past Active,40
נתן,,"Gave, Allowed (3.m.s) (Qal)",natan,Past Active,40
ידע,,Knew (3.m.s) (Qal),yada,Past Active,40
כתב,,Wrote (3.m.s) (Qal),katav,Past Active,40
קפץ,,Jumped (3.m.s) (Qal),kafatz,Past Active,40
גנב,,Stole (3.m.s) (Qal),ganav,Past Active,40
ניסה,,"Tried, Attempted (3.m.s) (Piel)",nisah,Past Active,40
דיבר,,"Spoke, Talked (3.m.s) (Piel)",diber,Past Active,40
בישל,,"Cooked, Boiled (3.m.s) (Piel)",bishel,Past Active,40
איבד,,"Lost, Destroyed (3.m.s) (Piel)",ibed,Past Active,40
שיחק,,Played (Game) (3.m.s) (Piel),sikhek,Past Active,40
סיפר,,Told (Story) (3.m.s) (Piel),siper,Past Active,40
ביקש,,"Asked, Requested (3.m.s) (Piel)",bikesh,Past Active,40
סיים,,"Finished, Completed (3.m.s) (Piel)",siyem,Past Active,40
שילם,,Paid (3.m.s) (Piel),shilem,Past Active,40
שיקר,,"Lied, Deceived (3.m.s) (Piel)",shiker,Past Active,40
חיכה,,Awaited (3.m.s) (Piel),khikah,Past Active,40
ניצח,,Won (3.m.s) (Piel),nitzeakh,Past Active,40
בזבז,,"Spent, Squandered (3.m.s) (Piel)",baz'bez,Past Active,40
קינא,)ב-(,"Envied, Jealous Of (b-) (3.m.s) (Piel)",kine (b-),Past Active,40
הכיר,,Knew (3.m.s) (Hifil),hikir,Past Active,40
הקשיב,,Listened (3.m.s) (Hifil),hik'shiv,Past Active,40
הראה,,"Showed, Demonstrated (3.m.s) (Hifil)",hir'ah,Past Active,40
הגיעה,,"Arrived, Reached (3.m.s) (Hifil)",hig'i'a,Past Active,40
החליט,,Decided (3.m.s) (Hifil),hekh'lit,Past Active,40
התחיל,,"Started, Began (3.m.s) (Hifil)",hit'khil,Past Active,40
קנה,,"Bought, Purchased (3.m.s) (Hifil)",kanah,Past Active,40
הרגיש,,"Felt, Sensed (3.m.s) (Hifil)",hir'gish,Past Active,40
הסביר,,"Explained, Clarified (3.m.s) (Hifil)",his'bir,Past Active,40
הציע,)ל(,"Proposed (l), Offered (3.m.s) (Hifil)",hitzi'a (l),Past Active,40
האמין,,"Believed, Trusted (3.m.s) (Hifil)",he'emin,Past Active,40
הזמין,,"Invited, Ordered (3.m.s) (Hifil)",hiz'min,Past Active,40
הבין,,Understood (3.m.s) (Hifil),hevin,Past Active,40
דומה,,Similar (m.s),domeh,Comparison,41
יותר,,More,yoter,Comparison,41
פחות,,Less,pakhot,Comparison,41
הכי,,Most,hakhi,Comparison,41
עלון,עלונים,"Flyer, Pamphlet",alon alonim,Objects,41
מגזין,מגזיני,Magazine,magazin magazini,Objects,41
מחשב,מחשבים,Computer,makh'shev makh'sh'vim,Objects,41
שעון,שעונים,"Watch, Clock, Timer",sha'on sh'onim,Objects,41
רדיו,,Radio,rad'yo,Objects,41
חפץ,חפצים,Object,khefetz kh'fetzim,Objects,41
שולחן עבודה,שולחנות עבודה,Desk shul'khan,avodah shul'khanot avodah,Objects,41
שעון יד,שעוני יד,(Wrist) Watch,sh'on yad she'oni yad,Objects,41
ארנק,ארנקים,"Wallet, Purse",ar'nak ar'nakim,Objects,41
סל,סלים,Basket,sal salim,Objects,41
טלפון נייד,טלפונים ניידים,Mobile Phone,telefon nayad telefonim nayadim,Objects,41
סבון,סבונים,Soap,sabon sabonim,Objects,41
מסך,מסכים,"Screen, Monitor",masakh masakhim,Objects,41
טלפון,טלפונים,Telephone; Telephone Call (Coll.),telefon telefonim,Objects,41
תיק,תיקים,Bag,tik tikim,Objects,41
מצעים,,"Linen, Bedding",matza'im,Objects,41
גלגל,גלגלים,Wheel,gal'gal gal'galim,Objects,41
רומן,רומנים,Novel,roman rom'nim,Objects,41
מספריים,,Scissors,mis'parayim,Objects,41
מכתב,מכתבים,Letter,mikh'tav mikh'tavim,Objects,41
פעמון,פעמונים,Bell,pa'amon pa'amonim,Objects,41
ספוג,ספוגים,Sponge,s'fog s'fugim,Objects,41
ספל,ספלים,mug,sefel s'falim,Objects,41
שורש,שורשים,Root,shoresh shorashim,Objects,41
נייר,ניירות,Paper; Document,n'yar n'yarot,Objects,41
דגל,דגלים,"Flag, Banner",degel d'galim,Objects,41
חוט,חוטים,String; Wire,khut khutim,Objects,41
מנוע,מנועים,"Engine, Motor",mano'a m'noim,Objects,41
מסרק,מסרקים,Comb,mas'rek mas'r'kim,Objects,41
נר,נרות,Candle,ner nerot,Objects,41
טלוויזיה,טלוויזיות,"TV, Television",televiz'yah televiz'yot,Objects,41
סוללה,סוללות,Battery,sol'lah sol'lot,Objects,41
קופסה,קופסאות,"Box, Container, Can",kuf'sah kuf'sa'ot,Objects,41
בריכה,בריכות,Swimming Pool,b'rekhah b'rekhot,Objects,41
מטרייה,מטריות,Umbrella,mit'riyah mit'riyot,Objects,41
מחבת,מחבתות,"Pan, Frying Pan, Skillet",makh'vat makh'vatot,Objects,41
עצם,עצמות,"Object, Bone",etzem atzamot,Objects,41
מכונה,מכונות,Machine,m'khonah m'khonot,Objects,41
שרשרת,שרשרות,Chain,shar'sheret shar'sherot,Objects,41
חתיכה,חתיכות,Piece; Pretty Woman (Slang),khatikhah khatikhot,Objects,41
אבקה,אבקות,"Powder, Pollen",av'kah av'kot,Objects,41
גדר,גדרות,Fence,gader g'derot,Objects,41
מתנה,מתנות,"Gift, Present",matanah matanot,Objects,41
קניות,,Shopping,k'niyot,Objects,42
אחד שני,,Each Other,ekhad (-)sheni,Objects,42
מתקלח,,Showers (Oneself),mit'kaleakh,Objects,42
מתגלח,,Shaves (Oneself),mit'galeakh,Objects,42
מסתפר,,Takes A Haircut,mis'taper,Objects,42
מסתכל,,Looks,mis'takel,Objects,42
משתמש,,Uses,mish'tamesh,Objects,42
מתקשר,,Calls (Telephone),mit'kasher,Objects,42
מתחזק,,Gets Stronger/More Religious,mit'khazek,Objects,42
מתאמן,,"Practices, Trains",mit'amen,Objects,42
מתקרב,,Comes Closer,mit'karev,Objects,42
מתחנך,,Educates (Oneself),mit'khanekh,Objects,42
מתחנן,,"Begs, Pleads",mit'khanen,Objects,42
מתגבר,,"Overcome(s), Gets Over",mit'gaber,Objects,42
מסתיים,,Finishes (Passive),mis'tayem,Objects,42
מתגעגע,,Misses (Feeling),mit'ga'agea,Objects,42
מסתובב,,Turns Around,mis'tovev,Objects,42
מתקרר,,Cools Off (Passive),mit'karer,Objects,42
מתחמם,,Heats Up (Passive),mit'khamem,Objects,42
מזדקן,,Gets Old,miz'daken,Objects,42
מתאושש,,Recovers,mit'oshesh,Objects,42
מתחבא,,Hides,mit'khabe,Objects,42
משתכר,,Gets Drunk,mish'taker,Objects,42
משתנה,,Changes (Oneself),mish'taneh,Objects,42
מתאחד,,Unites (With Someone Else),mit'akhed,Objects,42
מתחבר,,Connects (Oneself),mit'khaber,Objects,42
מתנתק,,Disconnects (Oneself),mit'natek,Objects,42
מתייעץ,,Consults (With Someone),mit'ya'etz,Objects,42
מתכונן,,Gets (Oneself) Ready,mit'konen,Objects,42
מצטרף,,Joins,mitz'taref,Objects,42
מתמודד,,Deals With,mit'moded,Objects,42
מתעלם,,Ignores,mit'alem,Objects,42
מתפלל,,Prays,mit'palel,Objects,42
מתנצל,,Apologizes,mit'natzel,Objects,42
מתבלבל,,Gets Confused,mit'bal'bel,Objects,42
מתעמל,,Works Out,mit'amel,Objects,42
שמאלי,,Left-Handed,s'ma'li,Objects,42
ימני,,Right-Handed,y'mani,Objects,42
חוקי,,Legal,khuki,Objects,42
שונה,,Different,shoneh,Objects,42
מקומי,,Local,m'komi,Objects,42
נדיר,,Rare,nadir,Objects,42
פופולרי,,Popular,populari,Objects,42
זמין,,Available,zamin,Objects,42
רשמי,,Official,rish'mi,Objects,42
סופי,,Final,sofi,Objects,42
שלם,,"Complete, Whole",shalem,Objects,43
מיידי,,Immediate,miyadi,Objects,43
יחיד,,Single,yakhid,Objects,43
מסורתי,,Traditional,masar'ti,Objects,43
מודרני,,Modern,moder'ni,Objects,43
היסטורי,,Historic,his'tori,Objects,43
חכם,,Smart,khakham,Objects,43
מטומטם,,Dumb,m'tum'tam,Objects,43
טיפש,,"Stupid, Foolish",tipesh,Objects,43
מכוער,,Ugly,m'kho'ar,Objects,43
מדהים,,Amazing,mad'him,Objects,43
דתי,,Religious,dati,Objects,43
תרבותי,,Cultural,tar'buti,Objects,43
מוכן,,Ready,mukhan,Objects,43
עמוק,,Deep,amok,Objects,43
טהור,,Pure,tahor,Objects,43
ראשי,,Main,rashi,Objects,43
חד,,Sharp,khad,Objects,43
בטוח,,Certain,batuakh,Objects,43
בודד,,"Lonely, Single",boded,Objects,43
טרי,,Fresh,tari,Objects,43
עבה,,Thick,aveh,Objects,43
צר,,Narrow,tzar,Objects,43
רחב,,Wide,rakhav,Objects,43
מרתק,,Fascinating,m'ratek,Objects,43
מוזר,,"Strange, Weird",muzar,Objects,43
עולמי,,Global,olami,Objects,43
בריא,,Healthy,bari,Objects,43
תחתון,,Under,takh'ton,Objects,43
עליון,,Upper,el'yon,Objects,43
עתיק,,Ancient,atik,Objects,43
יומי,,Daily,yomi,Objects,43
אישי,,Personal,ishi,Objects,43
שבועי,,Weekly,sh'vu'i,Objects,43
גרוע,,Bad,garu'a,Objects,43
מרשים,,Impressive,mar'shim,Objects,43
חודשי,,Monthly,khod'shi,Objects,43
שנתי,,Yearly,sh'nati,Objects,43
נפלא,,Wonderful,nif'la,Objects,43
חלק,חלקים,"Part, Portion",khelek khal'kim,Abstract Objects 1,43
שירות,שירותים,Service,sherut sherutim,Abstract Objects 1,43
סוג,סוגים,"Type, Sort, Class",sug sugim,Abstract Objects 1,43
עיצוב,עיצובים,Design,itzuv itzuvim,Abstract Objects 1,43
מקרה,מקרים,"Occurence, Incident",mik'reh mik'rim,Abstract Objects 1,43
שינוי,שינויים,Change,shinuy shinuyim,Abstract Objects 1,43
חשבון,חשבונות,"Account, Tab, Check, Bill",khesh'bon khesh'bonot,Abstract Objects 1,43
פרופיל,פרופילים,Profile,p'rofil p'rofilim,Abstract Objects 1,43
רעש,רעשים,Noise,ra'ash r'ashim,Abstract Objects 1,43
תיאור,תיאורים,Description,te'ur te'urim,Abstract Objects 1,43
תוכן,תכנים,"Content, Substance",tokhen t'khanim,Abstract Objects 1,43
ערך,ערכים,Value,erekh arakhim,Abstract Objects 1,44
ציוד,,Equipment,tziyud,Abstract Objects 1,44
צד,צדדים,Side,tzad tz'dadim,Abstract Objects 1,44
ביצוע,ביצועים,Performance,bit'zua bitzu'im,Abstract Objects 1,44
הסכם,הסכמים,Agreement,hes'kem hes'kemim,Abstract Objects 1,44
פיתרון,פתרונות,Solution,pit'ron pit'ronot,Abstract Objects 1,44
ייצור,ייצורים,"Manufacturing, Production",yitzur yitzurim,Abstract Objects 1,44
מבנה,מבנים,"Structure, Formation",miv'neh miv'nim,Abstract Objects 1,44
תור,תורים,Queue,tor torim,Abstract Objects 1,44
מצב,מצבים,Situation,matzav matzavim,Abstract Objects 1,44
עניין,עניינים,"Matter, Interest",in'yan in'yanim,Abstract Objects 1,44
קול,קולות,Voice,kol kolot,Abstract Objects 1,44
תפקיד,תפקידים,"Role, Duty, Task",taf'kid taf'kidim,Abstract Objects 1,44
כישלון,כישלונות,Failure,kishalon kish'lonot,Abstract Objects 1,44
משבר,משברים,Crisis,mash'ber mish'b'rim,Abstract Objects 1,44
פרס,פרסים,"Reward, Prize, Award",p'ras p'rasim,Abstract Objects 1,44
ציון,ציונים,Grade,tziyun tziyunim,Abstract Objects 1,44
נושא,נושאים,Subject,nose nos'im,Abstract Objects 1,44
חושך,,Darkness,khoshekh,Abstract Objects 1,44
קצה,קצוות,Edge,katzeh k'tzavot,Abstract Objects 1,44
סוף,סופים,"End, Finish",sof sofim,Abstract Objects 1,44
שיא,שיאים,"Peak, Record",si si'im,Abstract Objects 1,44
השקפה,השקפות,"Perspective, Point of View",hash'kafah hash'kafot,Abstract Objects 1,44
רשימה,רשימות,List,r'shimah r'shimot,Abstract Objects 1,44
פקודה,פקודות,"Command, Order",p'kudah p'kudot,Abstract Objects 1,44
מערכת,מערכות,System,ma'arekhet ma'arakhot,Abstract Objects 1,44
קבוצה,קבוצות,Group,k'vutzah k'vutzot,Abstract Objects 1,44
גירסה,גירסות,Version,gir'sah gir'sot,Abstract Objects 1,44
שליטה,שליטות,Control,sh'litah sh'litot,Abstract Objects 1,44
שיחה,שיחות,Conversation,sikhah sikhot,Abstract Objects 1,44
רמה,רמות,Level,ramah ramot,Abstract Objects 1,44
תמונה,תמונות,"Picture, Image",t'munah t'munot,Abstract Objects 1,44
קטגורייה,קטגוריות,Category,kategoriyah kategor'yot,Abstract Objects 1,44
בעיה,בעיות,Problem,b'ayah b'ayot,Abstract Objects 1,44
אפשרות,אפשרויות,Possibility,ef'sharut ef'sharuyot,Abstract Objects 1,44
פעילות,פעילויות,"Activity, Action",p'ilut p'iluyot,Abstract Objects 1,44
תוצאה,תוצאות,Result,totza'ah totza'ot,Abstract Objects 1,44
הגנה,הגנות,Defence,haganah haganot,Abstract Objects 1,44
תגובה,תגובות,Response,t'guvah t'guvot,Abstract Objects 1,44
כניסה,כניסות,Entrance,k'nisah k'nisot,Abstract Objects 1,44
השפעה,השפעות,Influence,hash'pa'ah hash'pa'ot,Abstract Objects 1,44
משאלה,משאלות,Wish,mish'alah mish'alot,Abstract Objects 1,44
תקווה,תקוות,Hope,tik'vah tik'vot,Abstract Objects 1,44
הזדמנות,הזדמנויות,Opportunity,hiz'dam'nut hiz'dam'nuyot,Abstract Objects 1,44
יציאה,יציאות,Exit,y'tzi'ah y'tzi'ot,Abstract Objects 1,44
ברירה,בררות,"Option, Choice",b'rerah b'rerot,Abstract Objects 1,44
הצלחה,הצלחות,Success,hatz'lakhah hatz'lakhot,Abstract Objects 1,44
הקדמה,הקדמות,"Intro, Preface",hak'damah hak'damot,Abstract Objects 1,44
כוונה,כוונות,Intention,kavanah kavanot,Abstract Objects 1,44
מנוחה,מנוחות,Rest,m'nukhah m'nukhot,Abstract Objects 1,44
חלופה,חלופות,Alternative,khalufah khalufot,Abstract Objects 1,44
החלטה,החלטות,Decision,hakh'latah hakh'latot,Abstract Objects 1,44
התחלה,התחלות,"Beginning, Start",hat'khalah hat'khalot,Abstract Objects 1,44
לך,,"Walk!, Go! (Qal)",lekh,Abstract Objects 1,45
רוץ,,Run! (Qal),rutz,Abstract Objects 1,45
עזור,,Help! (Qal),azor,Abstract Objects 1,45
בוא,,Come! (Qal),bo,Abstract Objects 1,45
שמור,,"Save!, Keep! (Qal)",sh'mor,Abstract Objects 1,45
תן,,Give! (Qal),ten,Abstract Objects 1,45
עשה,,Do! (Qal),aseh,Abstract Objects 1,45
עצור,,Stop! (Qal),atzor,Abstract Objects 1,45
קח,,Take! (Qal),kakh,Abstract Objects 1,45
דע,,Know! (Qal),da,Abstract Objects 1,45
קנה,,Buy! (Qal),k'neh,Abstract Objects 1,45
פתח,,Open! (Qal),p'takh,Abstract Objects 1,45
שים,,Put! (Qal),sim,Abstract Objects 1,45
טוס,,Fly! (Qal),tus,Abstract Objects 1,45
שב,,Sit! (Qal),shev,Abstract Objects 1,45
שכח,,Forget! (Qal),sh'khakh,Abstract Objects 1,45
צפה,,"Watch!, Expect! (Qal)",tz'feh,Abstract Objects 1,45
שלח,,Send! (Qal),sh'lakh,Abstract Objects 1,45
שתה,,Drink! (Qal),sh'teh,Abstract Objects 1,45
צא,,"Go Out!, Exit! (Qal)",tze,Abstract Objects 1,45
דבר,,"Talk!, Speak! (Piel)",daber,Abstract Objects 1,45
נסה,,"Try!, Attempt! (Piel)",naseh,Abstract Objects 1,45
חפש,,"Search!, Look For! (Piel)",khapes,Abstract Objects 1,45
סמן,,"Mark!, Indicate! (Piel)",samen,Abstract Objects 1,45
תקן,,"Fix!, Repair! (Piel)",taken,Abstract Objects 1,45
קבל,,Accept! (Piel),kabel,Abstract Objects 1,45
רחם,,Have Mercy! (Piel),rakhem,Abstract Objects 1,45
ערבב,,"Mix!, Stir! (Piel)",arbev,Abstract Objects 1,45
חכה,,Wait! (Piel),khakeh,Abstract Objects 1,45
סיים,,Finish! (Piel),sayem,Abstract Objects 1,45
צלם,,Take A Picture! (Piel),tzalem,Abstract Objects 1,45
ברך,,Bless! (Piel),barekh,Abstract Objects 1,45
למד,,"Learn!, Study! (Qal)",lemad,Abstract Objects 1,45
הקשב,,Listen! (Hifil),hak'shev,Abstract Objects 1,45
הראה,,Show! (Hifil),har'eh,Abstract Objects 1,45
הרגש,,"Feel!, Sense! (Hifil)",har'gesh,Abstract Objects 1,45
האמן,,"Believe!, Trust! (Hifil)",ha'amen,Abstract Objects 1,45
התחל,,"Start!, Begin! (Hifil)",hat'khel,Abstract Objects 1,45
החזר,,Return! (Transitive) (Hifil),hakh'zer,Abstract Objects 1,45
הוסף,,Add! (Hifil),hosef,Abstract Objects 1,45
הזמן,,Invite! (Hifil),haz'men,Abstract Objects 1,45
הצג,,"Present!, Show! (Hifil)",hatzeg,Abstract Objects 1,45
החלט,,Decide! (Hifil),hakh'let,Abstract Objects 1,45
החלף,,"Change!, Exchange!, Swap! (Hifil)",hakh'lef,Abstract Objects 1,45
הזכר,,Remind! (Hifil),haz'ker,Abstract Objects 1,45
התקלח,,Take A Shower! (Hitpael),hit'kaleakh,Abstract Objects 1,45
הסתכל,,"Look!, Watch! (Hitpael)",his'takel,Abstract Objects 1,45
התקרב,,"Come Closer!, Approach! (Hitpael)",hit'karev,Abstract Objects 1,45
התחבא,,Hide! (Hitpael),hit'khabe,Abstract Objects 1,45
התחבר,,"Connect!, Join Together! (Hitpael)",hit'khaber,Abstract Objects 1,45
הצטרף,,Join! (Group/Organisation) (Hitpael),hitz'taref,Abstract Objects 1,45
התעלם,,"Ignore!, Disregard! (Hitpael)",hit'alem,Abstract Objects 1,46
התפלל,,Pray! (Hitpael),hit'palel,Abstract Objects 1,46
התכונן,,Get Prepared! (Hitpael),hit'konen,Abstract Objects 1,46
הסתפר,,Cut Hair! (Hitpael),his'taper,Abstract Objects 1,46
השתמש,,Use! (Hitpael),hish'tamesh,Abstract Objects 1,46
מילון,מילונים,Dictionary,milon milonim,Languages,46
משפט,משפטים,Sentence,mish'pat mish'patim,Languages,46
שם עצם,שמות עצם,Noun,shem etzem sh'mot etzem,Languages,46
פועל,פעלים,Verb,po'al p'alim,Languages,46
שם תואר,שמות תואר,Adjective,shem to'ar shemot to'ar,Languages,46
פסיק,פסיקים,Comma,p'sik psikim,Languages,46
שפה,שפות,Language,safah safot,Languages,46
אות,אותיות,Letter,ot otiyot,Languages,46
בלשן,בלשנים,Linguist,bal'shan bal'shanim,Languages,46
בלשנות,,Linguistics,bal'shanut,Languages,46
פסקה,פסקות,"Paragraph, Section",pis'kah p'sakot,Languages,46
שורה,שורות,Line,shurah shurot,Languages,46
נקודה,נקודות,"Period, Dot",n'kudah n'kudot,Languages,46
שפת אם,שפות אם,Mother Tongue,s'fat em s'fot em,Languages,46
ספרדית,,Spanish,s'fardit,Languages,46
צרפתית,,French,tzar'fatit,Languages,46
גרמנית,,German,ger'manit,Languages,46
רוסית,,Russian,rusit,Languages,46
סינית,,Chinese,sinit,Languages,46
הולנדית,,Dutch,holan'dit,Languages,46
איטלקית,,Italian,ital'kit,Languages,46
פורטוגזית,,Portuguese,por'tugezit,Languages,46
שוודית,,Swedish,sh'vedit,Languages,46
דנית,,Danish,denit,Languages,46
ערבית,,Arabic,aravit,Languages,46
יפנית,,Japanese,yapanit,Languages,46
צ'כית,,Czech,chekhit,Languages,46
יוונית,,Greek,y'vanit,Languages,46
הונגרית,,Hungarian,hun'garit,Languages,46
אירית,,Irish,irit,Languages,46
פולנית,,Polish,polanit,Languages,46
הינדי,,Hindi,hin'di,Languages,46
יידיש,,Yiddish,yidish,Languages,46
אספרנטו,,Esperanto,es'peran'to,Languages,46
חילוץ,חילוצים,Rescue,khilutz khilutzim,Emergency,46
כבאי,כבאים,Firefighter,kabai kaba'im,Emergency,46
חובש,חובשים,Medic,khobesh khov'shim,Emergency,46
מקרה חירום,מקרי חירום,Emergency,mik'reh kherum mik'rei kherum,Emergency,46
מגן דוד אדום,,Magen David Adom,magen david adom,Emergency,46
פיצוץ,פיצוצים,Explosion,pitzutz pitzutzim,Emergency,46
עזרה,,Help!,ez'rah,Emergency,46
זהירות,זהירויות,Caution,z'hirut z'hiruyot,Emergency,47
הכרה,הכרות,Consciousness,hakarah hakarot,Emergency,47
החייאה,,CPR,hakh'ya'ah,Emergency,47
מצוקה,מצוקות,Distress,m'tzukah m'tzukot,Emergency,47
תאונה,תאונות,Accident,t'unah t'unot,Emergency,47
שריפה,שריפות,Fire,s'refah s'refot,Emergency,47
עזרה ראשונה,,First Aid,ez'rah ri'shonah,Emergency,47
אזעקה,אזעקות,"Alarm, Siren",az'akah az'akot,Emergency,47
לכוד,,Trapped,lakhud,Emergency,47
פצוע,,"Injured, Wounded",patzu'a,Emergency,47
מסוכן,,"Dangerous, Perilous",m'sukan,Emergency,47
מתחשמל,,(Am) Electrocuted (m.s) (Hitpael),mit'khash'mel,Emergency,47
הצילו,,"Help!, Rescue! (2.m.p - imp.) (Hifil)",hatzilu,Emergency,47
לבצע,,"To Perform, Execute (Piel)",l'vatze'a,Emergency,47
להתעלף,,"To Pass Out, Faint, Swoon (Hitpael)",l'hit'alef,Emergency,47
ליפול,,"To Fall, Drop (Qal)",lipol,Emergency,47
לטבוע,,"To Drown, Sink (Qal)",lit'bo'a,Emergency,47
עתיד,,Future (Time),atid,Emergency,47
עבר,,Past (Time),avar,Emergency,47
הווה,,"Present, Now (Time)",hoveh,Emergency,47
אהיה,,I Will Be (1.c.s) (Qal),eh'yeh,Emergency,47
תהיה,,You/She Will Be (2.m.s) (Qal),tih'yeh,Emergency,47
תהיי,,You Will Be (2.f.s) (Qal),tih'yi,Emergency,47
נהיה,,We Will Be (1.c.p) (Qal),nih'yeh,Emergency,47
תהיו,,You Will Be (2.m.p) (Qal),tih'yu,Emergency,47
יהיו,,They Will Be (3.m.p) (Qal),yih'yu,Emergency,47
תהיינה,,You/They Will Be (3.f.p) (Qal),tih'yenah,Emergency,47
יהיה,,He Will Be (3.m.s) (Qal),yih'yeh,Emergency,47
אוכל,,I Will Eat (Qal),okhal,Emergency,47
תאכל,,You (m.s),tokhal,Emergency,47
תאכלי,,You (f.s),tokh'li,Emergency,47
יאכל,,He/It,yokhal,Emergency,47
תאכל,,She/It,tokhal,Emergency,47
נאכל,,We,nokhal,Emergency,47
תאכלו,,You (m.p),tokh'lu,Emergency,47
תאכלנה,,You (f.p),tokhal'nah,Emergency,47
יאכלו,,They (m.p),yokh'lu,Emergency,47
תאכלנה,,They (f.p),tokhal'nah,Emergency,47
אשתה,,I Will Drink (Qal),eshateh,Emergency,47
תישתה,,You (m.s),tishateh,Emergency,47
תישתי,,You (f.s),tishati,Emergency,47
יישתה,,He/It,yishateh,Emergency,47
תישתה,,She/It,tishateh,Emergency,47
נישתה,,We,nishateh,Emergency,47
תישתו,,You (m.p),tishatu,Emergency,47
תישתינה,,You (f.p),tishatenah,Emergency,47
יישתו,,They (m.p),yishatu,Emergency,47
תישתינה,,They (f.p),tishatenah,Emergency,47
אכתוב,,I Will Write (Qal),ekh'tov,Emergency,47
תכתוב,,You (m.s),tikh'tov,Emergency,47
תכתבי,,You (f.s),tikh't'vi,Emergency,48
יכתוב,,He/It,yikh'tov,Emergency,48
תכתוב,,She/It,tikh'tov,Emergency,48
נכתוב,,We,nikh'tov,Emergency,48
תכתבו,,You (m.p),tikh't'vu,Emergency,48
תכתבנה,,You (f.p),tikh'tov'nah,Emergency,48
יכתבו,,They (m.p),yikh't'vu,Emergency,48
תכתובנה,,They (f.p),tikh'tov'nah,Emergency,48
אשחה,,I Will Swim (Qal),esh'kheh,Emergency,48
תשחה,,You (m.s),tish'keh,Emergency,48
תשחי,,You (f.s),tish'khi,Emergency,48
ישחה,,He/It,yish'kheh,Emergency,48
תשחה,,She/It,tish'kheh,Emergency,48
נשחה,,We,nish'kheh,Emergency,48
תשחו,,You (m.p),tish'khu,Emergency,48
תשחינה,,You (f.p),tish'kheinah,Emergency,48
ישחו,,They (m.p),yish'khu,Emergency,48
שחינה,,They (f.p),tish'kheinah,Emergency,48
אראה,,I Will See (Qal),er'eh,Emergency,48
תראה,,You (m.s),tir'eh,Emergency,48
תראי,,You (f.s),tir'i,Emergency,48
יראה,,He/It,yir'eh,Emergency,48
תראה,,She/It,tir'eh,Emergency,48
נראה,,We,nir'eh,Emergency,48
תראו,,You (m.p),tir'u,Emergency,48
תראינה,,You (f.p),tir'einah,Emergency,48
יראו,,They (m.p),yir'u,Emergency,48
תראינה,,They (f.p),tir'einah,Emergency,48
אשמע,,I Will Hear; Listen (Qal),ehs'ma,Emergency,48
תשמע,,You (m.s),tish'ma,Emergency,48
תשמעי,,You (f.s),tish'm'i,Emergency,48
ישמע,,He/It,yish'ma,Emergency,48
תּשמע,,She/It,tish'ma,Emergency,48
נשמע,,We,nish'ma,Emergency,48
תשמעו,,You (m.p),tish'm'u,Emergency,48
תשמענה,,You (f.p),tish'ma'nah,Emergency,48
ישמעו,,They (m.p),yish'm'u,Emergency,48
תשמענה,,They (f.p),tish'ma'nah,Emergency,48
אעשה,,"I Will Do, Make, Create (Qal)",e'eseh,Emergency,48
תעשה,,You (m.s),ta'eseh,Emergency,48
תעשי,,You (f.s),ta'asi,Emergency,48
יעשה,,He/It,ya'aseh,Emergency,48
תעשה,,She/It,ta'aseh,Emergency,48
נעשה,,We,na'aseh,Emergency,48
תעשו,,You (m.p),ta'asu,Emergency,48
תעשינה,,You (f.p),ta'aseinah,Emergency,48
יעשו,,They (m.p),ya'asu,Emergency,48
תעשינה,,They (f.p),ta'aseinah,Emergency,48
אחשוב,,I Will Think (Qal),ekh'shov,Emergency,48
תחשוב,,You (m.s),takh'shov,Emergency,48
תחשבי,,You (f.s),takh'sh'vi,Emergency,48
יחשוב,,He/It,yakh'shov,Emergency,48
תחשוב,,She/It,takh'shov,Emergency,48
נחשוב,,We,nakh'shov,Emergency,48
תחשבו,,You (m.p),takh'sh'vu,Emergency,49
תחשובנה,,You (f.p),takh'shov'nah,Emergency,49
יחשבו,,They (m.p),yakh'sh'vu,Emergency,49
תחשובנה,,They (f.p),takh'shov'nah,Emergency,49
אוהב,,I Will Love (Qal),ohav,Emergency,49
תאהב,,You (m.s),tohav,Emergency,49
תאהבי,,You (f.s),tohavi,Emergency,49
יאהב,,He/It,yohav,Emergency,49
תאהב,,She/It,tohav,Emergency,49
נאֹהב,,We,nohav,Emergency,49
תאהבו,,You (m.p),tohavu,Emergency,49
תא הַבנה,,You (f.p),tohav'nah,Emergency,49
יאהבו,,They (m.p),yohavu,Emergency,49
תא הַבנה,,They (f.p),tohav'nah,Emergency,49
אתן,,"I Will Give, Allow (Qal)",eten,Emergency,49
תיתן,,You (m.s),titen,Emergency,49
תיתני,,You (f.s),tit'ni,Emergency,49
ייתן,,He/It,yiten,Emergency,49
תיתן,,She/It,titen,Emergency,49
ניתן,,We,niten,Emergency,49
תיתנו,,You (m.p),tit'nu,Emergency,49
תיתנה,,You (f.p),titenah,Emergency,49
ייתנו,,They (m.p),t'nu,Emergency,49
תיתנה,,They (f.p),titenah,Emergency,49
אלך,,I Will Go (Qal),elekh,Emergency,49
תלך,,You (m.s),telekh,Emergency,49
תלכי,,You (f.s),tel'khi,Emergency,49
ילך,,He/It,yelekh,Emergency,49
תלך,,She/It,telekh,Emergency,49
נלך,,We,nelekh,Emergency,49
תלכו,,You (m.p),tel'khu,Emergency,49
תלכנה,,You (f.p),telakh'nah,Emergency,49
ילכו,,They (m.p),yel'khu,Emergency,49
תלכנה,,They (f.p),telakh'nah,Emergency,49
אעמוד,,I Will Stand (Qal),e'emod,Emergency,49
תעמוד,,You (m.s),ta'amod,Emergency,49
תעמדי,,You (f.s),ta'amdi,Emergency,49
יעמוד,,He/It,ya'amod,Emergency,49
תעמוד,,She/It,ta'amod,Emergency,49
נעמוד,,We,na'amod,Emergency,49
תעמדו,,You (m.p),ta'am'du,Emergency,49
תעמדנה,,You (f.p),ta'amod'nah,Emergency,49
יעמדו,,They (m.p),yam'du,Emergency,49
תעמדנה,,They (f.p),ta'amod'nah,Emergency,49
אשלם,,I Will Pay (Piel),ashalem,Emergency,49
תשלם,,You (m.s),t'shalem,Emergency,49
תשלמי,,You (f.s),t'shal'mi,Emergency,49
ישלם,,He/It,y'shalem,Emergency,49
תשלם,,She/It,t'shalem,Emergency,49
נשלם,,We,n'shalem,Emergency,49
תשלמו,,You (m.p),t'shal'mu,Emergency,49
תשלמנה,,You (f.p),t'shalem'nah,Emergency,49
ישלמו,,They (m.p),y'shal'mu,Emergency,49
תשלמנה,,They (f.p),t'shalem'nah,Emergency,49
אפספס,,I Will Miss (Shot/Opportunity) Piel),afas'fes,Emergency,50
תפספס,,You (m.s),t'fas'fes,Emergency,50
תפספסי,,You (f.s),t'fas'f'si,Emergency,50
יפספס,,He/It,y'fas'fes,Emergency,50
תפספס,,She/It,t'fas'fes,Emergency,50
נפספס,,We,n'fas'fes,Emergency,50
תפספסו,,You (m.p),t'fas'f'su,Emergency,50
תפספסנה,,You (f.p),t'fas'fes'nah,Emergency,50
יפספסו,,They (m.p),y'fas'f'su,Emergency,50
תפספסנה,,They (f.p),t'fas'fes'nah,Emergency,50
אישן,,I Will Change (Piel),ishan,Emergency,50
תישן,,You (m.s),tishan,Emergency,50
תישני,,You (f.s),tish'ni,Emergency,50
יישן,,He/It,yishan,Emergency,50
תישן,,She/It,tishan,Emergency,50
נישן,,We,nishan,Emergency,50
תישנו,,You (m.p),tish'nu,Emergency,50
תישנה,,You (f.p),tishanah,Emergency,50
יישנו,,They (m.p),yish'nu,Emergency,50
תישנה,,They (f.p),tishanah,Emergency,50
אנסה,,"I Will Try, Attempt, Test (Piel)",anaseh,Emergency,50
תנסה,,You (m.s),t'naseh,Emergency,50
תנסי,,You (f.s),t'nasi,Emergency,50
ינסה,,He/It,y'naseh,Emergency,50
תנסה,,She/It,t'naseh,Emergency,50
ננסה,,We,n'naseh,Emergency,50
תנסו,,You (m.p),t'nasu,Emergency,50
תנסינה,,You (f.p),t'naseinah,Emergency,50
ינסו,,They (m.p),y'nasu,Emergency,50
תנסינה,,They (f.p),t'naseinah,Emergency,50
אבחר,,I Will Choose/Elect (Qal),ev'khar,Emergency,50
תבחר,,You (m.s),tiv'khar,Emergency,50
תבחרי,,You (f.s),tiv'khari,Emergency,50
יבחר,,He/It,yiv'khar,Emergency,50
תבחר,,She/It,tiv'khar,Emergency,50
נבחר,,We,niv'khar,Emergency,50
תבחרו,,You (m.p),tiv'kharu,Emergency,50
תבחרנה,,You (f.p),tiv'khar'nah,Emergency,50
יבחרו,,They (m.p),yiv'kharu,Emergency,50
תבחרנה,,They (f.p),tiv'khar'nah,Emergency,50
אדבר,,I Will Talk/Speak (Piel),adaber,Emergency,50
תדבר,,You (m.s),t'daber,Emergency,50
תדברי,,You (f.s),t'dab'ri,Emergency,50
ידבר,,He/It,y'daber,Emergency,50
תדבר,,She/It,t'daber,Emergency,50
נדבר,,We,n'daber,Emergency,50
תדברו,,You (m.p),t'dab'ru,Emergency,50
תדברנה,,You (f.p),t'daber'nah,Emergency,50
ידברו,,They (m.p),y'dab'ru,Emergency,50
תדברנה,,They (f.p),t'daber'nah,Emergency,50
אחפש,,I Will Search/Look For (Piel),akh'pes,Emergency,50
תחפש,,You (m.s),t'khapes,Emergency,50
תחפשי,,You (f.s),t'khap'si,Emergency,50
יחפש,,He/It,y'khapes,Emergency,50
תחפש,,She/It,t'khapes,Emergency,51
נחפש,,We,n'khapes,Emergency,51
תחפשו,,You (m.p),t'khap'su,Emergency,51
תחפשנה,,You (f.p),t'khapes'nah,Emergency,51
יחפשו,,They (m.p),y'khap'su,Emergency,51
תחפשנה,,They (f.p),t'khapes'nah,Emergency,51
אבקר,,I Will Visit (ב-); Criticise (תא) (Piel),avaker,Emergency,51
תבקר,,You (m.s),t'vaker,Emergency,51
תבקרי,,You (f.s),t'vak'ri,Emergency,51
יבקר,,He/It,y'vaker,Emergency,51
תבקר,,She/It,t'vaker,Emergency,51
נבקר,,We,n'vaker,Emergency,51
תבקרו,,You (m.p),t'vak'ru,Emergency,51
תבקרנה,,You (f.p),t'vaker'nah,Emergency,51
יבקרו,,They (m.p),y'vak'ru,Emergency,51
תבקרנה,,They (f.p),t'vaker'nah,Emergency,51
אאשר,,I Will Approve/Authorize (Piel),a'asher,Emergency,51
תּאשר,,You (m.s),t'asher,Emergency,51
תאשרי,,You (f.s),t'ash'ri,Emergency,51
יאשר,,He/It,y'asher,Emergency,51
תאשר,,She/It,t'asher,Emergency,51
נאשר,,We,n'asher,Emergency,51
תאשרו,,You (m.p),t'ash'ru,Emergency,51
תאשרנה,,You (f.p),t'asher'nah,Emergency,51
יאשרו,,They (m.p),y'ash'ru,Emergency,51
תאשרנה,,They (f.p),t'asher'nah,Emergency,51
אקשיב,,I Will Listen; Pay Attention (Hifil),ak'shiv,Emergency,51
תקשיב,,You (m.s),tak'shiv,Emergency,51
תקשיבי,,You (f.s),tak'shivi,Emergency,51
יקשיב,,He/It,yak'shiv,Emergency,51
תקשיב,,She/It,tak'shiv,Emergency,51
נקשיב,,We,nak'shiv,Emergency,51
תקשיבו,,You (m.p),tak'shivu,Emergency,51
תקשבנה,,You (f.p),tak'shev'nah,Emergency,51
יקשיבו,,They (m.p),yak'shivu,Emergency,51
תקשבנה,,They (f.p),tak'shev'nah,Emergency,51
אתחיל,,I Will Start/Begin (Hifil),at'khil,Emergency,51
תתחיל,,You (m.s),tat'khil,Emergency,51
תתחילי,,You (f.s),tat'khili,Emergency,51
יתחיל,,He/It,yat'khil,Emergency,51
תתחיל,,She/It,tat'khil,Emergency,51
נתחיל,,We,nat'khil,Emergency,51
תתחילו,,You (m.p),tat'khilu,Emergency,51
תתחלנה,,You (f.p),tat'khel'nah,Emergency,51
יתחילו,,They (m.p),yat'khilu,Emergency,51
תתחלנה,,They (f.p),tat'khel'nah,Emergency,51
אגיע,,"I Will Arrive, Come, Reach (Hifil)",agia,Emergency,51
תגיע,,You (m.s),tagia,Emergency,51
תגיעי,,You (f.s),tagi'i,Emergency,51
יגיע,,He/It,yagia,Emergency,51
תגיע,,She/It,tagia,Emergency,51
נגיע,,We,nagia,Emergency,51
תגיעו,,You (m.p),tagi'u,Emergency,51
תגענה,,You (f.p),taganah,Emergency,51
יגיעו,,They (m.p),yagi'u,Emergency,52
תּגענה,,They (f.p),taganah,Emergency,52
אסביר,,"I Will Explain, Clarify (Hifil)",as'bir,Emergency,52
תסביר,,You (m.s),tas'bir,Emergency,52
תסבירי,,You (f.s),tas'biri,Emergency,52
יסביר,,He/It,yas'bir,Emergency,52
תסביר,,She/It,tas'biri,Emergency,52
נסביר,,We,nas'bir,Emergency,52
תסבירו,,You (m.p),tas'bir,Emergency,52
תסברנה,,You (f.p),tas'ber'nah,Emergency,52
יסבירו,,They (m.p),yas'biru,Emergency,52
תסברנה,,They (f.p),tas'ber'nah,Emergency,52
אראה,,"I Will Show, Demonstrate (Hifil)",ar'eh,Emergency,52
תראה,,You (m.s),tar'eh,Emergency,52
תראי,,You (f.s),tar'i,Emergency,52
יראה,,He/It,yar'eh,Emergency,52
תראה,,She/It,tar'eh,Emergency,52
נראה,,We,nar'eh,Emergency,52
תראו,,You (m.p),tar'u,Emergency,52
תראינה,,You (f.p),tar'einu,Emergency,52
יראו,,They (m.p),yar'u,Emergency,52
תראינה,,They (f.p),tar'einu,Emergency,52
אגיד,,I Will Say/Tell (Hifil),agid,Emergency,52
תגיד,,You (m.s),tagid,Emergency,52
תגידי,,You (f.s),tagidi,Emergency,52
יגיד,,He/It,yagid,Emergency,52
תגיד,,She/It,tagid,Emergency,52
נגיד,,We,nagid,Emergency,52
תגידו,,You (m.p),tagidu,Emergency,52
תגדנה,,You (f.p),taged'nah,Emergency,52
יגידו,,They (m.p),yagidu,Emergency,52
תגדנה,,They (f.p),taged'nah,Emergency,52
אזמין,,"I Will Invite, Order (Hifil)",az'min,Emergency,52
תזמין,,You (m.s),taz'min,Emergency,52
תזמיני,,You (f.s),taz'mini,Emergency,52
יזמין,,He/It,yaz'min,Emergency,52
תזמין,,She/It,taz'min,Emergency,52
נזמין,,We,naz'min,Emergency,52
תזמינו,,You (m.p),taz'minu,Emergency,52
תזמנה,,You (f.p),taz'menah,Emergency,52
יזמינו,,They (m.p),yaz'minu,Emergency,52
תזמנה,,They (f.p),taz'menah,Emergency,52
אזכיר,,I Will Remind (Hifil),az'kir,Emergency,52
תזכיר,,You (m.s),taz'kir,Emergency,52
תזכירי,,You (f.s),taz'kiri,Emergency,52
יזכיר,,He/It,yaz'kir,Emergency,52
תזכיר,,She/It,taz'kir,Emergency,52
נזכיר,,We,naz'kir,Emergency,52
תזכירו,,You (m.p),taz'kiru,Emergency,52
תזכרנה,,You (f.p),taz'ker'nah,Emergency,52
יזכירו,,They (m.p),yaz'kiru,Emergency,52
תזכרנה,,They (f.p),taz'ker'nah,Emergency,52
אחליט,,I Will Decide (Hifil),akh'lit,Emergency,52
תחליט,,You (m.s),takh'lit,Emergency,52
תחליטי,,You (f.s),takh'liti,Emergency,53
יחליט,,He/It,yakh'lit,Emergency,53
תחליט,,She/It,takh'lit,Emergency,53
נחליט,,We,nakh'lit,Emergency,53
תחליטו,,You (m.p),takh'litu,Emergency,53
תחלטנה,,You (f.p),takh'let'nah,Emergency,53
יחליטו,,They (m.p),yakh'litu,Emergency,53
תחלטנה,,They (f.p),takh'let'nah,Emergency,53
אבין,,I Will Understand (Hifil),avin,Emergency,53
תבין,,You (m.s),tavin,Emergency,53
תביני,,You (f.s),tavini,Emergency,53
יבין,,He/It,yavin,Emergency,53
תבין,,She/It,tavin,Emergency,53
נבין,,We,navin,Emergency,53
תבינו,,You (m.p),tavinu,Emergency,53
תבנה,,You (f.p),tavenah,Emergency,53
יבינו,,They (m.p),yavinu,Emergency,53
תבנה,,They (f.p),tavenah,Emergency,53
אסכים,,"I Will Agree, Consent (Hifil)",as'kim,Emergency,53
תסכים,,You (m.s),tas'kim,Emergency,53
תסכימי,,You (f.s),tas'kimi,Emergency,53
יסכים,,He/It,yas'kim,Emergency,53
תסכים,,She/It,tas'kim,Emergency,53
נסכים,,We,nas'kim,Emergency,53
תסכימו,,You (m.p),tas'kimu,Emergency,53
תסכמנה,,You (f.p),tas'kem'nah,Emergency,53
יסכימו,,They (m.p),yas'kimu,Emergency,53
תסכמנה,,They (f.p),tas'kem'nah,Emergency,53
אשלח,,"I Will Send, Dispatch (Qal)",esh'lakh,Emergency,53
תשלח,,You (m.s),tish'lakh,Emergency,53
תשלחי,,You (f.s),tish'l'khi,Emergency,53
ישלח,,He/It,yish'lakh,Emergency,53
תשלח,,She/It,tish'lakh,Emergency,53
נשלח,,We,nish'lakh,Emergency,53
תשלחו,,You (m.p),tish'l'khu,Emergency,53
תשלחנה,,You (f.p),tish'lakh'nah,Emergency,53
ישלחו,,They (m.p),yish'l'khu,Emergency,53
תשלחנה,,They (f.p),tish'lakh'nah,Emergency,53
אסתכל,,"I Will Look, Watch, Observe (ב-) (Hit.)",es'takel,Emergency,53
תסתכל,,You (m.s),tis'takel,Emergency,53
תסתכלי,,You (f.s),tis'tak'li,Emergency,53
יסתכל,,He/It,yis'takel,Emergency,53
תסתכל,,She/It,tis'takel,Emergency,53
נסתכל,,We,nis'takel,Emergency,53
תסתכלו,,You (m.p),tis'tak'lu,Emergency,53
תסתכלנה,,You (f.p),tis'takel'nah,Emergency,53
יסתכלו,,They (m.p),yis'tak'lu,Emergency,53
תסתכלנה,,They (f.p),tis'takel'nah,Emergency,53
אשתמש,,I Will Use (ב-) (Hitpael),esh'tamesh,Emergency,53
תשתמש,,You (m.s),tish'tamesh,Emergency,53
תשתמשי,,You (f.s),tish'tam'shi,Emergency,53
ישתמש,,He/It,yish'tamesh,Emergency,53
תשתמש,,She/It,tish'tamesh,Emergency,53
נשתמש,,We,nish'tamesh,Emergency,53
תשתמשו,,You (m.p),tish'tam'shu,Emergency,54
תשתמשנה,,You (f.p),tish'tamesh'nah,Emergency,54
ישתמשו,,They (m.p),yish'tam'shu,Emergency,54
תשתמשנה,,They (f.p),tish'tamesh'nah,Emergency,54
אתקשר,,Will Phone/Call (לא); Contact (םע) (Piel),eth'kasher,Emergency,54
תתקשר,,You (m.s),tit'kasher,Emergency,54
תתקשרי,,You (f.s),tit'kashri,Emergency,54
יתקשר,,He/It,yit'kasher,Emergency,54
תתקשר,,She/It,tit'kasher,Emergency,54
נתקשר,,We,nit'kasher,Emergency,54
תתקשרו,,You (m.p),tit'kash'ru,Emergency,54
תתקשרנה,,You (f.p),tit'kasher'nah,Emergency,54
יתקשרו,,They (m.p),yit'kash'ru,Emergency,54
תתקשרנה,,They (f.p),tit'kasher'nah,Emergency,54
אתקרב,,"I Will Come Closer, Approach (Hit.)",et'karev,Emergency,54
תתקרב,,You (m.s),tit'karev,Emergency,54
תתקרבי,,You (f.s),tit'kar'vi,Emergency,54
יתקרב,,He/It,yit'karev,Emergency,54
תתקרב,,She/It,tit'karev,Emergency,54
נתקרב,,We,nit'karev,Emergency,54
תתקרבו,,You (m.p),tit'kar'vu,Emergency,54
תתקרבנה,,You (f.p),tit'karev'nah,Emergency,54
יתקרבו,,They (m.p),yit'kar'vu,Emergency,54
תתקרבנה,,They (f.p),tit'karev'nah,Emergency,54
אתגעגע,,"Will Miss/Yearn (ל-), Long For (Hit.)",et'ga'agea,Emergency,54
תתגעגע,,You (m.s),tit'ga'agea,Emergency,54
תתגעגעי,,You (f.s),titga'ag'i,Emergency,54
יתגעגע,,He/It,yitga'agea,Emergency,54
תתגעגע,,She/It,titga'agea,Emergency,54
נתגעגע,,We,nitga'agea,Emergency,54
תתגעגעו,,You (m.p),titga'ag'u,Emergency,54
תתגעגענה,,You (f.p),titga'agana,Emergency,54
יתגעגעו,,They (m.p),yitga'ag'u,Emergency,54
תתגעגענה,,They (f.p),titga'agana,Emergency,54
אשתנה,,I Will Change (self) (Hitpael),esh'taneh,Emergency,54
תשתנה,,You (m.s),tish'taneh,Emergency,54
תשתני,,You (f.s),tish'tani,Emergency,54
ישתנה,,He/It,yish'taneh,Emergency,54
תשתנה,,She/It,tish'taneh,Emergency,54
נשתנה,,We,nish'taneh,Emergency,54
תשתנו,,You (m.p),tish'tanu,Emergency,54
תשתנינה,,You (f.p),tish'taneinah,Emergency,54
ישתנו,,They (m.p),yish'tanu,Emergency,54
תשתנינה,,They (f.p),tish'taneinah,Emergency,54
אצטרף,,I Will Join (Group/Organisation) (Hit.),etz'aref,Emergency,54
תצטרף,,You (m.s),titz'aref,Emergency,54
תצטרפי,,You (f.s),titz'tar'fi,Emergency,54
יצטרף,,He/It,yitz'aref,Emergency,54
תצטרף,,She/It,titz'aref,Emergency,54
נצטרף,,We,nitz'aref,Emergency,54
תצטרפו,,You (m.p),titz'tar'fu,Emergency,54
תצטרפנה,,You (f.p),titz'taref'nah,Emergency,54
יצטרפו,,They (m.p),yitz'tar'fu,Emergency,54
תצטרפנה,,They (f.p),titz'taref'nah,Emergency,54
אתקלח,,I Will Take A Shower (Hitpael),et'kaleakh,Emergency,55
תתקלח,,You (m.s),tit'kaleakh,Emergency,55
תתקלחי,,You (f.s),tit'kal'khi,Emergency,55
יתקלח,,He/It,yit'kaleakh,Emergency,55
תתקלח,,She/It,tit'kaleakh,Emergency,55
נתקלח,,We,nit'kaleakh,Emergency,55
תתקלחו,,You (m.p),tit'kal'khu,Emergency,55
תתקלחנה,,You (f.p),tit'kalakh'nah,Emergency,55
יתקלחו,,They (m.p),yit'kal'khu,Emergency,55
תתקלחנה,,They (f.p),tit'kalakh'nah,Emergency,55
אתנצל,,I Will Apologize (Hitpael),et'natzel,Emergency,55
תתנצל,,You (m.s),tit'natzel,Emergency,55
תתנצלי,,You (f.s),tit'natz'li,Emergency,55
יתנצל,,He/It,yit'natzel,Emergency,55
תתנצל,,She/It,tit'natzel,Emergency,55
נתנצל,,We,nit'natzel,Emergency,55
תתנצלו,,You (m.p),tit'natz'lu,Emergency,55
תתנצלנה,,You (f.p),tit'natzel'nah,Emergency,55
יתנצלו,,They (m.p),yit'natz'lu,Emergency,55
תתנצלנה,,They (f.p),tit'natzel'nah,Emergency,55
אתעלם,,"I Will Ignore, Disregard (מ-) (Hit.)",et'alem,Emergency,55
תתעלם,,You (m.s),tit'alem,Emergency,55
תתעלמי,,You (f.s),tit'al'mi,Emergency,55
יתעלם,,He/It,yit'alem,Emergency,55
תתעלם,,She/It,tit'alem,Emergency,55
נתעלם,,We,nit'alem,Emergency,55
תתעלמו,,You (m.p),tit'al'mu,Emergency,55
תתעלמנה,,You (f.p),tit'alem'nah,Emergency,55
יתעלמו,,They (m.p),yit'al'mu,Emergency,55
תתעלמנה,,They (f.p),tit'alem'nah,Emergency,55
אתכונן,,"I Will Prepare, Intend (Hitpael)",et'konen,Emergency,55
תתכונן,,You (m.s),tit'konen,Emergency,55
תתכונני,,You (f.s),tit'kon'ni,Emergency,55
יתכונן,,He/It,yit'konen,Emergency,55
תתכונן,,She/It,tit'konen,Emergency,55
נתכונן,,We,nit'konen,Emergency,55
תתכוננו,,You (m.p),tit'kon'nu,Emergency,55
תתכוננה,,You (f.p),tit'konenah,Emergency,55
יתכוננו,,They (m.p),yit'kon'nu,Emergency,55
תתכוננה,,They (f.p),tit'konenah,Emergency,55
אתחבר,,"I Will Connect, Join Together (Hit.)",et'khaber,Emergency,55
תתחבר,,You (m.s),tit'khaber,Emergency,55
תתחברי,,You (f.s),tit'khab'ri,Emergency,55
יתחבר,,He/It,yit'khaber,Emergency,55
תתחבר,,She/It,tit'khaber,Emergency,55
נתחבר,,We,nit'khaber,Emergency,55
תתחברו,,You (m.p),tit'khab'ru,Emergency,55
תתחברנה,,You (f.p),tit'khaber'nah,Emergency,55
יתחברו,,They (m.p),yit'khab'ru,Emergency,55
תתחברנה,,They (f.p),tit'khaber'nah,Emergency,55
רצוי,,"Wanted, Desirable",ratzuy,Passive,56
שבור,,Broken,shavur,Passive,56
אהוב,,Loved,ahuv,Passive,56
מופרע,,Disturbed,muf'ra,Passive,56
כתוב,,"Written, Inscribed",katuv,Passive,56
אכול,,"Eaten, Devoured",akhol,Passive,56
עשוי,,"Made Of; Made, Prepared",asuy,Passive,56
קשור,,"Tied, Related, Connected",kashur,Passive,56
נגוע,,Infected,nagu'a,Passive,56
ידוע,,Known,yadu'a,Passive,56
קנוי,,"Bought, Purchased",kanuy,Passive,56
שמור,,"Saved, Reserved; Preserved",shamur,Passive,56
חתוך,,"Cut, Cut Off; Sliced, Chopped",khatukh,Passive,56
צפוי,,"Anticipated, Expected",tzafuy,Passive,56
זכור,,"Recalled, Remembered",zakhur,Passive,56
מבושל,,"Cooked, Boiled",m'vushal,Passive,56
מנוסה,,Experienced,m'nuseh,Passive,56
מדובר,,"Discussed, Talked About",m'dubar,Passive,56
מעורבב,,Mixed,m'ur'bav,Passive,56
מבוזבז,,Wasted,m'buz'baz,Passive,56
משונה,,"Strange, Peculiar, Unusual",m'shuneh,Passive,56
ממולא,,"Filled, Stuffed",m'mula,Passive,56
משוכנע,,Convinced,m'shukh'na,Passive,56
מסודר,,Organized,m'sudar,Passive,56
משותף,,"Joined, Communal; Common/Joint",m'shutaf,Passive,56
מסוים,,"Particular, Specific",m'suyam,Passive,56
מקובל,,"Accepted, Popular; Customary",m'kubal,Passive,56
מורכב,,"Composed, Made Up Of",mur'kav,Passive,56
מוזמן,,Invited,muz'man,Passive,56
מוצלח,,Successful,mutz'lakh,Passive,56
מוחלף,,"Replaced, Exchanged",mukh'laf,Passive,56
מובן,,Understandable,muvan,Passive,56
מוחלט,,"Definitive, Total",mukh'lat,Passive,56
מוסבר,,"Explained, Clarified",mus'bar,Passive,56
מוגבל,,Restricted; Limited,mug'bal,Passive,56
מושפע,,"Influenced, Affected",mush'pa,Passive,56
מודאג,,Worried,mud'ag,Passive,56
מותאם,,"Compatible, Adapted, Suited",mut'am,Passive,56
עצמי,,Myself,atz'mi,Reflexive Pronoun,56
עצמך,,Yourself (m.s),atz'm'kha,Reflexive Pronoun,56
עצמך,,Yourself (f.s),atz'mekh,Reflexive Pronoun,56
עצמו,,Himself,atz'mo,Reflexive Pronoun,56
עצמה,,Herself,atz'mah,Reflexive Pronoun,56
עצמנו,,Ourselves,atz'menu,Reflexive Pronoun,56
עצמכם,,Yourselves (m.p),atz'm'khem,Reflexive Pronoun,56
עצמכן,,Yourselves (f.p),atz'm'khen,Reflexive Pronoun,56
עצמם,,Themselves (m.p),atz'mam,Reflexive Pronoun,56
עצמן,,Themselves (f.p),atz'man,Reflexive Pronoun,57
הקודם,,"The Previous, Former",hakodem,Reflexive Pronoun,57
על ידי,,By,al y'dei,Reflexive Pronoun,57
נראיתי,,"I Was Visible; Appeared, Seemed",nir'eiti,Reflexive Pronoun,57
נראית,,You (m.s),nir'eita,Reflexive Pronoun,57
נראית,,You (m.s),nir'eit,Reflexive Pronoun,57
נראה,,He/It,nir'ah,Reflexive Pronoun,57
נראתה,,She/It,nir'atah,Reflexive Pronoun,57
נראינו,,We,nir'einu,Reflexive Pronoun,57
נראיתם,,You (m.p),nir'eitem,Reflexive Pronoun,57
נראיתן,,You (f.p),nir'eiten,Reflexive Pronoun,57
נראו,,They,nir'u,Reflexive Pronoun,57
נכשל,,Stumbled; Failed,nikh'shal,Reflexive Pronoun,57
נגמר,,"Finished, Came To an End",nig'mar,Reflexive Pronoun,57
נכנס,,Entered,nikh'nas,Reflexive Pronoun,57
נאבד,,"Was Lost, Perished",ne'evad,Reflexive Pronoun,57
נשמע,,Was Heard; Obeyed,nish'ma,Reflexive Pronoun,57
נסגר,,"Was Closed, Was Shut",nis'gar,Reflexive Pronoun,57
נפתח,,Was Opened,nif'takh,Reflexive Pronoun,57
נאכל,,Was Eaten,ne'ekhal,Reflexive Pronoun,57
נכתב,,Was Written,nikh'tav,Reflexive Pronoun,57
נגרם,,Was Caused,nig'ram,Reflexive Pronoun,57
נקרא,,Was Read; Was Named,nik'ra,Reflexive Pronoun,57
נפגש,,"Met, Ran Into",nif'gash,Reflexive Pronoun,57
נשאל,,Was Asked; Was Borrowed,nish'al,Reflexive Pronoun,57
נעשה,,"Was Done, Became",na'asah,Reflexive Pronoun,57
ניתן,,Was Given,nitan,Reflexive Pronoun,57
נעלם,,Disappeared,ne'elam,Reflexive Pronoun,57
נפרד,,"Was Separated, Was Broken Up",nif'rad,Reflexive Pronoun,57
נשרף,,Was Burnt,nis'raf,Reflexive Pronoun,57
נשלח,,"Was Sent, Was Dispatched",nish'lakh,Reflexive Pronoun,57
נפגע,,"Was Hurt, Was Damaged",nif'ga,Reflexive Pronoun,57
נאמר,,Was Said,ne'emar,Reflexive Pronoun,57
נשאר,,"Stayed, Remained",nish'ar,Reflexive Pronoun,57
נהנה,)מן(,"Enjoyed, Had Fun (min)",nehenah (min),Reflexive Pronoun,57
שמיים,,Sky,shamayim (pl.),Nature,57
פרח,פרחים,Flower,perakh p'rakhim,Nature,57
עץ,עצים,Tree,etz etzim,Nature,57
יער,יערות,Forest,ya'ar y'arot,Nature,57
ים,ימים,Sea,yam yamim,Nature,57
דשא,דשאים,Grass,deshe d'sha'im,Nature,57
שיח,שיחים,"Bush, Shrub",siakh si'khim,Nature,57
אויר,אווירים,Air,avir avirim,Nature,57
שדה,שדות,Field,sadeh sadot,Nature,57
חול,חולות,Sand,khol kholot,Nature,57
כוכב,כוכבים,Star,khokhav kokhavim,Nature,57
ירח,ירחים,Moon,yareakh y'rekhim,Nature,58
טבע,,Nature,teva,Nature,58
נהר,נהרות,River,nahar n'harot,Nature,58
כוכב לכת,,Planet,khokhav lekhet,Nature,58
כדור הארץ,,Earth,kadur ha'aretz,Nature,58
חלל,חללים,Space,khalal khalalim,Nature,58
ורד,ורדים,Rose,vered v'radim,Nature,58
עלה,עלים,Leaf,aleh alim,Nature,58
נוף,נופים,"View, Scenery, Landscape",nof nofim,Nature,58
אקלים,אקלימים,Climate,ak'lim ak'limim,Nature,58
חום,,"Heat, Warmth",khom,Nature,58
הר,הרים,Mountain,har harim,Nature,58
יקום,יקומים,Universe,y'kum y'kumim,Nature,58
גז,גזים,Gas,gaz gazim,Nature,58
עשן,עשנים,Smoke,ashan ashanim,Nature,58
חומר,חומרים,"Substance, Material",khomer khomarim,Nature,58
מדבר,מדבריות,Desert,mid'bar mid'bariyot,Nature,58
צמח,צמחים,Plant,tzemakh tz'makhim,Nature,58
יבול,יבולים,Crop,y'vul y'vulim,Nature,58
אבק,אבקים,Dust,avak avakim,Nature,58
הר געש,הרי געש,Volcano,har ga'ash harei ga'ash,Nature,58
קרחון,קרחונים,"Iceberg, Glacier",kar'khon kar'khonim,Nature,58
צוק,צוקים,Cliff,tzuk tzukim,Nature,58
אש,אשים,Fire,esh ishim,Nature,58
אבן,אבנים,Stone,even avanim,Nature,58
אדמה,אדמות,"Ground, Earth",adamah adamot,Nature,58
קרקע,קרקעות,"Ground, Earth",kar'ka kar'ka'ot,Nature,58
קרח,,Ice,kerakh,Nature,58
גבעה,גבעות,Hill,giv'ah g'va'ot,Nature,58
מערה,מערות,"Cave, Cavern",m'arah m'arot,Nature,58
שקיעה,שקיעות,Sunset,shi'ki'ah sh'ki'ot,Nature,58
דיון,דיונים,Discussion,diyun diyunim,Decisions,58
ויכוח,ויכוחים,Argument,vikuakh vikukhim,Decisions,58
יתרון,יתרונות,Advantage,yit'ron yit'ronot,Decisions,58
חסרון,חסרונות,"Disadvantage, Drawback",khisaron khes'ronot,Decisions,58
דעה,דעות,"Opinion, Point Of View",de'ah de'ot,Decisions,58
טעות,טעויות,"Mistake, Mistake",ta'ut ta'uyot,Decisions,58
מסקנה,מסקנות,Conclusion,mas'kanah mas'kanot,Decisions,58
השלכה,השלכות,"Repercussion, Consequence",hash'lakhah hash'lakhot,Decisions,58
הצעה,הצעות,Suggestion,hatza'ah hatza'ot,Decisions,58
הסכמה,הסכמות,"Agreement, Accord",has'kamah has'kamot,Decisions,58
עדיף,,Preferable (m.s),adif,Decisions,58
לפי דעתי,,In My Opinion (Interj),l'fi da'ti,Decisions,58
לפי,,By (Prep),l'fi,Decisions,58
לגבי,,"Regarding, In Regards (Prep)",l'gabei,Decisions,58
להביע,,"To Express, Convey (Hifil)",l'habi'a,Decisions,58
תהה,,To Wonder/Be Amazed; Ponder (Qal),tahah,Decisions,58
לבחור,,To Choose (Qal),liv'khor,Decisions,58
אכול,,Eat! (2.m.s) (Qal),ekhol,Imperatives 2,59
סגור,,"Close!, Shut! (2.m.s) (Qal)",s'gor,Imperatives 2,59
בוא נלך,,Let's Go! (1.c.p - fut.) (Qal),bo nelekh,Imperatives 2,59
בוא נעשה,,"Let's Do!, Make! (1.c.p - fut.) (Qal)",bo na'aseh,Imperatives 2,59
בוא ננסה,,Let's Try! Attempt! (1.c.p - fut.) (Piel),bo n'naseh,Imperatives 2,59
בוא נראה,,Let's See! (1.c.p - fut.) (Qal),bo nir'eh,Imperatives 2,59
בוא נדבר,,Let's Talk! Speak! (1.c.p - fut.) (Piel),bo n'daber,Imperatives 2,59
בוא נגיד,,Let's Say! (1.c.p - fut.) (Hifil),bo nagid,Imperatives 2,59
חזור,,Return! (Intransitive) (2.m.s) Qal),khazor,Imperatives 2,59
חתוך,,"Cut!, Slash! (2.m.s) (Qal)",khatokh,Imperatives 2,59
עמוד,,Stand! (2.m.s) (Qal),amod,Imperatives 2,59
כבד,,"Respect!, Honour! (2.m.s) (Qal)",kabed,Imperatives 2,59
בקר,)ב-(,Visit! (b-) (2.m.s) (Qal),baker (b-),Imperatives 2,59
שבור,,"Break!, Shatter! (2.m.s) (Qal)",sh'vor,Imperatives 2,59
לבש,,Wear/Put On! (Garment) (2.m.s) (Qal),l'vash,Imperatives 2,59
שאל,,Ask!; Borrow! (2.m.s) (Qal),sh'al,Imperatives 2,59
ספר,,Tell! (Story) (2.m.s) (Piel),saper,Imperatives 2,59
ענה,,"Answer!, Reply! (2.m.s) (Qal)",aneh,Imperatives 2,59
הישאר,,"Stay!, Remain! (Nifal)",hisha'er,Imperatives 2,59
היכנס,,Enter! (Nifal),hikhanes,Imperatives 2,59
היפגש,,"Meet!, Run Into! (Nifal)",hipagesh,Imperatives 2,59
רגש,רגשות,"Emotion, Feeling",regesh r'gashot,Feelings,60
הלם,הלמים,"Shock, Trauma",helem helemim,Feelings,60
אושר,,Happiness,osher,Feelings,60
דמעה,דמעות,Tear,dim'ah d'ma'ot,Feelings,60
נשיקה,נשיקות,Kiss,n'shikah n'shikot,Feelings,60
משועמם,,Bored (m.s),m'shu'amam,Feelings,60
מדוכא,,Depressed (m.s),m'duka,Feelings,60
מאושר,,Happy (m.s),m'ushar,Feelings,60
מאוהב,)ב-(,In Love (With) (m.s),m'ohav b-,Feelings,60
מופתע,,Surprised (m.s),muf'ta,Feelings,60
דוחה,,Repulsive (m.s),dokheh,Feelings,60
אופטימי,,Optimistic (m.s),op'timi,Feelings,60
פסימי,,Pessimistic (m.s),pesimi,Feelings,60
מביך,,Embarrassing (m.s),mevikh,Feelings,60
רגוע,,Calm (m.s),ragu'a,Feelings,60
מבולבל,,Confused (m.s),m'vul'bal,Feelings,60
חסר-אונים,,Helpless (m.s),khasar onim,Feelings,60
עוין,,Hostile (m.s),oyen,Feelings,60
שובב,,"Naughty, Cheeky (m.s)",shovav,Feelings,60
פגוע,,Offended (m.s),pagu'a,Feelings,60
דחוי,,Rejected (m.s),dakhuy,Feelings,60
ביישן,,Shy (m.s),bai'shan,Feelings,60
רגיש,,"Sensitive, Emotional (m.s)",ragish,Feelings,61
בודד,,Lonely (m.s),boded,Feelings,61
להצטער,,"To Be Sorry, Regret (Hitpael)",l'hitz'taer,Feelings,61
להיעלב,,"To Be Offended, Insulted (Nifal)",l'he'alev,Feelings,61
לנשק,,To Kiss (Piel),l'nashek,Feelings,61
לחבק,,"To Hug, Embrace (Piel)",l'khabek,Feelings,61
לנחם,,"To Comfort, Console (Piel)",l'nakhem,Feelings,61
לצפות,,"To Expect, Await (Piel)",l'tzapot,Feelings,61
לבכות,,"To Cry, Weep (Qal)",liv'kot,Feelings,61
להתלהב,,To Be Enthusiastic (Hitpael),l'hit'lahev,Feelings,61
להעריץ,,"To Adore, Admire (Hifil)",l'ha'aritz,Feelings,61
משולש,משולשים,Triangle,m'shulash m'shulashim,Geometry,61
ריבוע,ריבועים,Square,ribu'a ribu'im,Geometry,61
עיגול,עיגולים,Circle,igul igulim,Geometry,61
מלבן,מלבנים,Rectangle,mal'ben mal'b'nim,Geometry,61
קו,קווים,Line,kav kavim,Geometry,61
מרובע,מרובעת,Quadrilateral,m'ruba m'ruba'at,Geometry,61
קודקוד,קודקודים,Vertex,kad'kom kad'konim,Geometry,61
טרפז,טְרפזים,Trapezoid,t'rapez t'rapezim,Geometry,61
מעין,,Rhombus,m'uyan,Geometry,61
מחומש,מחומשים,Pentagon,m'khumash m'khumashim,Geometry,61
משושה,משושים,Hexagon,m'shusheh m'shushim,Geometry,61
אורך,אורכי,Length,orekh ar'khi,Geometry,61
רוחב,,Width,rokhav,Geometry,61
גובה,גבהים,Height,govah g'vahim,Geometry,61
עמק,עומקים,Depth,omek omakim,Geometry,61
משטח,משטחים,"Surface, Plane (Surface)",mish'takh mish'takhim,Geometry,61
נפח,נפחים,Volume,nefakh n'fakhim,Geometry,61
מטר,מטרים,Meter,meter met'rim,Geometry,61
בקילומטרים,,In Kilometers,bakilomet'rim,Geometry,61
סנטימטר,סנטימטרים,Centimeter,sen'timeter sen'timeterim,Geometry,61
מילימטר,מילימטרים,Millimeter,milimeter milimet'rim,Geometry,61
סרגל,סרגלים,Ruler,sar'gel sar'g'lim,Geometry,61
מקביל,מקבילים,Parallel,mak'bil mak'bilim,Geometry,61
צורה,צורות,"Shape, Form",tzurah tzurot,Geometry,61
אליפסה,אליפסות,Ellipse,elip'sah elip'sot,Geometry,61
זויות,זוויות,Angle,zavit zaviyot,Geometry,61
צלע,צלעות,"Side, Edge",tzela tz'la'ot,Geometry,61
גיאומטריה,,Geometry,je'omet'r'yah,Geometry,61
מקבילית,מקביליות,Parallelogram,mak'bilit mak'biliyot,Geometry,61
טריגונומטריה,,Trigonometry,t'rigonomet'r'yah,Geometry,61
יחידת מידה,יחידות מידה,Unit of Measure,y'khidah midah y'khidot midah,Geometry,61
למדוד,,"To Measure, Try (Clothes) (Qal)",lim'dod,Geometry,61
כבוד,,"Honour, Respect, Dignity",kavod,Abstract Objects 2,62
מאמץ,מאמצים,"Effort, Strain",ma'amatz ma'amatzim,Abstract Objects 2,62
אופי,אופיים,Character; Personality,ofi ofayim,Abstract Objects 2,62
מקור,מקורות,"Source, Origin",makor m'korot,Abstract Objects 2,62
כיוון,כיוונים,Direction,kivun kivunim,Abstract Objects 2,62
סוד,סודות,Secret,sod sodot,Abstract Objects 2,62
ניסיון,ניסיונות,Experience,nisayon nis'yonot,Abstract Objects 2,62
נזק,נזקים,Damage,nezek n'zakim,Abstract Objects 2,62
סמל,סמלים,"Symbol, Icon",semel s'malim,Abstract Objects 2,62
כוח,כוחות,"Power, Strength",koakh kokhot,Abstract Objects 2,62
ספק,ספקות,Doubt,safek s'fekot,Abstract Objects 2,62
פחד,פחדים,Fear,pakhad p'khadim,Abstract Objects 2,62
הומור,,Humour,humor,Abstract Objects 2,62
ביטוי,ביטויים,"Expression, Phrase, Idiom",bituy bituyim,Abstract Objects 2,62
רצח,רציחות,Murder,retzakh r'tzikhot,Abstract Objects 2,62
חיוך,חיוכים,Smile,khiyukh khiyukhim,Abstract Objects 2,62
צל,צללים,"Shadow, Shade",tzel tz'lalim,Abstract Objects 2,62
זיכרון,זיכרונות,Memory,zikaron zikh'ronot,Abstract Objects 2,62
הפסד,הפסדים,"Loss, Damages",hef'sed hef'sedim,Abstract Objects 2,62
ניצחון,ניצחונות,Victory,nitzakhon nitz'khonot,Abstract Objects 2,62
שקר,שקרים,Lie,sheker sh'karim,Abstract Objects 2,62
חוש,חושים,Sense,khush khushim,Abstract Objects 2,62
הבדל,הבדלים,Difference,hev'del hev'dalim,Abstract Objects 2,62
בסיס,בסיסים,Basis,basis b'sisim,Abstract Objects 2,62
יופי,,Beauty,yofi,Abstract Objects 2,62
מזל,,Luck,mazal,Abstract Objects 2,62
תועלת,,Value,to'elet,Abstract Objects 2,62
תשומת לב,,Attention,t'sumat lev,Abstract Objects 2,62
רשות,רשויות,Permission,r'shut r'shuyot,Abstract Objects 2,62
מציאות,מציאויות,Reality; Existence,m'tzi'ut m'tzi'uyot,Abstract Objects 2,62
התנהגות,התנהגויות,"Behaviour, Conduct",hit'nahagut hit'nahaguyot,Abstract Objects 2,62
חתימה,חתימות,Signature,khatimah khatimot,Abstract Objects 2,62
עמדה,עמדות,Position,em'dah adamot,Abstract Objects 2,62
אחריות,אחריויות,Responsibility,akharayut akharayuyot,Abstract Objects 2,62
גישה,גישות,"Approach, Attitude",gishah gishot,Abstract Objects 2,62
מסורת,מסורות,Tradition,masoret masorot,Abstract Objects 2,62
שנאה,,Hatred,shin'ah,Abstract Objects 2,62
סכנה,סכנות,Danger,sakanah sakanot,Abstract Objects 2,62
הנאה,הנאות,Enjoyment,hana'ah hana'ot,Abstract Objects 2,62
הפתעה,הפתעות,Surprise,haf'ta'ah haf'ta'ot,Abstract Objects 2,62
נפילה,נפילות,fall,n'filah n'filot,Abstract Objects 2,62
אמת,אמיתות,Truth,emet amitot,Abstract Objects 2,62
טובה,טובות,"Favour, Kindness",tovah tovot,Abstract Objects 2,62
תכונה,תכונות,"Trait, Quality",t'khunah t'khunot,Abstract Objects 2,62
תשוקה,תשוקות,Desire,t'shukah t'shukot,Abstract Objects 2,62
זהות,זהויות,Identity,zehut zehuyot,Abstract Objects 2,62
חשיבות,,Importance,khashivut,Abstract Objects 2,62
עדיפות,עדיפויות,Priority,adifut adifuyot,Abstract Objects 2,62
להאמין,,"To Believe, Trust (Hifil)",l'ha'amin,Infinitives 2,63
להשפיע,)על(,To Influence (al) (Hifil),l'hashpi'a (al),Infinitives 2,63
להגדיל,,"To Increase, Expand (Trans.) (Hifil)",l'hag'dil,Infinitives 2,63
לשפר,,To Improve (Something) (Piel),l'shaper,Infinitives 2,63
להמשיך,,"To Continue, Go On (Hifil)",l'ham'shikh,Infinitives 2,63
להגדיר,,To Define (Hifil),l'hag'dir,Infinitives 2,63
לענות,,"To Answer, Reply (Qal)",la'anot,Infinitives 2,63
לכסות,,"To Cover, Conceal (Piel)",l'khasot,Infinitives 2,63
לאפשר,,"To Allow, Enable, Make Possible (Piel)",l'afsher,Infinitives 2,63
לנצח,,To Win; Overcome (Piel),l'natzeakh,Infinitives 2,63
לפתח,,"To Develop (Something), Invent (Piel)",l'fateakh,Infinitives 2,63
לסיים,,"To Finish, Complete (Piel)",l'sayem,Infinitives 2,63
להרגיש,,"To Feel, Sense (Hifil)",l'har'gish,Infinitives 2,63
להבין,,To Understand (Hifil),l'havin,Infinitives 2,63
למות,,To Die (Qal),lamut,Infinitives 2,63
להסכים,,"To Agree, Consent (Hifil)",l'has'kim,Infinitives 2,63
לחכות,)ל-(,"To Wait, Wait For (l-) (Piel)",l'khakot (l-),Infinitives 2,63
לסרב,,"To Refuse, Decline, Reject (Piel)",l'sarev,Infinitives 2,63
להסביר,,"To Explain, Clarify (Hifil)",l'has'bir,Infinitives 2,63
להגיב,,"To React, Retaliate (Hifil)",l'hagiv,Infinitives 2,63
להפסיד,,"To Lose (Game, Money) (Hifil)",l'haf'sid,Infinitives 2,63
לקרוא,)ב-( )ל-(,"To Read (b-), Call (l-) (Qal)",lik'ro (b-) (l-),Infinitives 2,63
להשתמש,)ב-(,To Use (b-) (Hitpael),l'hish'tamesh (b-),Infinitives 2,63
להתאושש,,"To Recover, Regain Strength (Hitpael)",l'hit'oshesh,Infinitives 2,63
לזכור,,To Remember (Qal),liz'kor,Infinitives 2,63
לפגוש,,"To Meet, Encounter (Qal)",lif'gosh,Infinitives 2,63
לטוס,,To Fly (Plane) (Qal),latus,Infinitives 2,63
לעצור,,"To Stop, Halt (Qal)",la'atzor,Infinitives 2,63
לעזוב,,"To Leave, Abandon (Qal)",la'azov,Infinitives 2,63
להישאר,,"To Stay, Remain (Nifal)",l'hisha'er,Infinitives 2,63
לבנות,,"To Build, Construct (Qal)",liv'not,Infinitives 2,63
לשבור,,"To Break, Shatter (Qal)",lish'bor,Infinitives 2,63
לגרום,,"To Cause, Produce (Qal)",lig'rom,Infinitives 2,63
לאהוב,,To Love (Qal),l'ehov,Infinitives 2,63
לשקול,,To Weigh; Consider (Qal),lish'kol,Infinitives 2,63
לחשוב,,To Think (Qal),lakh'shov,Infinitives 2,63
להרגיש,,"To Feel, Sense (Hifil)",l'har'gish,Infinitives 2,63
להחמיץ,,To Miss (Opportunity) (Hifil),l'hakh'mitz,Infinitives 2,63
ראש-ממשלה,ראשי-ממשלה,Prime Minister,rosh mem'shalah rashei mem'shalah,Construct State 2,63
כלי-נשק,כלי-נשק,Weapon,k'li neshek k'lei neshek,Construct State 2,63
שומר-ראש,שומרי-ראש,Bodyguard,shomer rosh shom'rei rosh,Construct State 2,63
פסק-זמן,,Timeout,pesek z'man,Construct State 2,63
נהג-מונית,נהגי-מונית,Taxi Driver,nahag monit nahagi munit,Construct State 2,63
מגדל-שמירה,מגדלי-שמירה,Watch Tower,migdal sh'mirah mig'd'lei sh'mirah,Construct State 2,63
שעון-עצר,שעוני-עצר,Stopwatch,sha'on atzar she'oni atzar,Construct State 2,63
בית-מלאכה,בתי-מלאכה,Workshop,beit m'la'khah batei m'la'khah,Construct State 2,63
אוצר-מילים,,Vocabulary,otzar milim,Construct State 2,63
ארגז-כלים,ארגּזי-כלים,Toolbox,ar'gaz kelim ar'g'rei kelim,Construct State 2,64
תיבת-דואר,תיבות-דואר,Mailbox,teivat do'ar tevot do'ar,Construct State 2,64
משרד ראש-הממשלה,,The PM's Office,mish'rad rosh hamem'shalah,Construct State 2,64
חלון חדר-האורחים,,The Window of the Guestroom,khalon kheder ha'or'khim,Construct State 2,64
חגורת-בטיחות חגורות-בטיחות,,Safety/Seat Belt,khagorat b'tikhut khagurot b'tikhut,Construct State 2,64
תולעת-ספרים,תולעי-ספרים,Bookworm,tola'at s'farim tola'ei s'farim,Construct State 2,64
הפסקת-אוכל,הפסקות-אוכל,Lunch/Food Break,haf'sakat okhel haf'sakot okhel,Construct State 2,64
שטיפת-מוח,,Brainwash,sh'tifat mo'akh,Construct State 2,64
פניית-פרסה,,U-Turn,p'niyat par'sah,Construct State 2,64
מברשת-שיניים מברשות-שיניים,,Toothbrush,miv'reshet shinayim,Construct State 2,64
משחת-שיניים משחות שנים,,Toothpaste,mish'khat shinayim mish'khot shinayim,Construct State 2,64
סכין-גילוח,סביני גילות,(Shaving) Razor,sakin giluakh sakinei giluakh,Construct State 2,64
עוגת יום-הולדת עוגות יום-הולדת,,Birthday Cake,ugat yom-huledet ugot yom-huledet,Construct State 2,64
לו,,If (Haven't/Can't Happen) (Conj),lu,Conditional,64
אילו,,If (Haven't/Can't Happen) (Conj),ilu,Conditional,64
לולא,,If Not (Conj),lule,Conditional,64
אילולא,,If Not (Conj),ilule,Conditional,64
היה יכול,,Could Have (Conditional) (Qal),hayah yakhol,Conditional,64
היה צריך,,Should Have (Conditional) (Adj),hayah tzarikh,Conditional,64
הייתי,,I Was (1.c.s) (Qal),hayiti,Conditional,64
היית,,You Were (2.m.s) (Qal),hayita,Conditional,64
היית,,You Were (2.f.s) (Qal),hayit,Conditional,64
היה,,He Was (3.m.s) (Qal),hayah,Conditional,64
הייתה,,She Was (3.f.s) (Qal),hai'tah,Conditional,64
היינו,,We Were (1.c.p) (Qal),hayinu,Conditional,64
הייתם,,You Were (2.m.p) (Qal),heyitem,Conditional,64
הייתן,,You Were (2.f.p) (Qal),heyiten,Conditional,64
היו,,They Were (3.c.p) (Qal),hayu,Conditional,64
ראש,ראשים,Head,rosh rashim,Medical,64
לב,לבבות,Heart,lev l'vavot,Medical,64
חזה,חזות,"Chest, Breast",khazeh khazot,Medical,64
צוואר,צווארים,Neck,tzavar tzavarim,Medical,64
שיער,שערות,Hair,se'ar s'arot,Medical,64
מרפק,מרפקים,Elbow,mar'pek mar'p'kim,Medical,64
פנים,,Face,panim,Medical,64
עור,עורות,Skin,or orot,Medical,64
גב,גבות,Back,gav gabot,Medical,64
גוף,גופים,Body; Person (Grammar),guf gufim,Medical,64
מוח,מוחות,Brain; Mind,moakh mokhot,Medical,64
פה,פיות,Mouth,peh piyot,Medical,64
אף,אפים,Nose,af apim,Medical,64
שריר,שרירים,Muscle,sh'rir sh'ririm,Medical,64
מטופל,מטופלים,Patient,m'tupal m'tupalim,Medical,64
וירוס,וירוסים,Virus,virus virusim,Medical,64
איבר,איברים,Organ,eivar eivarim,Medical,64
חלום,חלומות,Dream,khalom khalomot,Medical,64
כאב,כאבים,"Pain, Ache",k'ev k'evim,Medical,65
טיפול,טיפולים,Treatment,tipul tipulim,Medical,65
דם,דמים,Blood,dam damim,Medical,65
לחץ,לחצים,Pressure,lakhatz l'khatzim,Medical,65
הריון,הריונות,Pregnancy,herayon her'yonot,Medical,65
סם,סמים,"Drug, Narcotic",sam samim,Medical,65
סרטן,סרטנים,Cancer,sar'tan sar'tanim,Medical,65
ניתוח,ניתוחים,"Surgery, Operation",nituakh nitukhim,Medical,65
יד,ידיים,Hand,yad yadayim,Medical,65
עין,עיניים,Eye,ayin einayim,Medical,65
זרוע,זרועות,Arm,z'roa z'ro'ot,Medical,65
אצבע,אצבעות,Finger,etz'ba etz'ba'ot,Medical,65
אוזן,אוזניים,Ear,ozen oz'nayim,Medical,65
כף-יד,,Palm (And Back of Hand),kaf yad,Medical,65
בטן,בטנים,"Abdomen, Belly",beten b'tanim,Medical,65
לשון,לשונות,"Tongue, Language",lashon l'shonot,Medical,65
שן,שיניים,Tooth,shen shinayim,Medical,65
רגל,רגליים,Leg; Foot,regel rag'layim,Medical,65
עצם,עצמות,Bone,etzem atzamot,Medical,65
כף-רגל,כפות רגליים,Foot,kaf releg kafot rag'layim,Medical,65
ברך,ברכיים,Knee,berekh bir'khayim,Medical,65
כתף,כתפיים,Shoulder,katef k'tafayim,Medical,65
מחלה,מחלות,Disease,makhalah makhalot,Medical,65
גולגולת,גולגלות,"Skull, Cranium",gul'golet gul'galot,Medical,65
תרופה,תרופות,"Medicine, Remedy",t'rufah t'rufot,Medical,65
אחות,אחיות,Nurse,akhot akhayot,Medical,65
שפה,שפתיים,Lip,safah s'fatayim,Medical,65
מרפאה,מרפאות,Clinic,mir'pa'ah mir'pa'ot,Medical,65
רפואה,רפואות,Medicine (Field),r'fu'ah r'fu'ot,Medical,65
בריאות,,Health,b'ri'ut,Medical,65
דיאטה,דיאטות,Diet,di'etah di'etot,Medical,65
לידה,,Birth,leidah,Medical,65
חולה,,Sick (m.s),kholeh,Medical,65
אומר,,I Will Say (1.c.s) (Qal),omar,Future 2,65
תאמר,,You (m.s),to'mar,Future 2,65
תאמרי,,You (f.s),tom'ri,Future 2,65
יאמר,,He/It,yo'mar,Future 2,65
תאמר,,She/It,to'mar,Future 2,65
נאמר,,We,no'mar,Future 2,65
תאמרו,,You (m.p),tom'ru,Future 2,65
תאמרנה,,You (f.p),tomar'nah,Future 2,65
יאמרו,,They (m.p),yom'ru,Future 2,65
תאמרנה,,They (f.p),tomar'nah,Future 2,65
יעבדו,,They Will Work (3.m.p) (Qal),ya'av'du,Future 2,65
תמצא,,"You'll Find, Encounter (3.f.s) (Qal)",tim'tza,Future 2,65
ימכור,,He/It Will Sell (3.m.s) (Qal),yim'kor,Future 2,65
יחזרו,,They Will Return (Intr.) (3.m.p) (Qal),yakh'z'ru,Future 2,65
ידע,,He/It Will Know (3.m.s) Qal),yeda,Future 2,65
ילמדו,,"They Will Learn, Study (3.m.p) (Qal)",yil'm'du,Future 2,66
תשכח,,You Will Forget (2.m.s) (Qal),tish'kakh,Future 2,66
יקרא,)ב-(,He/It Will Read (b-) (3.m.s) (Qal),yik'ra (b-),Future 2,66
יקח,,He/It Will Take (3.m.s) (Qal),yikakh,Future 2,66
אעצור,,"I'll Stop, Halt (Qal)",e'etzor,Future 2,66
ישימו,,"They Will Put, Put On (3.m.p) (Qal)",yasimu,Future 2,66
ירצה,,He/It Will Want (Qal),yir'tzeh,Future 2,66
יציע,,"He/It Will Suggest, Offer (3.m.s) (Hifil)",yatzi'a,Future 2,66
אערבב,,"I'll Mix, Mess Up (Piel)",a'ar'bev,Future 2,66
תרגיש,,You Will Feel (2.m.s) (Hifil),tar'gish,Future 2,66
ימשיך,,He/It Will Continue (3.m.s) (Hifil),yam'shikh,Future 2,66
נחליף,,"We Will Replace, Exchange (Hifil)",nakh'lif,Future 2,66
יתפלל,,He/It Will Pray (3.m.s) Hitpael),yit'palel,Future 2,66
יוכל,,"He/It Will Be Able, Can (3.m.s) (Qal)",yukhal,Future 2,66
ימלא,,He/It Will Fill (3.m.s) (Piel),y'male,Future 2,66
ילמד,,"He/It Will Learn, Study (3.m.s) (Qal)",yil'mad,Future 2,66
תחכה,,He/It Will Await (2.m.s) (Piel),t'khakeh,Future 2,66
ננצח,,We Will Win (1.c.p) (Piel),n'natzakh,Future 2,66
יבקשו,,"They Will Ask, Request (3.m.p) (Piel)",y'vak'shu,Future 2,66
אקווה,,I Will Hope (1.c.s) (Piel),akaveh,Future 2,66
יעזור,,He/It Will Help (3.m.s) (Qal),ya'azor,Future 2,66
יגעו,)ב-(,They Will Touch (b-) (3.m.p) (Qal),yig'u (b-),Future 2,66
תסגור,,She/It Will Close (3.f.s) (Qal),tis'gor,Future 2,66
אפתח,,"I Will Open, Unlock (Qal)",ef'takh,Future 2,66
יספרו,,They Will Tell (Story) (3.m.p) (Piel),y'sap'ru,Future 2,66
ישאל,,He/It Will Ask; Borrow (3.m.s) (Qal),yish'al,Future 2,66
אשבור,,"I Will Break, Shatter (Qal)",esh'bor,Future 2,66
יצליחו,,They Will Succeed (3.m.p) (Qal),yatz'likhu,Future 2,66
אלוהים,,God,elohim,Religion,66
יהודי,יהודים,Jew,y'hudi y'hudim,Religion,66
נוצרי,נוצריים,Christian,notz'ri notz'riyim,Religion,66
מוסלמי,מוסלמים,Muslim,mus'l'mi mus'l'mim,Religion,66
בודהיסטי,בודהיסטים,Buddhist,bud'his'ti bud'his'tim,Religion,66
מלאך,מלאכים,Angel,mal'akh mal'akhim,Religion,66
אל,אלים,God,el elim,Religion,66
אסלאם,,Islam,is'lam,Religion,66
מקדש,מקדשים,"Temple, Sanctuary",mik'dash mik'dashim,Religion,66
משיח,משיחים,Messiah,mashiakh m'shikhim,Religion,66
הר הבית,,Temple Mount,har habayit,Religion,66
מסגד אל-אקצא,,Al-Aqsa Mosque,mis'gad el-aktza,Religion,66
הר ציון,,Mount Zion,har tziyon,Religion,66
הר הזיתים,,Mount of Olives,har hazeitim,Religion,66
הכותל המערבי,,The Western Wall,hakotel hama'aravi,Religion,66
דת,דתות,Religion,dat datot,Religion,66
אמונה,אמונות,"Faith, Belief",emunah emunot,Religion,66
תפילה,תפילות,Prayer,t'filah t'filot,Religion,66
נצרות,,Christianity,natz'rut,Religion,67
נשמה,נשמות,Soul,n'shamah n'shamot,Religion,67
יהדות,,Judaism,yahadut,Religion,67
כיפת הסלע,,Dome of the Rock,kipat hasela,Religion,67
כנסיית הקבר,,Church of the Holy Sepulchre,k'nesiyat hakever,Religion,67
מערת המכפלה,,Cave of the Patriarchs,m'arat hamakh'pelah,Religion,67
דתי,,Religious (m.s),dati,Religion,67
רוחני,,Spiritual (m.s),rukhani,Religion,67
יהודי,,Jewish (m.s),y'hudi,Religion,67
חילוני,,Secular (m.s),khiloni,Religion,67
קדוש,,Holy (m.s),kadosh,Religion,67
סגנון,סגנונות,Style,sig'non sig'nonot,Arts,67
צילום,צילומים,Photography,tzilum tzilumim,Arts,67
צלם,צלמים,Photographer,tzalam tzalamim,Arts,67
ריקוד,ריקודים,Dance,rikud rikudim,Arts,67
רקדן,רקדנים,Dancer,rak'dan rak'danim,Arts,67
קהל,קהלים,"Audience, Crowd",kahal k'halim,Arts,67
אוסף,אוספים,"Collection, Assortment",osef osafim,Arts,67
איור,איורים,Illustration,iyur iyurim,Arts,67
מכחול,מכחולים,Paintbrush,mikh'khol mikh'kholim,Arts,67
ציור,ציורים,Painting,tziyur tziyurim,Arts,67
תיאטרון,תיאטרונים,"Theatre, Theater",te'at'ron te'atronim,Arts,67
סטודיו,סטודיוס,Studio,s'tud'yo s'tud'iyos,Arts,67
פסל,פסלים,Sculpture,pesel p'salim,Arts,67
מפיק,מפיקים,Producer,mefik m'fikim,Arts,67
תסריט,תסריטים,Script,tes'rit tas'ritim,Arts,67
אולפן,אולפנים,Studio,ul'pan ul'panim,Arts,67
פסקול,פסקולים,Soundtrack,pas'kol pas'kolim,Arts,67
אפקט,אפקטים,Effect,efek't efek'tim,Arts,67
סרט,סרטים,Film,seret s'ratim,Arts,67
מצלמה,מצלמות,Camera,matz'lemah matz'lemot,Arts,67
אמנות,אומנויות,Art,omanut omanuyot,Arts,67
דמות,דמויות,"Character, Figure",d'mut d'muyot,Arts,67
ספרות,ספרויות,Literature,sif'rut sif'ruyot,Arts,67
אופנה,אופנות,Fashion,of'nah of'not,Arts,67
שירה,שירות,Poetry,shirah shirot,Arts,67
גלריה,גלריות,Gallery,galer'yah galer'yot,Arts,67
הצגה,הצגות,"Show (Theater), Performance",hatzagah hatzagot,Arts,67
במה,במות,"Stage, Platform",bamah bamot,Arts,67
אל,,No; Not (Particle),al,Arts,67
אל תהיה,,Don't Be (Qal),el tih'yeh,Arts,67
אל תיגע,)ב-(,Don't Touch (b-) (Qal),el ti'ga (b-),Arts,67
אל תאמר,,"Don't Tell, Say (Qal)",el to'mar,Arts,67
אל תעשה,,"Don't Do, Make, Create (Qal)",el ta'aseh,Arts,67
אל תיקח,,Don't Take (Qal),el tikakh,Arts,67
אל תיתן,,"Don't Let, Allow, Give (Qal)",el titen,Arts,67
אל תסגור,,"Don't Close, Shut (Qal)",el tis'gor,Arts,68
אל תפתח,,"Don't Open, Unlock (Qal)",el tif'takh,Arts,68
אל תלך,,Don't Go (Qal),el telekh,Arts,68
אל תעמוד,,Don't Stand (Qal),el ta'amod,Arts,68
אל תשכח,,Don't Forget (Qal),el tish'kakh,Arts,68
אל תשלח,,"Don't Send, Dispatch (Qal)",el tish'lakh,Arts,68
אל תספר,,"Don't Tell (Story), Relate (Piel)",el t'saper,Arts,68
אל תנסה,,"Don't Try, Attempt (Piel)",el t'naseh,Arts,68
אל תשנה,,Don't Change (Something) (Piel),el t'shaneh,Arts,68
אל תדבר,,"Don't Speak, Talk (Piel)",el t'daber,Arts,68
אל תשאל,,Don't Ask; Borrow (Qal),el tish'al,Arts,68
אל תערבב,,"Don't Mix, Mess Up (Piel)",el t'ar'bev,Arts,68
אל תחכה,,Don't Await (Piel),el t'khakeh,Arts,68
אל תקשיב,,Don't Listen; Pay Attention (Hifil),el tak'shiv,Arts,68
אל תרגיש,,"Don't Feel, Sense (Hifil)",el tar'gish,Arts,68
אל תתחיל,,"Don't Start, Begin (Hifil)",el tat'khil,Arts,68
אל תגיע,,"Don't Come, Arrive (Hifil)",el tagi'a,Arts,68
אל תסביר,,"Don't Explain, Clarify (Hifil)",el tas'bir,Arts,68
אל תחליט,,Don't Decide (Hifil),el takh'lit,Arts,68
אל תשתה,,Don't Drink (Qal),el tish'teh,Arts,68
אל תאכל,,Don't Eat (Qal),el tokhal,Arts,68
אל תתעלם,)מ-(,"Don't Ignore, Disregard (mi-) (Hitpael)",el tit'alem (mi-),Arts,68
אל תשתמש,)ב-(,Don't Use (b-) (Hitpael),el tish'tamesh (b-),Arts,68
חיפוש,חיפושים,Search,khipus khipusim,Technology,68
אתר,אתרים,"Site, Website",atar atarim,Technology,68
עמוד-בית,עמודי-בית,Homepage,amud bayit amudei bayit,Technology,68
אינטרנט,,Internet,in'ter'net,Technology,68
דפדפן,דפדפנים,Browser,daf'd'fan daf'd'fanim,Technology,68
נתונים,,Data,n'tunim,Technology,68
באג,באגים,Bug,bag b'gim,Technology,68
מתכנת,מתכנתים,Programmer,m'takh'net m'takh'netim,Technology,68
מחשב נייד,מחשבים ניידים,Laptop makh'shev,nayad makh'shevim nayadim,Technology,68
קובץ,קבצים,File,kovetz k'vatzim,Technology,68
מייל,מיילים,E-Mail,mei'l mei'lim,Technology,68
בלוג,בלוגים,Blog,b'log b'logim,Technology,68
ערוץ,ערוצים,Channel,arutz arutzim,Technology,68
מידע,,Information,meida,Technology,68
טקסט,טקסטים,Text,tek's't tek's'tim,Technology,68
שלט,שלטים,Remote (Controller),shalat shalatim,Technology,68
רובוט,רובוטים,Robot,robot robotim,Technology,68
בול,בולים,Stamp (Postage),bul bulim,Technology,68
סיסמא,סיסמאות,Password,sis'mah sis'ma'ot,Technology,68
מקלדת,מקלדות,Keyboard,mik'ledet mik'ladot,Technology,68
חומרה,,Hardware,khom'rah,Technology,68
תוכנה,,Software,tokh'nah,Technology,68
רשת,רשתות,Network,reshet r'shatot,Technology,68
הורדה,הורדות,Download,horadah hav'rudot,Technology,68
העלאה,העלאות,Upload,ha'ala'ah ha'ala'ot,Technology,68
הודעה,הודעות,Message,hoda'ah hoda'ot,Technology,68
תקשורת,תקשורות,"Communication, Media",tik'shoret tik'shorot,Technology,68
חדשות,,News,khadashot,Technology,69
גלויה,גלויות,Postcard,g'luyah g'luyot,Technology,69
להוריד,,To Download (Hifil),l'horid,Technology,69
מוריד,,"I, You, He, It (m.s - pres.)",morid,Technology,69
מורידה,,"I, You, She, It (f.s - pres.)",moridah,Technology,69
מורידים,,"We, You, They (m.p - pres.)",moridim,Technology,69
מורידות,,"We, You, They (f.p- pres.)",moridot,Technology,69
להעלות,,To Upload (Hifil),l'ha'alot,Technology,69
מעלה,,"I, You, He, It (m.s - pres.)",ma'aleh,Technology,69
מעלה,,"I, You, She, It (f.s - pres.)",ma'alah,Technology,69
מעלים,,"We, You, They (m.p - pres.)",ma'alim,Technology,69
מעלות,,"We, You, They (f.p- pres.)",ma'a lot,Technology,69
לכבות,,"To Turn Off (Light, Machine) (Piel)",l'khabot,Technology,69
מכבה,,"I, You, He, It (m.s - pres.)",m'khabeh,Technology,69
מכבה,,"I, You, She, It (f.s - pres.)",m'khabah,Technology,69
מכבים,,"We, You, They (m.p - pres.)",m'khabim,Technology,69
מכבות,,"We, You, They (f.p- pres.)",m'khabot,Technology,69
ללחוץ,,"To Press, Squeeze (Qal)",lil'khotz,Technology,69
לוחץ,,"I, You, He, It (m.s - pres.)",lokhetz,Technology,69
לוחצת,,"I, You, She, It (f.s - pres.)",lokhetzet,Technology,69
לוחצים,,"We, You, They (m.p - pres.)",lokhatzim,Technology,69
לוחצות,,"We, You, They (f.p- pres.)",lokhatzot,Technology,69
להדליק,,To Turn/Switch On (Hifil),l'had'lik,Technology,69
מדליק,,"I, You, He, It (m.s - pres.)",mad'lik,Technology,69
מדליקה,,"I, You, She, It (f.s - pres.)",mad'likah,Technology,69
מדליקים,,"We, You, They (m.p - pres.)",mad'likim,Technology,69
מדליקות,,"We, You, They (f.p- pres.)",mad'likot,Technology,69
סיפור,,Story,sipur,Verbal Noun,69
למכירה,,For Sale,l'mkhirah,Verbal Noun,69
כתיבה,,Writing,k'tivah,Verbal Noun,69
הקנייה,,Buying,hak'niyah,Verbal Noun,69
קריאה,,Reading,k'ri'ah,Verbal Noun,69
חשיבה,,Thinking,khashivah,Verbal Noun,69
צפייה,,Watching,tz'fiyah,Verbal Noun,69
בישול,,Cooking,b'shul,Verbal Noun,69
אימון,,"Training, Working Out",ha'imul,Verbal Noun,69
לימוד,,"Studying, Learning",limud,Verbal Noun,69
למידה,,Learning,l'midah,Verbal Noun,69
הליכה,,"Walking, Going",halikhah,Verbal Noun,69
ריצה,,Running,ritzah,Verbal Noun,69
הזמנה,,"Order, Invitation",haz'manah,Verbal Noun,69
דרישה,,Demand,d'rishah,Verbal Noun,69
שינה,,Sleep,Shinah,Verbal Noun,69
מכירה,,Selling,m'khirah,Verbal Noun,69
פתיחה,,Opening,p'tikhah,Verbal Noun,69
שמיעה,,Hearing,sh'mi'ah,Verbal Noun,69
התנצלות,,Apology,hit'natz'lut,Verbal Noun,69
מחקר,מחקרים,Research,mekh'kar mekh'karim,Science,70
מדע,מדעים,Science,mada mada'im,Science,70
פרויקט,פרויקטים,Project,p'royek't p'royektim,Science,70
גודל,גדלים,Size,godel g'dalim,Science,70
מרחק,מרחקים,Distance,mer'khak mer'khakim,Science,70
משקל,משקלים,Weight; Word Pattern (Grammar),mish'kal mish'kalim,Science,70
ניסוי,ניסויים,"Experiment, Trail",nisuy nisuyim,Science,70
מאמר,מאמרים,Article,ma'amar ma'amarim,Science,70
עיקרון,עקרונות,Principle,ikaron ek'ronot,Science,70
מדחום,מדחומים,Thermometer,mad'khom mad'khomim,Science,70
מחצב,מחצבים,Mineral,makh'tzav makh'tzabim,Science,70
מחזור,מחזורים,Cycle,makh'zor makh'zorim,Science,70
מדען,מדענים,Scientist,mada'an mad'anim,Science,70
תא,תאים,Cell,ta ta'im,Science,70
כוח-משיכה,,Gravity,koakh m'shikhah,Science,70
טון,טונות,"Ton, Tonne",ton tunot,Science,70
קילוגרם,קילוגרמים,Kilogram,kilog'ram kilog'ramim,Science,70
גרם,גרמים,Gram,g'ram g'ramim,Science,70
אלכוהול,,Alcohol,al'kohol,Science,70
טכנולוגיה,טכנולוגיות,Technology,tekh'nolog'yah tek'nolog'yot,Science,70
שיטה,שיטות,"System, Method",shitah shitot,Science,70
תזה,תזות,Thesis,tezah tezot,Science,70
אנרגיה,אנרגיות,Energy,ener'g'yah ener'g'yot,Science,70
מהירות,מהירויות,"Speed, Velocity",m'hirut m'hiruyot,Science,70
דגימה,דגימות,"Sample, Specimen; Sampling",d'gimah d'gimot,Science,70
מהדורה,מהדורות,"Edition, Issue",mahadurah mahadurot,Science,70
הפצה,הפצות,Distribution,hafatzah hafatzot,Science,70
מסה,מסות,Mass,masah masot,Science,70
הגדרה,הגדרות,Definition,hag'darah hag'darot,Science,70
מעבדה,,Lab(oratory),ma'badah,Science,70
נוסחה,נוסחות,"Formula, Equation",nus'khah nus'khot,Science,70
איכות,איכויות,Quality,eikhut eikhuyot,Science,70
גנטיקה,,Genetics,genetikah,Science,70
גיאוגרפיה,,Geography,ge'og'raf'yah,Science,70
ביולוגיה,,Biology,biyolog'yah,Science,70
כימיה,,Chemistry,khim'yah,Science,70
פיזיקה,,Physics,fizikah,Science,70
פילוסופיה,,Philosophy,filosof'yah,Science,70
חקירה,חקירות,Investigation,khakirah khakirot,Science,70
תגלית,תגליות,Discovery,tag'lit tag'liyot,Science,70
סיבה,סיבות,"Reason, Motive",sibah sibot,Science,70
תאוריה,תיאוריות,Theory,te'or'yah te'or'yot,Science,70
עובדה,עובדות,Fact,uv'dah uv'dot,Science,70
חשמלי,,Electric (m.s),khash'mali,Science,70
להגביר,,To Increase (Hifil),l'hag'bir,Science,70
להנמיך,,To Decrease (Hifil),l'han'mikh,Science,70
כינור,כינורות,Violin,kinor kinorot,Music,71
זמר,זמרים,Singer,zamar zamarim,Music,71
שיר,שירים,Song; Poem,shir shirim,Music,71
חליל,חלילים,Flute,khalil khalilim,Music,71
כלי-נגינה,,Instrument,k'li n'ginah,Music,71
תוף,תופים,Drum,tof tupim,Music,71
פסנתר,פסנתרים,Piano,p'san'ter p'san'terim,Music,71
סינתיסייזר,סינתיסייזרים,Synthesizer,sin't'sai'zer sin't'sai'zerim,Music,71
נבל,נבלים,Harp,nevel n'valim,Music,71
ז'אנר,ז'אנרים,Genre,janer janerim,Music,71
קונצרט,קונצרטים,Concert,kon'tzer't kon'tzer'tim,Music,71
נגן,נגנים,(Musician) Player,nagan naganim,Music,71
מלחין,מלחינים,Composer,mal'khin mal'khinim,Music,71
פזמון,פזמונות,Chorus,piz'mon piz'monot,Music,71
בית,בתים,Stanza,bayit batim,Music,71
גיטריסט,גיטריסטים,Guitarist,gitarist gitaristim,Music,71
אקורד,אקורדים,Chord,akor'd akor'dim,Music,71
מתופף,מתופפים,Drummer,m'tofef m'tof'fim,Music,71
כנר,כּנרים,Violinist,kanar kanarim,Music,71
מיקרופון,מיקרופונים,Microphone,mik'rofon mik'rofonim,Music,71
רמקול,רמקולים,Speaker,ram'kol ram'kolim,Music,71
הד,הדים,Echo,hed hedim,Music,71
מנצח,מנצחים,Conductor,m'natzeakh m'natz'khim,Music,71
סולם,סולמות,Scale,sulam sulamot,Music,71
ים-תיכוני,,Oriental,yam-tikhoni,Music,71
צליל,צלילים,"Tone, Sound",tz'lil tzililim,Music,71
להקה,להקות,Band,lahakah l'hakot,Music,71
גיטרה,גיטרות,Guitar,gitarah git'rot,Music,71
מוזיקה,,Music,muzikah,Music,71
הופעה,הופעות,Show,hofa'ah hofa'ot,Music,71
יצירה,יצירות,"Creation, Musical Piece",y'tzirah y'tzirot,Music,71
חצוצרה,חצוצרות,Trumpet,khatzotz'rah khatzotz'rot,Music,71
מנגינה,מנגינות,"Tune, Melody",man'ginah man'ginot,Music,71
מפוחית,מפוחיות,Harmonica,mapukhit mapukhitim,Music,71
לנגן,)ב-(,To Play Music (Instrument) (b-) (Piel),l'nagen (b-),Music,71
להלחין,,To Compose (Hifil),l'hal'khin,Music,71
לכוון,,To Tune (Instrument) (Piel),l'khaven,Music,71
כדור,כדורים,Ball,kadur kadurim,Sports,71
ספורט,ספורטים,Sport,s'por't s'por'tim,Sports,71
שחקן,שחקנים,Player,sakh'kan sakh'kanim,Sports,71
משחק,משחקים,Game,mis'khak mish'khakim,Sports,71
כדורגל,,Soccer,kaduregel,Sports,71
כדורסל,,Basketball,kadur'sal,Sports,71
שער,שערים,"Goal, Gate",sha'ar sh'arim,Sports,71
איצטדיון,איצטדיונים,Stadium,itz'tad'yon itz'tad'yonim,Sports,71
תיקו,תיקואים,"Draw, Tie",teiku tiko'im,Sports,71
מאמן,מאמנים,"Coach, Trainer",m'amen m'amim,Sports,71
מחבט,מחבטים,"Racket, Bat",makh'bet makh'b'tim,Sports,72
כדורעף,,Volleyball,kadur'af,Sports,72
אלוף,אלופים,Champion,aluf alufim,Sports,72
שלושער,שלושערים,Hat Trick,sh'losha'ar sh'losha'arim,Sports,72
מרתון,מרתונים,Marathon,maraton maratonim,Sports,72
מכון כושר,מכוני כושר,Gym,m'khon kosher m'khonei kosher,Sports,72
צעד,צעדים,Step,tza'ad tz'adim,Sports,72
מגרש,מגרשים,"Field, Court, Pitch",mig'rash mig'rashim,Sports,72
פנדל,פנדלים,Penalty Kick,pen'del pen'delim,Sports,72
אוהד,אוהדים,"Fan, Supporter",ohed ohadim,Sports,72
חלוץ,חלוצים,"Striker, Forward",khalutz khalutzim,Sports,72
קשר,קשרים,Midfielder,kashar khasharim,Sports,72
בלם,בלמים,Defender,balam balamim,Sports,72
שוער,שוערים,Goalkeeper,sho'er sho'arim,Sports,72
גביע,,"Trophy, Cup",gavi'a,Sports,72
אתלט,אתלטים,Athlete,at'let at'letim,Sports,72
כושר,,Fitness,kosher,Sports,72
טניס,,Tennis,tenis,Sports,72
תחרות,תחרויות,Competition,takharut takharuyot,Sports,72
קבוצה,קבוצות,Team,k'vutzah k'vutzot,Sports,72
נקודה,נקודות,Point,n'kudah n'kudot,Sports,72
אליפות,אליפויות,Championship,alifut alifuyot,Sports,72
מדליה,מדליות,Medal,medal'yah medal'yot,Sports,72
בעיטה,בעיטות,Kick,b'itah b'itot,Sports,72
עמדה,עמדות,Position,em'dah amadot,Sports,72
התקפה,התקפות,Offence,hat'kafah hat'kafot,Sports,72
ליגה,ליגות,League,ligah ligot,Sports,72
שחייה,שחיות,Swim,s'khiyah s'khiyot,Sports,72
אולימפיאדה,,Olympics,olim'p'ya'dah,Sports,72
הארכה,,Overtime,ha'arakhah,Sports,72
מחצית,מחציות,Half,makhatzit makhatziyot,Sports,72
להבקיע,,To Score (Hifil),l'hav'ki'a,Sports,72
ביטחון,,"Security, Safety",bitakhon,Politics,72
מס,מיסים,"Tax, Fee",mas misim,Politics,72
נשיא,נשיאים,"President, Leader, Chairman",nasi n'si'im,Politics,72
חוק,חוקים,"Law, Decree, Rule",khok khukim,Politics,72
שלום,שלומות,Peace,shalom sh'lomot,Politics,72
צבא,צבאות,"Army, Host, Legion",tzava tz'va'ot,Politics,72
פשע,פשעים,Crime,pesha p'shamim,Politics,72
מנהיג,מנהיגים,"Leader, Chief",man'hig man'higim,Politics,72
חופש,חופשים,"Freedom, Liberty",khofesh khofashim,Politics,72
מעצר,מעצרים,"Arrest, Detention",ma'atzar ma'atzarim,Politics,72
קמפיין,קמפיינים,Campaign,kam'pei'n kam'pei'nim,Politics,72
קונגרס,קונגרסים,Congress,kon'g'res kon'g'resim,Politics,72
נאום,נאומים,"Speech, Address",n'um n'umim,Politics,72
עימות,עימותים,"Confrontation, Debate",imut imutim,Politics,72
מועמד,מועמדים,"Candidate, Nominee",mo'omad mo'omadim,Politics,72
פרלמנט,פרלמנטים,Parliament,par'lamen't par'lamentim,Politics,72
שוחד,שחדים,Bribe(ry),shokhad sh'khadim,Politics,72
מושל,מושלים,Governor,moshel mosh'lim,Politics,72
חבר-כנסת,,MK (Member of Knesset),khaver k'neset,Politics,73
איום,איומים,"Threat, Menace",iyum iyumim,Politics,73
ראש-עיר,ראשי-עיר,Mayor,rosh ir rashi ir,Politics,73
עושר,,"Wealth, Abundance",osher,Politics,73
שר,שרים,Minister,sar sarim,Politics,73
משרד-האוצר,,Minstry of Finance,mis'rad ha-otzar,Politics,73
משרד-הביטחון,,Ministry of Defence,mis'rad ha-bitakhon,Politics,73
משרד-המשפטים,,Ministry of Justice,mis'rad ha-mish'patim,Politics,73
משרד-הפנים,,Ministry of Interior,mis'rad ha-p'nim,Politics,73
משרד-החוץ,,Ministry of Foreign Affairs,mis'rad ha-khutz,Politics,73
ממשלה,ממשלות,Government,mem'shalah mem'shalot,Politics,73
מלחמה,מלחמות,War,mil'khamah mil'khamot,Politics,73
זכות,זכויות,(Legal) Right,z'khut z'khuyot,Politics,73
בטיחות,,Safety,b'tikhut,Politics,73
המלצה,המלצות,Recommendation,ham'latzah ham'latzot,Politics,73
כלכלה,כלכלות,Economy,kal'kalah kal'kalot,Politics,73
עירייה,עיריות,Municipality,iriyah iriyot,Politics,73
מדיניות,מדיניויות,Policy,m'diniyut m'diniyuyot,Politics,73
בְּ חִי רָה,בחירות,Elections,b'khirah b'khirot,Politics,73
אסטרטגיה,אסטרטגיות,Strategy,as't'rateg'yah es't'rategiyot,Politics,73
אלימות,,Violence,alimut,Politics,73
שחיתות,שחיתויות,Corruption,sh'khitut sh'khituyot,Politics,73
הכנסת,,The Knesset,ha-k'neset,Politics,73
שביתה,שביתות,(Worker's) Strike,sh'vitah sh'vitot,Politics,73
אשמה,אשמות,Guilt,ash'mah ashamot,Politics,73
מפלגה,מפלגות,(Political) Party,mif'lagah mif'lagot,Politics,73
כלבלב,כלבלבים,Puppy,k'lav'lav k'lav'labim,Diminutive,73
חתלתול,חתלתולים,Kitten,khatul'tul khatal'tulim,Diminutive,73
חזרזיר,חזרזירים,Piglet,khazar'zir,Diminutive,73
ילדון,,"Little Boy, Small Child (m)",yal'don,Diminutive,73
דובון,דובונים,Teddy Bear,dubon dubonim,Diminutive,73
פילון,פילים,Young Elephant,pilon pilonim,Diminutive,73
ספרון,ספרונים,Booklet,sif'ron sif'ronim,Diminutive,73
מחשבון,מחשבונים,Calculator,makh'sh'von makh'sh'vonim,Diminutive,73
מגבון,מגבונים,Towelette,mag'von mag'vonim,Diminutive,73
צלוחית,צלוחיות,Saucer,tz'lokhit tz'lokhiyot,Diminutive,73
מלונית,מלוניות,"Motel, Inn",m'lonit m'lonuyot,Diminutive,73
שקית,שקיות,Small Bag,sakit sakiyot,Diminutive,73
גחלילית,גחליליות,Firefly,gakh'lilit gakh'liliyot,Diminutive,73
ידית,,Handle,yadit,Diminutive,73
קשית,קשיות,Straw,kashit kashiyot,Diminutive,73
ילדונת,,"Little Girl, Small Child (f)",yal'donet,Diminutive,73
קטנטן,,Tiny (m.s),k'tan'tan,Diminutive,73
אדמדמה,,Reddish (f.s),adam'damah,Diminutive,73
ירקרק,,Greenish (m.s),y'rak'rak,Diminutive,73
כחלחל,,Blueish (m.s),k'khal'khal,Diminutive,73
צהבהב,,Yellowish (m.s),tz'hav'hav,Diminutive,73
ארמון,ארמונות,Palace,ar'mon ar'monot,Legends,74
דרקון,דרקונים,Dragon,d'rakon d'ragonim,Legends,74
נסיך,נסיכים,Prince,nasikh n'sikhim,Legends,74
חץ,חיצים,"Arrow, Dart",khetz khitzim,Legends,74
מגן,מגינים,Shield,magen maginim,Legends,74
משתה,משתאות,"Feast, Banquet",mish'teh mish'ta'ot,Legends,74
אביר,אבירים,Knight; Nobleman,abir abirim,Legends,74
שיריון,שיריונים,Armour,shir'yon shiryunim,Legends,74
לוחם,לוחמים,Warrior,lokhem lokhemim,Legends,74
שיקוי,שיקויים,Potion,shikuy shikuyim,Legends,74
כישוף,כישופים,"Spell, Witchraft",kishuf kishufim,Legends,74
קסם,קסמים,Magic,kesem k'samim,Legends,74
קוסם,קוסמים,Magician,kosem kos'mim,Legends,74
שרביט,שרביטים,Wand; Sceptre,sharvit shar'vitim,Legends,74
מכשף,מכשפים,Wizard,m'khashef m'khash'fim,Legends,74
משרת,משרתים,Servant,m'sharet m'shar'tim,Legends,74
גיבור,גיבורים,Hero; Protagonist,gibor giborim,Legends,74
ערפד,ערפדים,Vampire,ar'pad ar'padim,Legends,74
זומבי,זומ בִים,Zombie,zom'bi zom'bim,Legends,74
איש-זאב,אנשי-זאב,Werewolf,ish z'ev an'shei z'ev,Legends,74
גולם,גלמים,Golem,golem g'lamim,Legends,74
גיבור-על,גיבורי-על,Superhero,gibor-al giborei-al,Legends,74
יצור,יצורים,Creature,y'tzur y'tzurim,Legends,74
אגדה,אגדות,"Legend, Fairy Tail",agadah agadot,Legends,74
נסיכה,נסיכות,Princess,n'sikhah n'sikhot,Legends,74
חרב,חרבות,Sword,kherev kharavot,Legends,74
מלכה,מלכות,Queen,mal'kah m'lakhot,Legends,74
ממלכה,ממלכות,Kingdom,mam'lakhah mam'lakhot,Legends,74
קשת,קשתות,Bow,keshet k'shatot,Legends,74
קסדה,קסדות,Helmet,kas'dah k'sadot,Legends,74
מכשפה,מכשפות,Witch,m'khashefah m'khash'fot,Legends,74
חומה,חומות,Wall,khomah khomot,Legends,74
קללה,קללות,Curse,k'lalah k'lalot,Legends,74
מפלצת,מפלצות,Monster,mif'letzet mif'latzot,Legends,74
ניכנס,,(We) Will Enter,nikanes,Future Nifal,74
תיפגש,,(You/She) Will Meet,tipagesh,Future Nifal,74
תיגמר,,(You/She) Will Come To An End,tigamer,Future Nifal,74
ייפגע,,(He) Will Be Damaged,yipagea,Future Nifal,74
ישאר,,(He) Will Remain,yisha'er,Future Nifal,74
ייפרדו,,(They) Will Be Separated,yipar'du,Future Nifal,74
ליהנות,,To Enjoy,leihanot,Future Nifal,74
להישלח,,"To Be Sent, Dispatched",l'hishaleakh,Future Nifal,74
להיאבד,,"To Be Lost, Perish",l'he'aved,Future Nifal,74
להראות,,To Be Invisible,l'hera'ot,Future Nifal,74
אדוני,אדונים,Sir,adoni adonim,Formal,75
גברתי,גברות,Ma'am,g'veret g'varot,Formal,75
נא,,Please (interj),na,Formal,75
אנא,,Please (Flowery) (Interj),ana,Formal,75
אנו,,We,anu,Formal,75
אשר,,Which (Conj),asher,Formal,75
הבה,,"Let's, Let's Go!, Come! (Interj)",havah,Formal,75
עתה,,"Now, Currently",atah,Formal,75
אין,,"Is Not, No",ein,Formal,75
איני,,I Am Not,eini,Formal,75
אינך,,You Are Not (m.s),ein'kha,Formal,75
אינך,,You Are Not (f.s),einekh,Formal,75
אינו,,He Is Not,eino,Formal,75
אינה,,She Is Not,einah,Formal,75
איננו,,We Are Not,eineni,Formal,75
אינכם,,You Are Not (m.p),ein'khem,Formal,75
אינכן,,You Are Not (f.p),ein'khen,Formal,75
אינם,,They Are Not (m.p),einam,Formal,75
אינן,,They Are Not (f.p),einan,Formal,75
אינני,,I Am Not (Alt),eineni,Formal,75
איננה,,She Is Not (Alt),einena,Formal,75
מאין,,From Where?,me'ayin,Formal,75
מדוע,,Why?,madu'a,Formal,75
כיצד,,"How?, In What Manner?",keitzad,Formal,75
היכן,,Where?,heikhan,Formal,75
ולאן,,And Where?,ul'an,Formal,75
מהי,,What Is? (f),mahi,Formal,75
כסף,כספים,Money,kesef k'safim,Business,75
דולר,דולרים,Dollar,dolar dolarim,Business,75
חוב,חובות,Debt,khov khovot,Business,75
ביטוח,ביטוחים,Insurance,bituakh bitukhim,Business,75
שקל,שקלים,Shekel,shekel sh'kalim,Business,75
כרטיס,כרטיסים,Ticket; Card,kar'tis kar'tisim,Business,75
עסק,עסקים,Business,esek asakim,Business,75
כרטיס אשראי,כרטיסי אשראי,Credit Card,kartis ash'rai kar'tisei ash'rai,Business,75
זהב,,Gold,zahav,Business,75
מחיר,מחירים,Price,m'khir m'khirim,Business,75
מותג,מותגים,Brand,mutag mutagim,Business,75
חוזה,חוזים,Contract,khozeh khozim,Business,75
אירו,,Euro,eiro,Business,75
תקציב,תקציבים,Budget,tak'tziv tak'tzivim,Business,75
עודף,עודפים,Change,odef odafim,Business,75
מטבע,מטבעות,"Currency, Coin",mat'bea mat'b'ot,Business,75
קידום,קידומי,Promotion,kidum kidumi,Business,75
ארגון,אירגונים,"Organization, Entity",ir'gun ir'gunim,Business,75
שטר,שטרות,"Bill, Note, Deed",sh'tar sh'tarot,Business,75
ריאיון,ראיונות,Interview,re'ayon ra'ayonot,Business,75
מנהל,מנהלים,Manager,m'nahel m'nahelim,Business,76
פרסום,פירסומים,Advertisement,pir'sum pir'sumim,Business,76
שווי,,"Value, Worth",shovi,Business,76
מסחר,,"Commerce, Trade",mis'khar,Business,76
מוצר,מוצרים,Product,mutzar mutzarim,Business,76
סוכן,סוכנים,Agent,sokhen sokh'nim,Business,76
שער,שערים,(Exchange) Rate,sha'ar sh'arim,Business,76
סיכון,סיכונים,"Risk, Danger",sikun sikunim,Business,76
השקעה,השקעות,Investment,hish'ka'ah hish'ka'ot,Business,76
אגורה,אגורות,Agora,agorah agorot,Business,76
עסקה,עסקאות,"Transaction, Deal",is'kah is'ka'ot,Business,76
עלות,עלויות,"Cost, Expense",alut aluyot,Business,76
פגישה,פגישות,Meeting,p'gishah p'gishot,Business,76
חברה,חברות,Company,khev'rah khavarot,Business,76
משכורת,משכורות,"Salary, Wages",mas'koret mas'korot,Business,76
תעשייה,תּעשיות,Industry,ta'asiyah ta'asiyot,Business,76
פרסומת,פרסומות,Commercial,pir'somet pir'somot,Business,76
בורסה,בורסות,Stock Market,bur'sah bur'sot,Business,76
מזומן,,Cash (m.s),m'zuman,Business,76
לעלות,,"To Go Up, Rise, Ascend (Qal)",la'alot,Business,76
נגה,נגהים,Venus,nogah n'hagim,Space,76
מאדים,,Mars,ma'dim,Space,76
צדק,,Jupiter,tzedek,Space,76
שבתאי,,Saturn,shab'tai,Space,76
החלל החיצון,,Outer Space,hekhalal hakhitzon,Space,76
שיגור,שיגורים,Launch,shigur shigurim,Space,76
אסטרונאוט,אסטרונאוטית,Astronaut,as't'rona'ut as't'rona'utim,Space,76
לוויין,לוויינים,Satellite,lav'yan lav'yanim,Space,76
מסלול,מסלולים,Orbit,mas'lul mas'lulim,Space,76
מטאור,מטאורים,Meteor,mete'or mete'orim,Space,76
מכתש,מכתשים,Crater,makh'tesh makh't'shim,Space,76
שביל-החלב,,(The) Milky Way,sh'vil hakhalav,Space,76
חור שחור,חורים שחורים,Black Hole,khor shekhor khorim shekhorim,Space,76
ליקוי,ליקויים,Eclipse,likuy likuyim,Space,76
שמש,שמשות,Sun,shemesh sh'mashot,Space,76
מערכת-שמש,מערכות-שמש,Solar System ma'arekhet,shemesh ma'arkhot shemesh,Space,76
גשושית,גשושים,Probe,gashoshit gishushim,Space,76
חללית,חלליות,Spaceship,khalalit khaliyot,Space,76
מעבורת,מעבורות,Shuttle,ma'boret ma'aborot,Space,76
גלקסיה,גלקסיות,Galaxy,galak's'yah galak's'yot,Space,76
פסח,פסחים,Passover,pesakh p'sakhim,Festivals,76
ליל-הסדר,,Seder Night,leiyl haseder,Festivals,76
שבועות,,Shavuot (Pl.),shavu'ot,Festivals,76
חג,חגים,Holiday,khag khagim,Festivals,76
יום כיפור,,Yom Kippur,yom kippur,Festivals,76
ראש השנה,,Rosh Ha'shana,ro'sh hashanah,Festivals,76
תשעה באב,,Tisha Be'av,tish'ah b'av,Festivals,76
ימים נוראים,,High Holidays,yamim nora'im,Festivals,77
צום,צומות,Fast,tzom tzomot,Festivals,77
סביבון,,Sevivon,s'vivon,Festivals,77
פורים,,Purim,purim,Festivals,77
חנוכייה,,Chanukiya,khanukiyah,Festivals,77
"ט""ו בשבט",,Tu Bi'shvat,tu bi'shvat,Festivals,77
יציאת מצרים,,Exodus,y'tzi'at mitz'rayim,Festivals,77
מצה,מצות,Matzah,matzah matzot,Festivals,77
סוכה,סוכות,Sukkah,sukah sukot,Festivals,77
שמחת תורה,,Simchat Torah,sim'khat torah,Festivals,77
אוזן המן,,Ozen Haman,ozen haman,Festivals,77
חנוכה,,Chanukah,khanukhah,Festivals,77
משלוח מנות,,Mishloach Manot,mish'loakh manot,Festivals,77
סופגניה,,Sufganiya (Pl.),suf'ganiyah,Festivals,77
לחגוג,,To Celebrate (Qal),lakh'gog,Festivals,77
עולה חדש,,Oleh Chadash,oleh khadash,Israel,77
צבר,צברים,Tzabar (Cactus),tzabar tzabarim,Israel,77
קיבוץ,קיבוצים,Kibbutz,kibutz kibutzim,Israel,77
אולפן,אולפנים,Ulpan,ul'pan ulpanim,Israel,77
על האש,,Al-Ha'esh,al ha-esh,Israel,77
פלאפל,פלאפלים,Falafel,fala'fel fala'felim,Israel,77
חומוס,,Hummus,khumus,Israel,77
יום העצמאות,,Yom Ha'atzmaut (Pl.),yom ha-atz'ma'ut,Israel,77
בלאגן,בלאגנים,Mess,balagan balaganim,Israel,77
כנרת,,Kineret,kineret,Israel,77
ים המלח,,The Dead Sea,yam hamelakh,Israel,77
נגב,,Negev,negev,Israel,77
הים האדום,,The Red Sea (Pl.),hayam ha'adom,Israel,77
ביסלי,,Bissli,bisli,Israel,77
מטקות,,Matkot (Pl.),mat'kot,Israel,77
עלייה,,Aliyah,aliyah,Israel,77
פיתה,פיתות,Pita,pitah pitot,Israel,77
מוזיקה מזרחית,,Middle-Eastern Music,muzikah miz'rakhit,Israel,77
מצדה,,Metzada/Massada,m'tzadah,Israel,77
אילת,,Eilat,eilat,Israel,77
חיפה,,Haifa,kheifah,Israel,77
במבה,,Bamba,bam'bah,Israel,77
עגבניית שרי,עגבניות שרי,Cherry Tomato,ag'vaniyat sheri ag'vaniyot sheri,Israel,77
שקשוקה,,Shakshuka,shak'shukah,Israel,77
קיסריה,,Kesarya,keisar'yah,Israel,77
טבריה,,Yverya,t'ver'yah,Israel,77
באר שבע,,Be'er Sheva/Sheba,b'er sheva,Israel,77
