hebrew,english,side,transliteration_guess,thread_id,date,replies,first_comment,url
אַל תאכל את הכריך!,,hebrew,al tochál et ha-karích!,51806242,2021-08-25,3,"I like the way אוכל becomes תאכל , Hebrew has really neat ways of making words",https://duolingo.hobune.stream/comment/51806242
אַל תיתן לעוּבדות להשפיע על הניסוי.,,hebrew,,23151891,2017-06-19,8,Can someone please explain this sentence to me? The reason i care is that it's more difficult to reason out definitions from context of the context makes no sense,https://duolingo.hobune.stream/comment/23151891
אַל תספר לאף אחד!,,hebrew,,56064589,2022-02-12,1,Al tesaper leaf echad,https://duolingo.hobune.stream/comment/56064589
אַל תערבבו את התרנגולות עם התרנגולים!,,hebrew,,27234648,2018-05-09,10,If I may be pedantic: Do not mix the hens with the roosters. Roosters are male. Hens female. They are all chickens.,https://duolingo.hobune.stream/comment/27234648
"אַל תעשי את זה, החיים יפים!",,hebrew,,16291509,2016-06-23,21,Is it duolingo or suicide watch training?,https://duolingo.hobune.stream/comment/16291509
אַל תקשיבי להם!,,hebrew,,56940425,2022-03-19,1,Al taqshivi lahem!,https://duolingo.hobune.stream/comment/56940425
אַל תשנה את הנושא!,,hebrew,al teshaneh et ha-nosé,47166105,2021-02-25,1,al teshaneh et ha-nosé,https://duolingo.hobune.stream/comment/47166105
אַל תשתה את המיץ שלי!,,hebrew,,56193069,2022-02-17,1,Al tishte et hamitz sheli,https://duolingo.hobune.stream/comment/56193069
אַל תשתמשו בארגז הכלים של הפועל!,,hebrew,,35362834,2019-12-02,1,.,https://duolingo.hobune.stream/comment/35362834
אבא או אמא?,,hebrew,,16254423,2016-06-21,26,Could anyone care to explain the different pronunciations of א?,https://duolingo.hobune.stream/comment/16254423
אבא בא.,,hebrew,,16251907,2016-06-21,73,Don't give Piano a hard time for this question! Nowhere in the tips and notes (that I read) does it mention that you will need a Hebrew keyboard to actually do the lessons. I would,https://duolingo.hobune.stream/comment/16251907
אבא בא?,,hebrew,,16251168,2016-06-21,107,"""Dad is coming?"" should be OK",https://duolingo.hobune.stream/comment/16251168
אבא ואמא.,,hebrew,,16251758,2016-06-21,34,Finally Hebrew is out on duolingo! I'm the 86th user for Hebrew. But I have so many questions. Are the shapes on my keyboard letter in Hebrew or sounds?,https://duolingo.hobune.stream/comment/16251758
אבא שלי אופֶה עוגה.,,hebrew,,17475468,2016-09-01,8,Abba sheli ofeh ugah,https://duolingo.hobune.stream/comment/17475468
אבא שלי עבד שנים במשרד הביטחון.,,hebrew,,26521746,2018-03-08,7,"I don't think it is actually correct to say, ""My father works in the Ministry of Defense""... Funnily enough, the use of prepositions in cases like these is something that many Isra",https://duolingo.hobune.stream/comment/26521746
"אבא, אהבה באה?",,hebrew,,16251186,2016-06-21,84,"In my opinion, the sentence is too unnatural (in English AND in Hebrew)",https://duolingo.hobune.stream/comment/16251186
"אבא, אמא באה.",,hebrew,,17201668,2016-08-16,66,Run dad run,https://duolingo.hobune.stream/comment/17201668
"אבא, יש לו אורז!",,hebrew,"ába, yesh lo órez!",18206538,2016-10-08,25,Is לו actually pronounced like no (לא)?,https://duolingo.hobune.stream/comment/18206538
"אבא, מה קורה?",,hebrew,,16324124,2016-06-25,77,Did we just learn three ways to say how are you?,https://duolingo.hobune.stream/comment/16324124
אבא.,,hebrew,,16251458,2016-06-21,154,I don't hear any audio: why?,https://duolingo.hobune.stream/comment/16251458
אבל זה לא טעים.,,hebrew,,18068857,2016-10-02,7,"does anyone else hear a glitch on the audio at the end of ""אבל""? To me it sounds as though it ends with ר.",https://duolingo.hobune.stream/comment/18068857
אגדות על ערפדים התחילו באירופה.,,hebrew,,50738441,2021-07-12,4,Agadot al arpadim hitkhilu be-eropa.,https://duolingo.hobune.stream/comment/50738441
אהבה באה.,,hebrew,,16251409,2016-06-21,195,"Is Hebrew like German, as in, love comes is the same as love is coming? Thanks.",https://duolingo.hobune.stream/comment/16251409
אהבה חדשה.,,hebrew,,17194606,2016-08-16,28,What a lovely Course ^_^ :D,https://duolingo.hobune.stream/comment/17194606
אהבה.,,hebrew,,16262929,2016-06-22,97,"I really wish they would record the audio even for single words in the first lessons. It would be quick and cheap, no?",https://duolingo.hobune.stream/comment/16262929
"אומרים ""תודה"".",,hebrew,,16420242,2016-06-30,71,Why are the quotation marks necessary in the answer?,https://duolingo.hobune.stream/comment/16420242
אוסטרלים אוהבים את האקלים החם.,,hebrew,,20073347,2017-01-05,8,what is the plural form of אקלים,https://duolingo.hobune.stream/comment/20073347
"אחרי בקבוק היין השלישי, הוא התפשט על השולחן במסעדה והמשטרה באה.",,hebrew,,17700814,2016-09-13,31,'he undressed' should be correct as well. The reflexive form is implied in English in this context and so 'got' is OK but not necessary.,https://duolingo.hobune.stream/comment/17700814
אחרי הבחירות אני אצטרף למפלגה אחרת.,,hebrew,,33175699,2019-07-18,3,אֲבָל לְאֵיזוֹ מִפְלָגָה אַתָּה רוֹצֶה לְהִצְטָרֵף? :-( :-( :-(,https://duolingo.hobune.stream/comment/33175699
אחרי שאני שוחָה אני אופָה עוגות.,,hebrew,,26451901,2018-03-01,13,"Akharei she-ani sokha, ani ofa ugot. Edited.",https://duolingo.hobune.stream/comment/26451901
"אחת, שתיים, חמש.",,hebrew,,16839209,2016-07-25,9,Monty Python reference?,https://duolingo.hobune.stream/comment/16839209
אי אפשר להמשיך לעבוד עם הבאג הזה.,,hebrew,,47975816,2021-03-24,6,"Interesting use of an idiom instead of a translation. This seems like a fair translation: ""it's impossible to continue working with this bug"".",https://duolingo.hobune.stream/comment/47975816
"איזה חוֹם היום, לפחות שלושים מעלות.",,hebrew,,17994627,2016-09-28,24,"What is the ""so"" for? I don't see it in the Hebrew and the meaning is all there with "" It is hot today, at least thirty degrees."" (Too late to report it.)",https://duolingo.hobune.stream/comment/17994627
איזה עולם קטן!,,hebrew,,25765357,2018-01-04,4,Is this a saying as it is in English?,https://duolingo.hobune.stream/comment/25765357
איזו אות זאת?,,hebrew,,17628207,2016-09-09,11,"To my ear, that word sounds like ""אוד"", no tav at all. How common is that?",https://duolingo.hobune.stream/comment/17628207
איך אוכלים פיל?,,hebrew,,16361342,2016-06-27,62,One bite at a time.,https://duolingo.hobune.stream/comment/16361342
איך מדברים עברית?,,hebrew,éikh (ekh) medabrim ivrit,16279746,2016-06-23,50,And Duo's asking us this?,https://duolingo.hobune.stream/comment/16279746
אין בינינו כימיה.,,hebrew,,17036655,2016-08-06,10,there is no audio for this sentence,https://duolingo.hobune.stream/comment/17036655
אין בעד מה!,,hebrew,,16309237,2016-06-24,70,How does it pronounce? Especially the second word?,https://duolingo.hobune.stream/comment/16309237
אין דבר כזה אין דבר כזה.,,hebrew,,16269260,2016-06-22,36,Eh?,https://duolingo.hobune.stream/comment/16269260
אין דרכים.,,hebrew,,16306380,2016-06-24,28,IS THIS QUILOCIAL.....THERE'S NO WAY.....,https://duolingo.hobune.stream/comment/16306380
אין יין.,,hebrew,,16341805,2016-06-26,27,The speaker sounds genuinely disappointed :-D,https://duolingo.hobune.stream/comment/16341805
אין כבר גיבורי על בעולם.,,hebrew,,17537887,2016-09-04,6,Heroes of G-d?,https://duolingo.hobune.stream/comment/17537887
אין לה ילדים.,,hebrew,ein la yeladím,16712204,2016-07-18,32,I hear אין לילדים: the children don't have,https://duolingo.hobune.stream/comment/16712204
אין לו חיים.,,hebrew,,18013385,2016-09-29,55,Does the audio articulate a ת at the beginning?,https://duolingo.hobune.stream/comment/18013385
"אין לו רגשות, הוא כמו מכונה.",,hebrew,,22153030,2017-04-14,10,This is a part of a shock/stress reation and after this comes posttraumatic stress disorder... Probably related to depersonalization or derealization syndromes...,https://duolingo.hobune.stream/comment/22153030
אין לי אנרגיה לעבוד.,,hebrew,,18986361,2016-11-12,2,"People would normally say ‘אין לי כח לעבוד’, whereas ‘אין לי אנרגיה’ would normally appear on its own.",https://duolingo.hobune.stream/comment/18986361
אין לנו שפה משותפת.,,hebrew,,22640048,2017-05-16,10,"Should be noted that ""שפה משותפת"" is an idiom in Hebrew. It means that we understand each other, that we're ""on the same wavelength"". Not necessarily that we agree, but that we und",https://duolingo.hobune.stream/comment/22640048
איפה העמוד הזה? אני לא מוצא אותו?,,hebrew,,21309174,2017-03-03,8,What’s with the second question mark? Is he asking us whether he can’t find it?,https://duolingo.hobune.stream/comment/21309174
איפה הקצה?,,hebrew,,26535041,2018-03-09,5,אני ישן על הקצה של המיטה שלנו. I sleep on the edge of our bed,https://duolingo.hobune.stream/comment/26535041
איפה נמצאות שקיות האשפה?,,hebrew,,51380004,2021-08-08,1,Eifo nimtsa’ot saqiyot ha-ashpa?,https://duolingo.hobune.stream/comment/51380004
איש הזאב הוא המפלצת הכי מסוכנת באיזור הזה.,,hebrew,,35688748,2019-12-22,4,By this area the politicians are the most dangerous,https://duolingo.hobune.stream/comment/35688748
איתכם אני שמח.,,hebrew,,16379567,2016-06-28,11,"Is the word order important? I had the listening exercise for this question so I didn't have to write the translation. However, isn't it more correct/common to say ""אני שמח איתכם""?",https://duolingo.hobune.stream/comment/16379567
"אם אני מבין נכון, האריה לא שמח.",,hebrew,,17432672,2016-08-29,10,Can נכון be an adjective and an adverb?,https://duolingo.hobune.stream/comment/17432672
אם אני קונָה ספר חדש אני מיד קוראת אותו.,,hebrew,,21897011,2017-03-31,18,I read it immediately should be accepted.,https://duolingo.hobune.stream/comment/21897011
"אם את רוצָה לבוא, אז אני מסכים.",,hebrew,,43310258,2020-10-24,4,"I listened to the Hebrew more than a dozen times and could not decipher ""אם את רוצה"". It sounded like words I never heard before like ahto tsalavo.",https://duolingo.hobune.stream/comment/43310258
"אם אתה רוצֶה לבוא איתנו, אתה צריך כרטיס לאוטובוס.",,hebrew,,28075833,2018-07-19,7,"Why not ""bus ticket""?",https://duolingo.hobune.stream/comment/28075833
"אם אתה רוצֶה, יש לי גבינה בשבילךָ.",,hebrew,eem atah rotzeh yesh li gvinah bishvil-kha,22200430,2017-04-17,7,eem atah rotzeh yesh li gvinah bishvil-kha,https://duolingo.hobune.stream/comment/22200430
אם תתקרב אני אתקשר למשטרה!,,hebrew,,21984077,2017-04-06,9,Im titqarev ani etqasher la-mishtara!,https://duolingo.hobune.stream/comment/21984077
אמא באה אליה בערב.,,hebrew,,21964961,2017-04-05,25,It's too fast to hear the 3rd word clearly.,https://duolingo.hobune.stream/comment/21964961
אמא באה?,,hebrew,,16557036,2016-07-08,58,"If mom is pronounced Ee-mah, why isn't it written like this: אימא? Is this an exception or can the ""ee""-sound generally be left out even though there is a letter for it?",https://duolingo.hobune.stream/comment/16557036
אמא ואבא?,,hebrew,,16251153,2016-06-21,53,"I have a question about pronunciation. According to the alphabet, * א has an uh or an a sound * ב has a b sound * מ has an m sound So, אבא sounds like ahba, more or less. That's ok",https://duolingo.hobune.stream/comment/16251153
אמא עושָה הכל ואבא לא עושֶה כלום.,,hebrew,,17172111,2016-08-14,28,"Oy, שלום בית issues",https://duolingo.hobune.stream/comment/17172111
אמא שלי אוהבת מנגו.,,hebrew,ima sheli ohevet mango,19310226,2016-11-27,7,How do you say »My mom likes a mango» in Hebrew?,https://duolingo.hobune.stream/comment/19310226
"אמא, מה נשמע?",,hebrew,"íma, ma nishmá?",16340371,2016-06-26,21,"What's the difference between ""מה שלומך?"" and ""מה נשמע?"" ?",https://duolingo.hobune.stream/comment/16340371
אנגליה רחוקה מישראל.,,hebrew,,19425768,2016-12-02,9,"Not really true from my perspective, lol (I'm in the US).",https://duolingo.hobune.stream/comment/19425768
אנחנו אוכלים ארוחת צהריים.,,hebrew,anákhnu okhlim arukhát tzohoráim,22535820,2017-05-08,14,anákhnu okhlim arukhát tzohoráim,https://duolingo.hobune.stream/comment/22535820
אנחנו איתךְ.,,hebrew,,16482279,2016-07-04,8,Is the nikud necessary for complete correctness?,https://duolingo.hobune.stream/comment/16482279
אנחנו גברים והם ילדים.,,hebrew,anáchnu gvarím ve-hem yeladím,16304370,2016-06-24,52,anáchnu gvarím ve-hem yeladím.,https://duolingo.hobune.stream/comment/16304370
"אנחנו גברים, אנחנו נשים, הם גברים, הן נשים.",,hebrew,"anáchnu gvarím, anáchnu nashím, hem gvarím, hen nashím",16255792,2016-06-21,48,This sentence may sound unnatural but I personally find it very useful to see all the pronouns and plurals together so I can compare and memorize them better. And the weird sentenc,https://duolingo.hobune.stream/comment/16255792
אנחנו גברים.,,hebrew,anáchnu gvarím,16293779,2016-06-23,24,"That ""gv"" sound in 'men' seems so strange and foreign to my English tongue -_-",https://duolingo.hobune.stream/comment/16293779
אנחנו האלופים!,,hebrew,,17729271,2016-09-14,6,...my friends.,https://duolingo.hobune.stream/comment/17729271
אנחנו הגברים.,,hebrew,anakhnu ha-gvarim,22341434,2017-04-25,21,anakhnu ha-gvarim,https://duolingo.hobune.stream/comment/22341434
אנחנו השומרים שלו.,,hebrew,,17418492,2016-08-29,25,we are the guards of him is incorrect?,https://duolingo.hobune.stream/comment/17418492
אנחנו יפים.,,hebrew,,16399108,2016-06-29,28,"Since יפים is masculine, wouldn't it be more correct to translate it as ""We are handsome.""? Thank you.",https://duolingo.hobune.stream/comment/16399108
אנחנו ישנים בלילה.,,hebrew,,16999521,2016-08-04,19,"is ""ישן"" both ""old"" and ""sleep""?",https://duolingo.hobune.stream/comment/16999521
"אנחנו לא ישנים, אנחנו ממשיכים בדרך.",,hebrew,,28876566,2018-09-15,16,"I also used ""continuing on the road."" It's still being marked wrong so I am reporting it now. BTW, I recommend you go to YouTube (or similar) and listen to 2 different ""On the Road",https://duolingo.hobune.stream/comment/28876566
אנחנו לא מדברים עליך.,,hebrew,,19476233,2016-12-05,12,Anakhnu lo medabrim alekha.,https://duolingo.hobune.stream/comment/19476233
אנחנו לומדים לתת לעצמנו לשכוח את כל מה שאמרנו.,,hebrew,,23544496,2017-07-15,9,Another brutal listening exercise because she speaks so dang quickly and the turtle button does nothing.,https://duolingo.hobune.stream/comment/23544496
אנחנו מאשרים לכם את התשובה.,,hebrew,,16315162,2016-06-24,25,Can you also say אנחנו מאשרים את התשובה שלכם?,https://duolingo.hobune.stream/comment/16315162
אנחנו מברכים את הילדים.,,hebrew,,21485711,2017-03-11,18,There are those magic letters: ברכ,https://duolingo.hobune.stream/comment/21485711
אנחנו מדברים ומדברים והם לא עושים כלום!,,hebrew,,16280017,2016-06-23,17,"Just a nitpick, but כלום does not mean nothing. It means ""an extremely small amount"". But most people don't know that.",https://duolingo.hobune.stream/comment/16280017
אנחנו מתחילים לכתוב בעברית.,,hebrew,anáchnu matchilím lichtóv be-ivrít,22591840,2017-05-12,16,anáchnu matchilím lichtóv be-ivrít.,https://duolingo.hobune.stream/comment/22591840
אנחנו נחים בשבת.,,hebrew,,17286155,2016-08-21,32,Among Jews שבת is often not translated or is called Shabbos and should be accepted,https://duolingo.hobune.stream/comment/17286155
אנחנו נשים.,,hebrew,anákhnu nashim,16336684,2016-06-26,19,"This is a good example for when nikkud might come in handy. The word ""נשים"" could be read as ""nashim"" (women), but also as ""nasim"" ((we) will put). So this sentence, without contex",https://duolingo.hobune.stream/comment/16336684
אנחנו צריכים ביטחון במדינה שלנו.,,hebrew,anáchnu tzrichím bitachón ba-mediná shelánu,53270890,2021-10-28,1,anáchnu tzrichím bitachón ba-mediná shelánu.,https://duolingo.hobune.stream/comment/53270890
אנחנו צריכים כמה דוגמנים.,,hebrew,,18464638,2016-10-19,27,"Can כמה mean ""a number of"" ?",https://duolingo.hobune.stream/comment/18464638
"אנחנו רואים, אנחנו רואות.",,hebrew,,16251192,2016-06-21,51,Pretty odd to translate this sentence either way.,https://duolingo.hobune.stream/comment/16251192
אנחנו רוצים להתחיל מותג עם שֵם חדש.,,hebrew,,33020635,2019-07-08,5,Anachnu rotzim lehatchil mutag im shem chadash,https://duolingo.hobune.stream/comment/33020635
אנחנו רוצים תפוזים כתומים.,,hebrew,,16345617,2016-06-26,40,lol,https://duolingo.hobune.stream/comment/16345617
אנחנו שוטפים את הסמרטוט כי הוא לא רטוב.,,hebrew,,22138894,2017-04-14,18,"we're wetting the mop because it's dry. - if anyone's interested in how you'd hear it in English. No one would say ""we are washing the mop"" unless it was really dirty.",https://duolingo.hobune.stream/comment/22138894
אנחנו שותות את המיץ.,,hebrew,,16376114,2016-06-28,28,What is the grammatical purpose of את here?,https://duolingo.hobune.stream/comment/16376114
אנחנו שותים מיץ.,,hebrew,anáchnu shotím mitz,17562480,2016-09-06,18,He did not pronounce the ם in שותים does it normally just run into the next word when the next word begins with another מ like this? Right now it's very difficult for me to deciphe,https://duolingo.hobune.stream/comment/17562480
אנחנו שם כבר?,,hebrew,,22621039,2017-05-14,24,Do Israeli kids bother their parents with this same question while in the car?,https://duolingo.hobune.stream/comment/22621039
אנחנו תומכים בחיות.,,hebrew,,16333181,2016-06-25,35,"Which meaning of the verb ""support"" is this?",https://duolingo.hobune.stream/comment/16333181
אני אוהב אותךְ.,,hebrew,,17470207,2016-08-31,25,"Me too, Duo",https://duolingo.hobune.stream/comment/17470207
"אני אוהב אך ורק סגול! לא כחול ולא אדום, רק סגול.",,hebrew,,17444726,2016-08-30,10,"In English, ""and"" is hardly ever used between two negative structures, so I omitted it, and, alas! my answer was rejected. An even better answer would be ""I only like purple - not ",https://duolingo.hobune.stream/comment/17444726
אני אוהב את כל החיות חוץ מנחשים.,,hebrew,,16380271,2016-06-28,55,"""stuff Eve would say""",https://duolingo.hobune.stream/comment/16380271
אני אוהב לאכול מברשות שיניים.,,hebrew,,16252954,2016-06-21,24,The first step is admitting you have a problem.,https://duolingo.hobune.stream/comment/16252954
אני אוהב לאכול פירות.,,hebrew,,16283699,2016-06-23,66,"Is ""פירות"" plural for ""פרי"" or just another word meaning the same thing?",https://duolingo.hobune.stream/comment/16283699
אני אוהב לאכול תפוזים.,,hebrew,ani ohev le'ekhol tapuzim,20877536,2017-02-13,17,ani ohev le'ekhol tapuzim,https://duolingo.hobune.stream/comment/20877536
אני אוהב מנגו.,,hebrew,,18921295,2016-11-09,4,"The translation is correct, but not the grammar. Frequently -in Hebrew- the singular form of a noun is used to refer to an abstract group. ""I love mango"" would be said as, ""I love ",https://duolingo.hobune.stream/comment/18921295
"אני אוהב סוסים, זאת חיה נהדרת.",,hebrew,,17119286,2016-08-11,30,"This one forces us into compulsorily ungrammatical English :-) If you want to keep two different number inflections in the English, perhaps a full stop rather than a comma ?",https://duolingo.hobune.stream/comment/17119286
"אני אוהבת אתכן, ילדותיי היפות.",,hebrew,,16402839,2016-06-29,14,"This is correct? Now, I did learn this stuff from a biblical perspective, but I learned that the יי is replacing the ים. Here, it would be אני אוהבת אתכם, ילדותי היפות.",https://duolingo.hobune.stream/comment/16402839
אני אוהבת גברים עם שיער על החזה.,,hebrew,,17536107,2016-09-04,23,( ͡° ͜ʖ ͡°),https://duolingo.hobune.stream/comment/17536107
אני אוהבת רק את מי שנותן לי ממתקים.,,hebrew,,19953105,2016-12-29,27,"That is an unwise decision, you should value your loved ones regardless of their generosity with sugary treats.",https://duolingo.hobune.stream/comment/19953105
אני אוכל את האוכל.,,hebrew,ani okhél et ha-ókhel,17077102,2016-08-08,26,ani okhél et ha-ókhel,https://duolingo.hobune.stream/comment/17077102
אני אוכל את הדג.,,hebrew,,16254464,2016-06-21,55,What does this את mean? Could it just be אני אוכל הדג,https://duolingo.hobune.stream/comment/16254464
אני אוכל בננה.,,hebrew,ani okhel bananah,27749040,2018-06-23,7,ani okhel bananah,https://duolingo.hobune.stream/comment/27749040
אני אוכל פרי.,,hebrew,aní ochél pri,16353080,2016-06-27,7,Is פרי pronounced pri or preh?,https://duolingo.hobune.stream/comment/16353080
אני אמור לבקר בירושלים מחר.,,hebrew,,20094028,2017-01-06,17,Lol that is exactly how we say love in french. Amour.,https://duolingo.hobune.stream/comment/20094028
אני אנצח בבחירות!,,hebrew,,31865002,2019-04-23,5,Ani anatzeach babchirot!,https://duolingo.hobune.stream/comment/31865002
אני אקרא את הספר שהיא כתבה.,,hebrew,aní ekrá et ha-séfer she-hi katvá,53848039,2021-11-18,2,אֲנִי אֶקְרָא אֶת הַסֵּפֶר שֶׁהִיא כָּתְבָה.,https://duolingo.hobune.stream/comment/53848039
"אני באה, חכו לי!",,hebrew,,23012932,2017-06-10,5,"Ani ba'a, chaku li",https://duolingo.hobune.stream/comment/23012932
"אני בדרך כלל גבר, אבל לפעמים אני אישה.",,hebrew,,16467815,2016-07-03,30,Drag queen 101,https://duolingo.hobune.stream/comment/16467815
אני בסדר.,,hebrew,,16406406,2016-06-30,20,How do you pronounce בסדר,https://duolingo.hobune.stream/comment/16406406
"אני גבוה מדי, לכן אני לא עומד.",,hebrew,"aní gavoah midáy, lachén aní lo oméd",16268585,2016-06-22,13,"I can't hear the last syllable of the sentence clearly. If anything it sounds like ""n"" not ""d"". Is anybody else having that problem?",https://duolingo.hobune.stream/comment/16268585
"אני האח האחראי, למרות שאני הקטן יותר.",,hebrew,,17761205,2016-09-16,27,In English there should not be a defenite article before 'younger' or 'smaller'. And smaller in this sentence doesn't make sense. Technically it is a possible translation for קטן י,https://duolingo.hobune.stream/comment/17761205
אני הולכת לים.,,hebrew,,54284919,2021-12-05,1,Ani holekhet la-yam.,https://duolingo.hobune.stream/comment/54284919
אני זוכרת את הארנב.,,hebrew,,16767885,2016-07-21,16,"wow, כ + ר is surprisingly difficult to pronounce.",https://duolingo.hobune.stream/comment/16767885
אני חושב שאני אחליף את המחשב הזה.,,hebrew,,47840474,2021-03-20,2,I think that I will... No good? Why,https://duolingo.hobune.stream/comment/47840474
אני חותם.,,hebrew,aní chotém,16585501,2016-07-10,11,"As in, sign using sign language?",https://duolingo.hobune.stream/comment/16585501
אני יודעת שאת יודעת מה את רוצָה מעצמךְ.,,hebrew,,26313300,2018-02-16,19,Why does Duolingo have to pronounce the sentence with such a high speed? How can a beginner keep up with this too high speed?,https://duolingo.hobune.stream/comment/26313300
"אני יודעת, הם צופים בךְ.",,hebrew,,20299564,2017-01-15,20,This sentence is a bit unnerving,https://duolingo.hobune.stream/comment/20299564
אני יונה.,,hebrew,,16252945,2016-06-21,38,And I feel like my intelligence is somewhere on the dove level too :D,https://duolingo.hobune.stream/comment/16252945
אני יושב ליד שלוש עשרה ציפורים.,,hebrew,,24185386,2017-08-26,19,"Something strange here with the audio: ""le-ian"" instead of ""le-iad""",https://duolingo.hobune.stream/comment/24185386
אני יותר עשיר מהאחים שלי.,,hebrew,,16378682,2016-06-28,28,"stop bragging, duo.",https://duolingo.hobune.stream/comment/16378682
"אני ישנה בכל מקום, גם בחדר האוכל.",,hebrew,,25388766,2017-11-30,28,"In English, I would say, ""I sleep anywhere, even in the dining room"". 'Also' sounds odd.",https://duolingo.hobune.stream/comment/25388766
אני כותב ספר.,,hebrew,,23024313,2017-06-10,3,ani kotev sefer,https://duolingo.hobune.stream/comment/23024313
אני כן אוכל לחם.,,hebrew,,16783509,2016-07-22,23,"Ive never came across this sentence before. I was doing strengthen the course, cool.",https://duolingo.hobune.stream/comment/16783509
אני לא אוהב ג'ינסים.,,hebrew,,17173020,2016-08-14,10,"One jeans, two jeanses",https://duolingo.hobune.stream/comment/17173020
אני לא אוהב כלֵי נשק ובמיוחד לא חרבות.,,hebrew,,29525914,2018-11-05,15,"Instead of especially, I used particularly. This has the same meaning.",https://duolingo.hobune.stream/comment/29525914
אני לא אוהב נשים חלשות.,,hebrew,,26480479,2018-03-04,3,ouch,https://duolingo.hobune.stream/comment/26480479
אני לא אוכל בשר וגבינה!,,hebrew,,16276831,2016-06-22,79,Definitely a Jewish sentence.,https://duolingo.hobune.stream/comment/16276831
אני לא אוכל חזיר.,,hebrew,,16697455,2016-07-17,38,*sweats as the rabbi stares suspiciously*,https://duolingo.hobune.stream/comment/16697455
אני לא באמת חושב שאתה חלש.,,hebrew,,20700167,2017-02-05,23,"Perhaps this is super obvious but is there a difference between saying ""I don't really think that you're weak"" and ""I really don't think that you're weak.""",https://duolingo.hobune.stream/comment/20700167
אני לא מאמין שיש לו תפוח אדמה חשמלי.,,hebrew,,19023095,2016-11-14,12,"Believe it or not, it's possible to use a potato as a battery. Just google ""electric potato"" for a bunch of videos on how.",https://duolingo.hobune.stream/comment/19023095
אני לא מדברת אנגלית.,,hebrew,,17996469,2016-09-28,12,"Volume at maximum, still can't hear the female",https://duolingo.hobune.stream/comment/17996469
אני לא מוכר את זה לאף אחד.,,hebrew,,16771718,2016-07-21,9,"Can someone explain the word, ""אף"" to me? I can't figure out what it means. It obviously doesnt directly translate to no one, but it's throwing me for a loop",https://duolingo.hobune.stream/comment/16771718
"אני לא מכיר את האחיין שלי, והוא לא אותי.",,hebrew,,27421865,2018-05-26,11,"More correct English would be, ""I don't recognize my nephew nor does he me.""",https://duolingo.hobune.stream/comment/27421865
"אני לא מקנאה בה, היא צמחונית.",,hebrew,,16419354,2016-06-30,41,Lol,https://duolingo.hobune.stream/comment/16419354
אני לא מתלהב מזה.,,hebrew,,20120359,2017-01-07,7,I am not enthusiastic about that,https://duolingo.hobune.stream/comment/20120359
אני לא נוגע בכסף סמים מלוכלך.,,hebrew,,16251541,2016-06-21,13,Duo bird doesn't want to go back to jail!,https://duolingo.hobune.stream/comment/16251541
אני לא נוגע.,,hebrew,,16275465,2016-06-22,27,isn't this a sentence fragment? I do not touch- what?,https://duolingo.hobune.stream/comment/16275465
אני לא צריך כרטיס אשראי כי אין לי כסף.,,hebrew,,18602637,2016-10-25,14,I love how happy he sounds while saying this!,https://duolingo.hobune.stream/comment/18602637
אני לא צריכה אותו.,,hebrew,,16474859,2016-07-04,51,"That's right, girl!",https://duolingo.hobune.stream/comment/16474859
אני לא צריכה עוגת יום הולדת בשביל להיות מאושרת.,,hebrew,,25294302,2017-11-22,10,"DL didn't accept ""i don't need birthday cake to be happy"". It wanted ""a birthday cake"". I think the ""a"" isn't needed as part of the translation. In fact, how would one differentiat",https://duolingo.hobune.stream/comment/25294302
אני לא רוצֶה לפספס את המטוס.,,hebrew,aní lo rotzé lefasfés et ha-matós,55180802,2022-01-09,1,aní lo rotzé lefasfés et ha-matós.,https://duolingo.hobune.stream/comment/55180802
אני לא רוצֶה שהיא תיגע בי.,,hebrew,,17431680,2016-08-29,5,This is a perfectly normal statement to hear from a Chareidi (Hasidic or Yeshiva) Jewish man,https://duolingo.hobune.stream/comment/17431680
אני לא רוצָה לחשוב על העבודה שלי כשאני בחופשה.,,hebrew,,43775037,2020-11-08,10,"What's wrong with ""...while I am on vacation""? I think it would strictly translate to בזמן ש ... but i cannot see the difference in meaning.",https://duolingo.hobune.stream/comment/43775037
אני לא שותֶה תה בלעדיה.,,hebrew,,20181950,2017-01-10,12,A-NI lo sho-TE te bela-De-ha.,https://duolingo.hobune.stream/comment/20181950
אני לומד מאבא שלי עברית.,,hebrew,,16574922,2016-07-09,37,Can you also say: אני לומד עברית מאבא שלי?,https://duolingo.hobune.stream/comment/16574922
אני לומד ממנו.,,hebrew,,17192325,2016-08-15,14,can ממנו also mean from us?,https://duolingo.hobune.stream/comment/17192325
אני מאחוריך.,,hebrew,,17215486,2016-08-17,21,This works in the figurative sense as well.,https://duolingo.hobune.stream/comment/17215486
אני מבין רק מזומנים.,,hebrew,,23642781,2017-07-22,10,Why is מזומנים pluralized? Isn't מזומן a collective noun already?,https://duolingo.hobune.stream/comment/23642781
אני מדבר אנגלית.,,hebrew,,19626644,2016-12-12,21,My most useful phrase! :D,https://duolingo.hobune.stream/comment/19626644
אני מדברת עברית.,,hebrew,,17123943,2016-08-11,17,Ani medaberet ivrit. (A female says this),https://duolingo.hobune.stream/comment/17123943
אני מוכר מקלדות בשוק השחור.,,hebrew,,16958472,2016-08-01,19,You're a bad boy.,https://duolingo.hobune.stream/comment/16958472
אני מחדש את התפריטים.,,hebrew,,17080802,2016-08-09,37,"This sentence doesn't make much sense in English. Does it mean ""I update the menus?"" I think of ""renew"" in a few different contexts (renew marriage vows, renew a subscription) but ",https://duolingo.hobune.stream/comment/17080802
אני מחליף את הטבח.,,hebrew,,19122426,2016-11-18,18,"Why not ""I change the cook""?",https://duolingo.hobune.stream/comment/19122426
אני מחפש בנק.,,hebrew,,35278979,2019-11-27,11,"Just curious, anyone know what percentage of Hebrew words are loan words from English?",https://duolingo.hobune.stream/comment/35278979
אני ממש לא רוצֶה לעבוד היום.,,hebrew,,24467192,2017-09-16,14,"ואני גם אני וגם אני Which way would I use to say ""me too""? Or are all of them acceptable?",https://duolingo.hobune.stream/comment/24467192
"אני מסביר לךָ, אבל אתה לא רוצֶה להקשיב.",,hebrew,,20407796,2017-01-23,16,"Is there an implied ""it"" here, as in ""I am explaining IT to you""? Or would that be a different sentence?",https://duolingo.hobune.stream/comment/20407796
אני מעדיף להשתמש במזומן.,,hebrew,,50558111,2021-07-03,4,"Gam ani, but they are going to remove cash from society and force everyone into the digital realm. If you want to live outside such a system, how are you going to do it?",https://duolingo.hobune.stream/comment/50558111
אני מפחד שאתה לא רופא.,,hebrew,,18679061,2016-10-29,21,"Yeah, I know, dude, it's okay... The day I discovered I wasn't a physician either was the scariest day of my life.",https://duolingo.hobune.stream/comment/18679061
"אני מצטער, אלה רק עסקים.",,hebrew,,29644039,2018-11-14,9,"Why the plural in Hebrew, and the singular in the English translation?",https://duolingo.hobune.stream/comment/29644039
אני מקבל המלצות חמות לגבי המסעדה הזאת.,,hebrew,,23666387,2017-07-23,10,"I would never describe a recommendation as being ""warm"" in English. It this common in anyone else's dialect?",https://duolingo.hobune.stream/comment/23666387
אני מקווֶה שאת מכבדת את אבא ואמא שלךְ.,,hebrew,,16506640,2016-07-05,31,"The audio is wrong - it says אמא ואבא where the text (and, it seems, the required answer) have it the other way around",https://duolingo.hobune.stream/comment/16506640
אני מקווה שזה שם המשפחה שלה.,,hebrew,,20429704,2017-01-24,20,The audio is playing far too fast. Why is there no option to play it slower?,https://duolingo.hobune.stream/comment/20429704
אני מקווה שתוכל לפגוש אותי בפרלמנט.,,hebrew,,21221112,2017-02-28,3,"It's worth noting that the equivalent for the Parliament, in Israeli politics, is the Knesset; however the word Parliament is used in Israeli slang for a place (usually a local dai",https://duolingo.hobune.stream/comment/21221112
אני משועממת כי אין לי ספר לקרוא.,,hebrew,,19036078,2016-11-15,6,When do you use כי and when do you use מפני ש.. (or בגלל)?,https://duolingo.hobune.stream/comment/19036078
אני מתחשמל ואני אוהב את זה.,,hebrew,,16346898,2016-06-26,43,I'm so glad I know how to say this now.,https://duolingo.hobune.stream/comment/16346898
אני מתקן את הנעל שלי.,,hebrew,,16557999,2016-07-08,28,Odd to have a woman say this using a masculine verb.,https://duolingo.hobune.stream/comment/16557999
אני נכשל בכל מה שאני עושֶה!,,hebrew,,27439786,2018-05-28,15,"""I fail at everything I do"". Correct?",https://duolingo.hobune.stream/comment/27439786
אני עדיין לא יודעת למה הוא אומר את זה.,,hebrew,aní adáyin lo yodá'at láma hu omér et ze,16328043,2016-06-25,12,"In the tips &amp; notes, it says that when question words are used as conjunctions, you need to put a ש at the beginning of the next word. Isn't the question word למה being used as",https://duolingo.hobune.stream/comment/16328043
אני עדיין מחכֶה לשנות החמישים.,,hebrew,,17536790,2016-09-04,38,"Does this mean something like ""I'm waiting for the 50s to come back""?",https://duolingo.hobune.stream/comment/17536790
אני עדיין מחכֶה שהחיים שלי יתחברו.,,hebrew,,20388588,2017-01-21,19,What does this sentence mean?,https://duolingo.hobune.stream/comment/20388588
אני עוברת את הגבר.,,hebrew,,16423844,2016-06-30,13,בדרך?,https://duolingo.hobune.stream/comment/16423844
אני עושֶה את זה.,,hebrew,,16617410,2016-07-12,19,"Hi, this isn't related to this question specifically, but for quite a while now, when זה comes up, a lone deep male voice adds audio ""tzeh"" for no reason i can see. It reminds me o",https://duolingo.hobune.stream/comment/16617410
אני עושֶה מה שאתה עושֶה.,,hebrew,,18413341,2016-10-17,30,"What is the literal translation? Why single ""ma"" is not enough here?",https://duolingo.hobune.stream/comment/18413341
אני פטרייה.,,hebrew,,16265905,2016-06-22,118,That's what they always say after I've had a few.,https://duolingo.hobune.stream/comment/16265905
אני צובעת ביצה.,,hebrew,,16504631,2016-07-05,44,Did you know? A folk story among Afghan Jews says that before Haman got the order to kill all Jews he started off with all sorts of regulations meant to harm them. One of those was,https://duolingo.hobune.stream/comment/16504631
"אני צמחוני, אני אוכל צמחים.",,hebrew,,18692058,2016-10-30,12,Thanks for the connection between צמחוני and צמח!,https://duolingo.hobune.stream/comment/18692058
"אני צמחונית, אני רוצָה תה.",,hebrew,,17199840,2016-08-16,35,"As an answer to ""would you like some delicious meat juice? "" of course.",https://duolingo.hobune.stream/comment/17199840
אני צריך אותךְ.,,hebrew,,16399791,2016-06-29,55,Every language has its area of straight-to-the-pointness.,https://duolingo.hobune.stream/comment/16399791
אני צריך ללכת למשרד הפנים כי איבדתי את הדרכון.,,hebrew,,31315785,2019-03-17,15,What happened to שלי????,https://duolingo.hobune.stream/comment/31315785
אני צריך לקנות ביטוח שנתי לסירה.,,hebrew,,19362479,2016-11-30,14,"""an annual..""??",https://duolingo.hobune.stream/comment/19362479
אני צריך מזכירה חדשה.,,hebrew,,16712876,2016-07-18,9,ani tzarikh mazkirah khadashah masculine: mazkír khadásh,https://duolingo.hobune.stream/comment/16712876
אני צריכה לִבנות בית לבעלי.,,hebrew,,25288795,2017-11-21,10,"A common, every day sentence...",https://duolingo.hobune.stream/comment/25288795
"אני צריכה מים, אז אני פותחת את הברז.",,hebrew,,19160452,2016-11-20,16,"I think ""turning the tap on"" should be accepted",https://duolingo.hobune.stream/comment/19160452
אני קוראת ספר.,,hebrew,,19392816,2016-12-01,22,"Femenine ""אני קוראת"" Masculine ""אני קורא""",https://duolingo.hobune.stream/comment/19392816
אני קוראת עיתון.,,hebrew,,16290033,2016-06-23,21,"Why not ""I am reading newspaper""? That's how I wrote and it's ""wrong"".",https://duolingo.hobune.stream/comment/16290033
אני קרובה לגמל.,,hebrew,,16260264,2016-06-22,41,Shouldn't it be הגמל,https://duolingo.hobune.stream/comment/16260264
אני רואָה גבר.,,hebrew,aní ro'á géver,21906078,2017-04-01,11,Shouldn’t this sentence be pronounced by a female speaker?,https://duolingo.hobune.stream/comment/21906078
אני רואָה משאית.,,hebrew,,16381579,2016-06-28,39,Ani ro'ah mesayit,https://duolingo.hobune.stream/comment/16381579
אני רוצֶה אפרסק בבקשה.,,hebrew,,20722752,2017-02-06,18,How to prononce it ?,https://duolingo.hobune.stream/comment/20722752
אני רוצֶה את הזכות ללכת לבית המשפט בלי בגדים!,,hebrew,,16325864,2016-06-25,13,Priorities...,https://duolingo.hobune.stream/comment/16325864
"אני רוצֶה חיים פשוטים, ממש כמו בכפר.",,hebrew,,24026815,2017-08-16,14,How does one distinguish whether בכפר is in THE village vs in A village?,https://duolingo.hobune.stream/comment/24026815
אני רוצֶה ילד.,,hebrew,,16262351,2016-06-22,50,So did King Henry VIII.,https://duolingo.hobune.stream/comment/16262351
אני רוצֶה לאכול במסעדה הזאת אך אני לא יודע איפה היא.,,hebrew,too slow. the speech for this one should be 150% faster ,19868640,2016-12-24,30,What's the difference between אך and אבל?,https://duolingo.hobune.stream/comment/19868640
אני רוצֶה להוסיף שאתה לא אמן טוב.,,hebrew,,26374881,2018-02-22,9,"On top of all the other things you are not good at, you are not a good artist &gt;:(",https://duolingo.hobune.stream/comment/26374881
אני רוצֶה ללמוד כישופים שמתקנים לבבות שבורים.,,hebrew,,25157957,2017-11-10,16,Ani rotze lilmod kishufim she'metaknim levavot shvurim.,https://duolingo.hobune.stream/comment/25157957
אני רוצֶה מלח.,,hebrew,aní rotzé mélach,17078983,2016-08-09,19,"Do ""salt"" and ""king"" sound very similar? Former is ""melach"" and latter is ""melech"", correct? Are they spelled the same way?",https://duolingo.hobune.stream/comment/17078983
אני רוצֶה עוגה.,,hebrew,,16251619,2016-06-21,27,"Is ""I want cake"" really wrong? It gave it to me wrong because I skipped ""a"". Please help? D:",https://duolingo.hobune.stream/comment/16251619
אני רוצָה אפרסק בבקשה.,,hebrew,,16656788,2016-07-14,25,The audio's speed makes it impossible to benefit from for me.,https://duolingo.hobune.stream/comment/16656788
אני רושמת את המתכון.,,hebrew,,16612528,2016-07-12,28,what's the difference between רושם and כותב?,https://duolingo.hobune.stream/comment/16612528
"אני רק ילדה קטנה, למה שאני אשלם מיסים?",,hebrew,,24582818,2017-09-24,19,"Is this a modal use of the imperfect אשלם to express the ""conditional"" or ""subjunctive"" idea (i.e., the ""would"" in ""Why would I pay taxes?"")? Is the שְ particle here functioning me",https://duolingo.hobune.stream/comment/24582818
אני שוחֶה וכואב לי.,,hebrew,,16278344,2016-06-23,51,Maybe you should stop swimming :/,https://duolingo.hobune.stream/comment/16278344
אני שונא את כולם!,,hebrew,,16665197,2016-07-14,35,I've been waiting for so long to learn this phrase :),https://duolingo.hobune.stream/comment/16665197
אני שונא לראות את הדגים שלי נאכלים על ידי ציפורים.,,hebrew,,28170428,2018-07-26,8,What a fantastic sentence!,https://duolingo.hobune.stream/comment/28170428
"אני שונאת את כולם, ואותךָ במיוחד.",,hebrew,,17572752,2016-09-06,44,"Wow, so much anger!",https://duolingo.hobune.stream/comment/17572752
אני שוקל שישים ושלוש קילו.,,hebrew,,21559161,2017-03-15,14,Audio and the correct answer aren't the shame. Audio says שלושה,https://duolingo.hobune.stream/comment/21559161
אני שותֶה ארבעה עשר בקבוקים של חלב!,,hebrew,ani shoteh arba'ah asar bakbukim shel khalav,16299197,2016-06-24,18,Daily,https://duolingo.hobune.stream/comment/16299197
אני שותֶה את היין.,,hebrew,,16251355,2016-06-21,41,"Im confused by the 'את' in the sentence. Something to do with the noun being passive? Would this be acceptable? ""אני שותה היין""",https://duolingo.hobune.stream/comment/16251355
אני שותֶה את המיץ.,,hebrew,,17438487,2016-08-30,21,Why am I getting an error message when my sentence was exactly as above except for the nekudot? Is there a place on my keyboard to insert nekudot?,https://duolingo.hobune.stream/comment/17438487
אני שותֶה רק בירה.,,hebrew,,19936157,2016-12-28,22,Ani shote raq bira.,https://duolingo.hobune.stream/comment/19936157
אני שר לפני שניים עשר גזרים.,,hebrew,,23221125,2017-06-23,33,"Ummmmm, one of duolingo's weirder sentences lol.",https://duolingo.hobune.stream/comment/23221125
אני תמיד חושב פעמיים לפני שאני עושֶה דברים.,,hebrew,ani tamid khoshev pa-amaim leefnei sh-ani oseh dvarim,30173391,2018-12-29,11,ani tamid khoshev pa-amaim leefnei sh-ani oseh dvarim,https://duolingo.hobune.stream/comment/30173391
אנשי הזאב מופיעים כשיש ירח מלא.,,hebrew,,32770801,2019-06-22,10,Hm.. מופיע means appear now? How about perform?,https://duolingo.hobune.stream/comment/32770801
אסור לשופטים לקבל מתנות כי זה כמו שוחד.,,hebrew,,28375976,2018-08-09,6,"Why not ""It is forbidden for judges to accept bribes...""?",https://duolingo.hobune.stream/comment/28375976
אף אחד לא באמת רוצֶה להיות חבר כנסת.,,hebrew,,16262857,2016-06-22,22,"At least in the English I am used to here in Israel, ""Member of Knesset"" is correct. I was marked wrong, and I have reported that my answer should be correct.",https://duolingo.hobune.stream/comment/16262857
אף אחד לא זוכר את העכביש הוורוד.,,hebrew,,16376424,2016-06-28,61,I think I'd remember a pink spider,https://duolingo.hobune.stream/comment/16376424
אף אחד לא יכול לעצור את הזמן.,,hebrew,,17148088,2016-08-12,3,"why not, ""no one is able"" to stop time",https://duolingo.hobune.stream/comment/17148088
"אף על פי שאני קורא הרבה ספרים, אני לא לומד כלום.",,hebrew,,18166571,2016-10-06,19,The sad story of my life...,https://duolingo.hobune.stream/comment/18166571
"אף על פי שהם אוהבים תה, הם לא שותים תה.",,hebrew,,16658445,2016-07-14,11,"Hmmm...I understand that. Even though I love cat, I do not eat cat.",https://duolingo.hobune.stream/comment/16658445
אף פעם לא שיקרתי!,,hebrew,,17872903,2016-09-22,10,Uh huh,https://duolingo.hobune.stream/comment/17872903
אפילו אני חושב שזה יותר מדי.,,hebrew,,16423902,2016-06-30,15,"Man I can read this stuff no problem, but hearing it? Different story haha",https://duolingo.hobune.stream/comment/16423902
אפילו סוסִי יודע את זה!,,hebrew,,19397555,2016-12-01,14,Is this a set expression?,https://duolingo.hobune.stream/comment/19397555
אפס זה מספר.,,hebrew,,22697219,2017-05-19,20,Efes ze mispar.,https://duolingo.hobune.stream/comment/22697219
אפשר ללכת?,,hebrew,efshár laléchet?,17428499,2016-08-29,12,"I tried ""Is it okay to leave?""",https://duolingo.hobune.stream/comment/17428499
ארבעה סלטים זה יותר מדי.,,hebrew,,17335770,2016-08-24,49,"I would also translate it as ""Four salads ARE (not IS) more than enough""; ""Four salads ARE (not IS) too much"" is not proper English. no one ever says that. MUCH is usually used wit",https://duolingo.hobune.stream/comment/17335770
את או היא?,,hebrew,,17092538,2016-08-09,60,You or she,https://duolingo.hobune.stream/comment/17092538
את אוהבת לחם וחלב.,,hebrew,at ohévet léchem ve-chaláv,16272659,2016-06-22,49,"Duolingo, please insert the sound of pronunciation, because we have to learn how to spell the letter",https://duolingo.hobune.stream/comment/16272659
את ילדתי.,,hebrew,,16943346,2016-07-31,27,At yaldati.,https://duolingo.hobune.stream/comment/16943346
את כל כך יפָה.,,hebrew,,23886840,2017-08-07,13,R.I.P. Joe Cocker,https://duolingo.hobune.stream/comment/23886840
את מדליקה אותי!,,hebrew,,16344961,2016-06-26,21,How is the statement technological?,https://duolingo.hobune.stream/comment/16344961
את מי היא אוהבת?,,hebrew,,16737183,2016-07-19,21,Is it just me or does the speaker basically not pronounce th היא. Is that a thing?,https://duolingo.hobune.stream/comment/16737183
את נראית עייפה היום.,,hebrew,,23504454,2017-07-13,11,"Why is ""You seem tired today."" not a valid response? In the description for Nif'al it says that נראה can also be translated as ""seems""!",https://duolingo.hobune.stream/comment/23504454
את פשוט לא מבינה.,,hebrew,,16764571,2016-07-21,10,Can פשוט always act as both an adjective and an adverb?,https://duolingo.hobune.stream/comment/16764571
את רוצָה גבר עשיר?,,hebrew,,23092954,2017-06-15,11,If I was a rich man.. nanananananananananana,https://duolingo.hobune.stream/comment/23092954
אתה אוהב מים?,,hebrew,,16590866,2016-07-10,29,How about Duo teaching alphabet first.,https://duolingo.hobune.stream/comment/16590866
אתה אוכל תפוז.,,hebrew,,19689768,2016-12-14,13,אַתָּה אוֹכֶל תַּפּוּז.,https://duolingo.hobune.stream/comment/19689768
אתה בא או הוא בא?,,hebrew,,16252275,2016-06-21,65,Why does duolingo immerse me in a new alphabet without ever telling me what these letters are? It's like I'm seeing gibberish trying to guess all this stuff.,https://duolingo.hobune.stream/comment/16252275
אתה בא איתי?,,hebrew,,16782337,2016-07-22,15,"do you come with me? really, bad english. Propper translation should be are you coming with me? Please fix it!",https://duolingo.hobune.stream/comment/16782337
אתה הבוס?,,hebrew,atah ha bos,25124398,2017-11-08,1,atah ha bos,https://duolingo.hobune.stream/comment/25124398
אתה המקור לכל הבעיות שלי!,,hebrew,,23480906,2017-07-11,7,Ata ha'makor lechol ha-be'ayot sheli!,https://duolingo.hobune.stream/comment/23480906
אתה ואני.,,hebrew,,16251708,2016-06-21,72,"Is the pronunciation supposed to be "" 'ata ve-'ani "" ? Why does it sound like "" 'ata va-'ani "" ?",https://duolingo.hobune.stream/comment/16251708
אתה חושב שהוא ימשיך עם ההתנהגות הזאת?,,hebrew,,19573326,2016-12-09,9,"The audio is almost incomprehensible, at least on my computer. Even after multiple listenings, with the words in front of me, it sounds like את מהגות הזאת.",https://duolingo.hobune.stream/comment/19573326
אתה יכול בבקשה לפתוח את החלון?,,hebrew,,18397368,2016-10-17,30,Very useful sentence for riding on the bus. :),https://duolingo.hobune.stream/comment/18397368
"אתה יכול לכבות את הטלוויזיה, אני הולך לישון.",,hebrew,,31213023,2019-03-10,6,"The English should rather read : ""...I am going to bed"".",https://duolingo.hobune.stream/comment/31213023
אתה לא אוהב יין.,,hebrew,,16252964,2016-06-21,52,"""lo"" is the same with ""لا"" in Arabic to make the sentence negative",https://duolingo.hobune.stream/comment/16252964
אתה מבשל טוב!,,hebrew,atah m'vashel tov,19356606,2016-11-29,14,It is a verb. The noun would be בשלן.,https://duolingo.hobune.stream/comment/19356606
אתה נראֶה כמו מלפפון.,,hebrew,,22285512,2017-04-22,20,"Hehe, it also brings to mind the dog that looks like a mushroom, in one of the earlier exercises :-D",https://duolingo.hobune.stream/comment/22285512
אתה עדיין אוכל את זה?,,hebrew,atah adain okhel et zeh,16926227,2016-07-30,9,"You know it expired before you were born, right?",https://duolingo.hobune.stream/comment/16926227
"אתה עוד לא מרצֶה, רק אחרי הדוקטורט.",,hebrew,,19855480,2016-12-23,27,"I don't see any possessive in that Hebrew sentence. Shouldn't it be translated ""the PhD?"" Or else have a שלך at the end?",https://duolingo.hobune.stream/comment/19855480
אתה צריך משחת שיניים?,,hebrew,,32954397,2019-07-04,1,Ata tzarich mishchat shinayim,https://duolingo.hobune.stream/comment/32954397
אתה קונֶה בדולרים אוסטרלים או בדולרים אמריקאים?,,hebrew,,17560001,2016-09-06,12,...או בדולרים קנדים?,https://duolingo.hobune.stream/comment/17560001
אתה רואֶה אותי?,,hebrew,,16486704,2016-07-04,15,"Shouldn't this start with ""האם""?",https://duolingo.hobune.stream/comment/16486704
אתה רואֶה משהו ברוטב?,,hebrew,atá ro'é máshehu ba-rótev?,16486560,2016-07-04,38,Yes... I- I think I do... It's my DESTINY!,https://duolingo.hobune.stream/comment/16486560
אתה שוכר את זה?,,hebrew,atá sochér et ze?,16422616,2016-06-30,11,"Why can't it be ""You're renting that?""",https://duolingo.hobune.stream/comment/16422616
אתה שותֶה מים.,,hebrew,,21769938,2017-03-25,18,Atá shoté máyim.,https://duolingo.hobune.stream/comment/21769938
אתם חייבים לאפשר לה לסיים!,,hebrew,,19888813,2016-12-25,11,Need/must/have all sound like they should be accepted...,https://duolingo.hobune.stream/comment/19888813
אתם חייבים לשמוע את זה!,,hebrew,,17284471,2016-08-21,16,"I think this would be better translated as ""you must listen to this""",https://duolingo.hobune.stream/comment/17284471
אתם שלושה נגד שישה!,,hebrew,,17418255,2016-08-29,17,"Why can't it be ""you three against six""?",https://duolingo.hobune.stream/comment/17418255
אתן מברכות?,,hebrew,aten mevarkhot,24400954,2017-09-11,36,"The English translation is unnatural. ""Bless"" is a transitive verb. ""Do you say a blessing?"" might be better.",https://duolingo.hobune.stream/comment/24400954
"אתן נשים טובות, לא רעות!",,hebrew,,16260682,2016-06-22,26,While a grammatically correct sentence I would not suggest anyone actually use this in conversation... the patronizing tone is pretty extreme.,https://duolingo.hobune.stream/comment/16260682
באולימפיאדה הבאה אני אנצח!,,hebrew,,18742765,2016-11-01,16,"""I will win in the next Olympics"" should be accepted. These sentences in Hebrew all have these passive sentence structures like Yoda-speak. Why?",https://duolingo.hobune.stream/comment/18742765
באוסטרליה יש קרחון גדול שכולם הולכים לראות.,,hebrew,,17372733,2016-08-26,21,"The correct vocabulary here is ניו זילנד, New Zealand.",https://duolingo.hobune.stream/comment/17372733
באוסטרליה מצאו הרבה זהב.,,hebrew,,30666919,2019-02-03,8,"With a preposition it is not good to start a sentence. Could you add ""They found a lot of gold in Australia"" to the list of correct answers ?",https://duolingo.hobune.stream/comment/30666919
באיזה סולם הצליל הבא?,,hebrew,,17485327,2016-09-01,21,"I'm unable to understand this sentence. (American musician here.) --> Update: this translation has since been changed to the comprehensible version (""In which key is the next note""",https://duolingo.hobune.stream/comment/17485327
באיזה סיר?,,hebrew,be-eize sir?,24467634,2017-09-16,7,be-eize sir?,https://duolingo.hobune.stream/comment/24467634
"באירופה משתמשים באירו, גם ביוון.",,hebrew,,17661514,2016-09-11,20,Does אירופה traditionally refer to a definition of Europe which excludes Greece ?,https://duolingo.hobune.stream/comment/17661514
באפריל אני רץ מרתון בישראל ובאוגוסט במצרים.,,hebrew,,26278528,2018-02-13,16,The English sentence here gives me a headache... Please fix,https://duolingo.hobune.stream/comment/26278528
בארצות הברית יש יותר מחמישים מושלים.,,hebrew,,18763870,2016-11-02,8,"I had to look this one up. Washington D.C. does not have a governor, but a mayor; it's the territories that have the ""extra"" governors. https://en.wikipedia.org/wiki/Governor_(Unit",https://duolingo.hobune.stream/comment/18763870
"בבקשה, שישה עשר לימונים.",,hebrew,,16357950,2016-06-27,22,"Please can someone explain this sentence to me? I don't understand if this is a request for 16 lemons or someone giving someone 16 lemons. In English ""Here you go ..."" would be giv",https://duolingo.hobune.stream/comment/16357950
בגלל הסכנה אנחנו רצים למקלט.,,hebrew,,16824398,2016-07-24,18,too real,https://duolingo.hobune.stream/comment/16824398
בדרך כלל אני מתגלח לפני שבת אבל השבוע לא התגלחתי כי לא היה לי זמן.,,hebrew,,27077222,2018-04-26,19,whats wrong to translate saturday as shabbat???,https://duolingo.hobune.stream/comment/27077222
בהצלחה.,,hebrew,,16296640,2016-06-23,55,Behatzlakha,https://duolingo.hobune.stream/comment/16296640
בוא לא נדבר על אשמה.,,hebrew,,17206061,2016-08-16,5,Shouldn't that be בואו instead of בוא?,https://duolingo.hobune.stream/comment/17206061
"בוא נגיד שאתה מחליט לברוח, ואז מה?",,hebrew,,49096201,2021-05-05,5,This intonation was the best in the course!,https://duolingo.hobune.stream/comment/49096201
בוא נראה מה הוא יגיד.,,hebrew,,24934923,2017-10-23,10,Do not need to be: ...what he will say?,https://duolingo.hobune.stream/comment/24934923
בואי למסיבה מחר.,,hebrew,,26427363,2018-02-27,6,"Is it masculine, feminine or both?",https://duolingo.hobune.stream/comment/26427363
בואי ננסה למצוא את המכנסיים שלי.,,hebrew,,18438771,2016-10-18,20,Yeah! That sounds like fun! Except for the part where your trousers are missing in the first place.,https://duolingo.hobune.stream/comment/18438771
בוקר טוב או לילה טוב?,,hebrew,,16263108,2016-06-22,11,When you crossed the time zones so many times you end up not knowing *when* it is.,https://duolingo.hobune.stream/comment/16263108
"בוקר טוב, אני מדבר עברית!",,hebrew,,16252002,2016-06-21,44,This is a good sentence to suddenly tell your family after you wake up tomorrow.,https://duolingo.hobune.stream/comment/16252002
בוקר יפֶה.,,hebrew,,16282262,2016-06-23,38,Sounds like a coming-of-age film.,https://duolingo.hobune.stream/comment/16282262
"בזמן שאני אוכל, אני לא מדבר.",,hebrew,,16487910,2016-07-04,25,"I just realized the correlation with זמן. So in other words, בזמן ש literally translates as 'in the time that '..",https://duolingo.hobune.stream/comment/16487910
ביום שישי הבא אני אבקר במערת המכפלה.,,hebrew,,16572685,2016-07-09,15,"Wow, two sentences on the Cave of the Patriarchs? I don't consider it such a central place as to deserve so much attention... Then again I'm not sure why there's a whole class on r",https://duolingo.hobune.stream/comment/16572685
ביום שישי נגמר לי החוזה.,,hebrew,,16252058,2016-06-21,9,why isn't it:ביום שישי החוזה שלי נגמר?,https://duolingo.hobune.stream/comment/16252058
בינואר עזבתי את הצבא וקניתי אי.,,hebrew,,26448890,2018-03-01,4,Wow the army must pay well,https://duolingo.hobune.stream/comment/26448890
"ביני לבינךָ, אני אוכל את כל השוקולד.",,hebrew,,16410165,2016-06-30,49,Does this mean it's a secret between us??,https://duolingo.hobune.stream/comment/16410165
"בינינו, אני אוהב אותה.",,hebrew,,16971124,2016-08-02,22,Between you and me should be acceptable as well.,https://duolingo.hobune.stream/comment/16971124
ביצה עולָה תשעים וחמש אגורות.,,hebrew,,19065237,2016-11-16,7,@matthew.wells your examples use the continuous tense because they are events that are ongoing in the experience of the people veing discussed. The same does not apply to the quest,https://duolingo.hobune.stream/comment/19065237
בכל יום שלישי בעלי נותן לי ורד!,,hebrew,,16824389,2016-07-24,7,"having the masculine voice for this is nice, duolingo",https://duolingo.hobune.stream/comment/16824389
בכל פעם שאני מדליק את הטלוויזיה אני רואֶה ערפדים או זומבים.,,hebrew,,17784408,2016-09-17,16,Shame isn't it?,https://duolingo.hobune.stream/comment/17784408
בכנסת יש מאה ועשרים חברי כנסת.,,hebrew,,25040955,2017-11-01,10,"This translation is a little awkward. We would say there are 120 members in the Knesset, or the Kessel has 120 members.",https://duolingo.hobune.stream/comment/25040955
בלילה הוא בוכֶה לבד במרתף.,,hebrew,,16421071,2016-06-30,17,Sentences like this really make wonder about the well-being of the course creators.,https://duolingo.hobune.stream/comment/16421071
בלשנות היא מקצוע קשֶה.,,hebrew,balshanut he miktsóa kashe,28210373,2018-07-28,12,"Well, a philologist (בַּלְשָׁן) is a master of the tongue (בַּ֫עַל־לָשׁוֹן). Although this is folk-etymology, it is a nice derivation.",https://duolingo.hobune.stream/comment/28210373
במקרה חירום אנחנו מזמינים את מגן דוד אדום.,,hebrew,,24027804,2017-08-16,34,"""In an emergency we order Magen David Adom."" What's wrong with that? I'm surprised how easily Duolingo uses ""In case of..."" and ""...we ask for..."" for the translation. It's so gene",https://duolingo.hobune.stream/comment/24027804
בן זוגו עובד אבל הוא לא.,,hebrew,,16616624,2016-07-12,54,A gay couple.,https://duolingo.hobune.stream/comment/16616624
בסדר.,,hebrew,,16462431,2016-07-03,15,"Literally ""in order"" (as in ""all things are in order"").",https://duolingo.hobune.stream/comment/16462431
בסוף יבוא שלום.,,hebrew,,17768629,2016-09-16,3,שאלו שלום ירושליים,https://duolingo.hobune.stream/comment/17768629
בצרפת מדברים צרפתית.,,hebrew,,17322751,2016-08-23,8,"A better translation would be ""in France they speak French"". It could also be ""in France you speak French"". DL seems to like to translate the indefinite plural as ""one"" does, but t",https://duolingo.hobune.stream/comment/17322751
בקבוקי היין האלה הם יקרים.,,hebrew,,16872759,2016-07-27,16,"I'm not always sure when a pronoun (such as הם here) is needed and when it can be omitted. I can see that it occurs when the noun is the subject of the sentence, but it seems to me",https://duolingo.hobune.stream/comment/16872759
ברוך הבא!,,hebrew,,16839241,2016-07-25,40,"I must say, I learn so much from these comments alone.",https://duolingo.hobune.stream/comment/16839241
ברוכה הבאה.,,hebrew,,16259619,2016-06-22,18,"I checked, and the pronunciation is written as ""brukha ha-ba'a""",https://duolingo.hobune.stream/comment/16259619
בשביל מה יש לנו שוקולד?,,hebrew,,19338911,2016-11-29,29,"Why does ""why do we have chocolate"" not work here?",https://duolingo.hobune.stream/comment/19338911
בת זוגי עובדת ואני מגדל את ילדינו.,,hebrew,,16252919,2016-06-21,37,The Hebrew team brought feminism to Doulingo. Good job! =D,https://duolingo.hobune.stream/comment/16252919
בתוכה או בתוככן?,,hebrew,,16268591,2016-06-22,19,I honestly can’t think of a non-obscene use of this question someone would normally use.,https://duolingo.hobune.stream/comment/16268591
בתיאבון!,,hebrew,,16253028,2016-06-21,104,The hebrew should be automatically pronounced. It would also be great of there was a way to slow down the pronounciation like in the Spanish course.,https://duolingo.hobune.stream/comment/16253028
גברים ממאדים ונשים מנוגה.,,hebrew,gvarím mi-ma'adím ve-nashím mi-nóga,16252939,2016-06-21,11,![](http://i.imgur.com/41mJ8Ro.jpg),https://duolingo.hobune.stream/comment/16252939
גברים רואים.,,hebrew,gvarím ro'ím,16457060,2016-07-02,24,i answered: men are seeing. but this was not accepted?,https://duolingo.hobune.stream/comment/16457060
גלמים לא יכולים לדבר.,,hebrew,,20737652,2017-02-07,16,"What is the difference between ""golems cant talk"" and ""golems are not able to speak?"" Every golem i know says that they agree with me.",https://duolingo.hobune.stream/comment/20737652
גם אני אוהב ללמוד!,,hebrew,,16821780,2016-07-24,15,"Is there in Hebrew (like in English) a difference between - גמ אני אוהב ללמוד = I, too, like to learn. (others like to learn, and so do I) and - אני גם אוהב ללמוד = I like to learn",https://duolingo.hobune.stream/comment/16821780
גנטיקה היא מדע מסוכן.,,hebrew,,17125330,2016-08-11,11,גֵּנֵטִיקָה הִיא מַדָּע מְסוּכָּן,https://duolingo.hobune.stream/comment/17125330
גרמנית היא שפה יפָה.,,hebrew,,17322718,2016-08-23,27,Why you always lyin,https://duolingo.hobune.stream/comment/17322718
גשם של חצים יורד על האויב.,,hebrew,,32773531,2019-06-22,2,Geshem shel chetzim yored al ha'oyev,https://duolingo.hobune.stream/comment/32773531
גשרים בין קהילות הם דבר טוב.,,hebrew,,17246102,2016-08-18,21,"I think that ""Bridges between communities"" does not refer to actual bridges, plural, but is, instead, a metaphor about communication, so ""a good thing"" refers to the concept, singu",https://duolingo.hobune.stream/comment/17246102
דגל ישראל מורכב משני משולשים.,,hebrew,,20343407,2017-01-17,6,"This is not factual. The flag of Nepal is composed of two triangles. The Israeli flag has a magen david drawn on it, and the magen david can be drawn as two triangles. But the flag",https://duolingo.hobune.stream/comment/20343407
דע שאני כאן לעזור.,,hebrew,,28336306,2018-08-06,4,Nice sentence. .,https://duolingo.hobune.stream/comment/28336306
דעו את אויביכם.,,hebrew,,17054073,2016-08-07,15,[![](http://i.imgur.com/ZADKMCp.png)](https://www.youtube.com/watch?v=9IclmVdWNbI),https://duolingo.hobune.stream/comment/17054073
דעי שזה חשוב.,,hebrew,,26427366,2018-02-27,4,De'i she'ze chashuv,https://duolingo.hobune.stream/comment/26427366
האבא או האמא?,,hebrew,,16251635,2016-06-21,38,Why does the א sound always change?,https://duolingo.hobune.stream/comment/16251635
האבא אוהב.,,hebrew,,16251464,2016-06-21,106,First comment! Yay! I am unsure of how this is pronounced. Can someone please clarify?,https://duolingo.hobune.stream/comment/16251464
האבא בא.,,hebrew,,16251472,2016-06-21,78,"general feedback: I love seeing Hebrew on Duolingo, thanks for putting in the effort! However, starting with sentences (even easy ones) instead of letters is a bit strong for most ",https://duolingo.hobune.stream/comment/16251472
האבא בא?,,hebrew,,16273009,2016-06-22,18,"In English you don't really say the dad, it doesn't sound right at all. You say ""Is Dad coming?"" with a capital D.",https://duolingo.hobune.stream/comment/16273009
האבא.,,hebrew,,16251163,2016-06-21,115,First comment ever in the Hebrew course!,https://duolingo.hobune.stream/comment/16251163
האביר מביא את הסוס שלו למשתה.,,hebrew,,24000228,2017-08-14,16,He couldn't get a date?,https://duolingo.hobune.stream/comment/24000228
האגדה מספרת על דרקון שגר בארמון.,,hebrew,"""tells about"" should be acceptable",18011843,2016-09-28,8,"Sometimes ""fairy tale"" is accepted but other times it isn't!",https://duolingo.hobune.stream/comment/18011843
האוכל חם?,,hebrew,,16254889,2016-06-21,37,So is food(אוכל) and the masculine form of eat(אוכל) the same?,https://duolingo.hobune.stream/comment/16254889
האוכלוסייה של סין היא האוכלוסייה הכי גדולה.,,hebrew,ha-ukhlusiyah shel sin hee ha-ukhlusiyah hakhí gdolah,27511923,2018-06-03,17,ha-ukhlusiyah shel sin hee ha-ukhlusiyah hakhí gdolah,https://duolingo.hobune.stream/comment/27511923
האור.,,hebrew,,31781024,2019-04-17,3,ha-or,https://duolingo.hobune.stream/comment/31781024
האיום הוא אמיתי ומיידי.,,hebrew,,31865889,2019-04-24,9,ha-iyum hu amiti v-miyadi,https://duolingo.hobune.stream/comment/31865889
האישה קוראת.,,hebrew,,16306345,2016-06-24,41,"I know we have to make some mistakes, in order to learn, but the Hebrew course, is the only one in my courses that doesn't teach the word before correct us. There is no orange word",https://duolingo.hobune.stream/comment/16306345
האישה רואָה את הגבר הגבוה.,,hebrew,,16427957,2016-07-01,15,"Is this only literal ""seeing"" in Hebrew, or can it also mean ""dating"" as in English?",https://duolingo.hobune.stream/comment/16427957
האישה רוצָה לחם.,,hebrew,,17769387,2016-09-16,25,Let her eat עוגה.,https://duolingo.hobune.stream/comment/17769387
האם אבא בא?,,hebrew,,16251607,2016-06-21,122,"So, the difference between ""dad is coming"" and ""is dad coming?"" Is just the question mark. Now I understand.",https://duolingo.hobune.stream/comment/16251607
האם אמא באה?,,hebrew,,16266704,2016-06-22,113,"Just wanted to clear things up: If you are interested in spoken Hebrew, the word ''האם'' is correct but not often used in Israel. The word is simply dropped: ''אמא באה?''",https://duolingo.hobune.stream/comment/16266704
האם את לומדת מאיתנו?,,hebrew,,16798165,2016-07-23,30,Why is it מאיתנו and not ממנו?,https://duolingo.hobune.stream/comment/16798165
האם אתה בא?,,hebrew,,16251902,2016-06-21,122,"Could this also be ""?אתה בא""?",https://duolingo.hobune.stream/comment/16251902
האם אתה יודע שבת דודה היא הבת של הדודה?,,hebrew,,16311226,2016-06-24,37,Hmmm... never occurred to me,https://duolingo.hobune.stream/comment/16311226
האם האמא באה?,,hebrew,,17822880,2016-09-19,53,What is the האם?,https://duolingo.hobune.stream/comment/17822880
האם היא אוהבת מים?,,hebrew,ha'ím hi ohévet máyim?,16281926,2016-06-23,80,WHAT IS THIS WORD האם ?,https://duolingo.hobune.stream/comment/16281926
האם טריגונומטריה חשובה בעולם האמיתי?,,hebrew,,16376990,2016-06-28,10,כן! …. אם את לא רוצה שהגשר ייפול לתוך הנהר.‏,https://duolingo.hobune.stream/comment/16376990
האם יש אהבה בתוככם?,,hebrew,,17223950,2016-08-17,34,Damn duolingo you're deep!,https://duolingo.hobune.stream/comment/17223950
האם יש בתוכם שוקולד?,,hebrew,ha'ím yesh betochám shókolad?,18027457,2016-09-29,11,Now the pronounciation starts to go quicker...I would like a button to click on to practise slower mode when I find it helpful. Maybe a slower motion option would be an idea for a ,https://duolingo.hobune.stream/comment/18027457
האם יש להן תפוח חמוץ?,,hebrew,ha'ím yesh lahén tapúach chamútz?,18504563,2016-10-21,26,"How could I distinguish לכן/לכם from להן/להם? Tips are saying the third person pronouns have ""h"" sound while the second ones - ""kh"", but in fact they sound roughly equal.",https://duolingo.hobune.stream/comment/18504563
האמא אוהבת חלב ולחם,,hebrew,,16252855,2016-06-21,36,"Why is ""the mom loves milk and bread"" incorrect?",https://duolingo.hobune.stream/comment/16252855
האמא אוהבת חלב ולחם.,,hebrew,,16280516,2016-06-23,33,This sentence would be more accurate as: האמא אוהבת יין,https://duolingo.hobune.stream/comment/16280516
האמא אוהבת לחם וחלב.,,hebrew,ha-íma ohévet lékhem ve-khaláv,16567107,2016-07-09,38,"In Hebrew we don't letters for vowels. We have dots (Nikkud) and it pretty much base on memorizing the way of saying the words. Some letters give you hints like ו, י, ה, א. Basicly",https://duolingo.hobune.stream/comment/16567107
האמא אוהבת לחם.,,hebrew,ha-íma ohévet léchem,17075081,2016-08-08,10,Meanwhile in Israel -- the dove likes wine and the mom likes bread?,https://duolingo.hobune.stream/comment/17075081
האמא באה.,,hebrew,,16251507,2016-06-21,224,"Why is ""coming/comes"" sometimes ""בא"" and sometimes ""באה""?",https://duolingo.hobune.stream/comment/16251507
האמא באה?,,hebrew,,16251121,2016-06-21,23,The translation of 'האמא באה?' should be 'The mom comes?'. 'Is the mom coming?' would be 'האם האמא באה?',https://duolingo.hobune.stream/comment/16251121
האמא תומכת בילדים שלה.,,hebrew,,16278683,2016-06-23,42,No surprise this would be in the Hebrew course.,https://duolingo.hobune.stream/comment/16278683
האמבטיה מלאה בחומוס.,,hebrew,,16441081,2016-07-01,25,Only in Israel ;D,https://duolingo.hobune.stream/comment/16441081
האמנתי שאני ניצחתי.,,hebrew,,16294189,2016-06-23,62,Wrong audio file playing for this sentence ('Why didn't you invite him to the party'),https://duolingo.hobune.stream/comment/16294189
האריה אוכל ילד.,,hebrew,,16268049,2016-06-22,164,New favorite sentence.,https://duolingo.hobune.stream/comment/16268049
האריה בורח!,,hebrew,ha-aryé boréach,17206901,2016-08-16,29,THE COWARDLY LION,https://duolingo.hobune.stream/comment/17206901
האריות אוכלים ארנבים.,,hebrew,,16609426,2016-07-11,43,I thought that they were translating ארנבים as hares.,https://duolingo.hobune.stream/comment/16609426
הארמון נמצא על הגבעה.,,hebrew,ha-armón neemtzá al ha-geevah,42747842,2020-10-06,4,ha-armón neemtzá al ha-geevah,https://duolingo.hobune.stream/comment/42747842
הבוס עצמו אמר לי את זה.,,hebrew,,28389365,2018-08-10,11,Better English or alternative acceptable is The boss told me this himself,https://duolingo.hobune.stream/comment/28389365
הבחורה הולכת לבית הקפה.,,hebrew,,28842462,2018-09-12,8,ha-bakhurah holekhet L-beit ha-kafeh,https://duolingo.hobune.stream/comment/28842462
הבטיחות שלהם חשובה לי.,,hebrew,,34086205,2019-09-13,10,"Why is ""security"" marked wrong?",https://duolingo.hobune.stream/comment/34086205
"הביצה, יש בתוכה לימון?",,hebrew,"ha-beitzá, yesh betochá limón?",17092489,2016-08-09,20,There can be thousands of meaningful sentences and they still put the most weird ones,https://duolingo.hobune.stream/comment/17092489
הבית שלי נפל על המכשפה מהמזרח.,,hebrew,,20714255,2017-02-06,14,אין מקום קמו בית. ?It's ok,https://duolingo.hobune.stream/comment/20714255
הבמאי טס לרוסיה.,,hebrew,,54994713,2022-01-03,1,ha-bamáy tas le-rúsya.,https://duolingo.hobune.stream/comment/54994713
הבמאי לא עובד במאי.,,hebrew,,16665974,2016-07-14,24,Nice sentence!,https://duolingo.hobune.stream/comment/16665974
הבן שלי קונֶה הכל בכרטיס אשראי.,,hebrew,,23610816,2017-07-20,13,Why is it not את הכל?,https://duolingo.hobune.stream/comment/23610816
הבננה שלי בכיס.,,hebrew,,16354645,2016-06-27,45,"if you know what i mean, wink wink",https://duolingo.hobune.stream/comment/16354645
הבננה שלי טעימה!,,hebrew,,16253680,2016-06-21,48,( ͡° ͜ʖ ͡°),https://duolingo.hobune.stream/comment/16253680
הבעיטה שלו חזקה.,,hebrew,ha-be'itá sheló chazaká,52472557,2021-09-21,2,הַבְּעִיטָה שֶׁלּוֹ חֲזָקָה.,https://duolingo.hobune.stream/comment/52472557
הברווז שוחֶה מתחתיי.,,hebrew,,17165995,2016-08-14,16,What kind of duck is that?,https://duolingo.hobune.stream/comment/17165995
הברווז שלי לא רוצֶה לאכול אתכם.,,hebrew,,16398181,2016-06-29,64,well - that's a sentence that will come in handy.,https://duolingo.hobune.stream/comment/16398181
הברווזה והברווז.,,hebrew,,16420994,2016-06-30,44,"I never say drake in English, but you learn something everyday.",https://duolingo.hobune.stream/comment/16420994
הברווזים הבודדים מחפשים את הדרך הביתה.,,hebrew,,31857773,2019-04-23,11,Sad...,https://duolingo.hobune.stream/comment/31857773
הברווזים החומים אוכלים דגים ורודים.,,hebrew,,16378985,2016-06-28,58,"This course desperately needs a slow speech button and audio when hovering over each word. Trying to decipher this audio into separate words is very difficult, especially for those",https://duolingo.hobune.stream/comment/16378985
הברווזים לא שונאים אותנו!,,hebrew,,22389461,2017-04-28,15,I would hope not,https://duolingo.hobune.stream/comment/22389461
הברווזים קוראים לי?,,hebrew,ha-barvazím kor'ím li?,16422201,2016-06-30,21,Well looks like somebody had too much יין,https://duolingo.hobune.stream/comment/16422201
הגבר אוכל תפוז יפֶה.,,hebrew,ha-géver ochél tapúz yafé,16358186,2016-06-27,25,ha-géver ochél tapúz yafé.,https://duolingo.hobune.stream/comment/16358186
הגבר והחתול שלו רוקדים.,,hebrew,,16422498,2016-06-30,36,:D :D,https://duolingo.hobune.stream/comment/16422498
הגבר חותם ואני לא חותם.,,hebrew,,16267999,2016-06-22,15,Is this sign as in sign language or sign as in signature?,https://duolingo.hobune.stream/comment/16267999
הגבר שותֶה מים.,,hebrew,ha géver shoteh máim,22410405,2017-04-30,6,ha géver shoteh máim,https://duolingo.hobune.stream/comment/22410405
הגברים והנשים שמחים.,,hebrew,ha-gvarim ve-ha-nashim smekhim,18513850,2016-10-21,6,ha-gvarim ve-ha-nashim smekhim,https://duolingo.hobune.stream/comment/18513850
הגברים מוכרים לנו שמונה עשר משקפיים.,,hebrew,ha-gvarím mochrím lanu shmoná asár mishkafáyim,26620614,2018-03-18,7,ha-gvarím mochrím lanu shmoná asár mishkafáyim.,https://duolingo.hobune.stream/comment/26620614
הגיע הזמן להפסקת אוכל.,,hebrew,,22303223,2017-04-23,8,"why is it specifically a lunch break. What is wrong with ""the time for a meal break has arrived""",https://duolingo.hobune.stream/comment/22303223
הגשם הזה מזכיר לי את החורף האחרון.,,hebrew,ha-géshem ha-zeh mazkír li et ha-khóref ha-akharón,30250824,2019-01-05,6,ha-géshem ha-zeh mazkír li et ha-khóref ha-akharón,https://duolingo.hobune.stream/comment/30250824
הדבורה נמצאת עליך!,,hebrew,ha-dvorá nimtzét aláyich,17050730,2016-08-07,19,"shoudn't it be pronounced ""alekha"" and not ""alayikh""",https://duolingo.hobune.stream/comment/17050730
הדג שוחֶה בתוך המיץ.,,hebrew,,16579607,2016-07-09,35,Scandalous business!,https://duolingo.hobune.stream/comment/16579607
הדוב אוכל.,,hebrew,ha-dov ochél,16269021,2016-06-22,26,"Wrote ""a dove eats"" LOL",https://duolingo.hobune.stream/comment/16269021
הדוב מוצא גזר ושר איתו.,,hebrew,,16301284,2016-06-24,55,Sounds legit.,https://duolingo.hobune.stream/comment/16301284
הדולר האמריקאי הוא ירוק.,,hebrew,,28075613,2018-07-19,3,"This reminded me of the Kingston Trio song Greenback Dollar. Is anybody else old enough to remember when it was controversial to have the word damn in a song, so it was blanked out",https://duolingo.hobune.stream/comment/28075613
הדירה שלי נמצאת במגדל.,,hebrew,,21202372,2017-02-27,13,"Why is in ""the"" tower wrong? I thought a word beginning with ב could be either ""a"" or ""the"".",https://duolingo.hobune.stream/comment/21202372
הדעה של עורך הדין מקבילה לדעה של השופט.,,hebrew,,16376686,2016-06-28,15,it could be parallels but these translations are so wishy washy,https://duolingo.hobune.stream/comment/16376686
ההמלצה שלי היא לעזוב מיד.,,hebrew,,28367711,2018-08-08,7,Ha'hamlatza sheli hee¹ la'azov miyad. ¹ ee = i in the IPA.,https://duolingo.hobune.stream/comment/28367711
ההצפה נגרמה על ידי כיור שבור.,,hebrew,,17657707,2016-09-11,19,"I believe מבול is more than a flood. It's a deluge. As the king of France purportedly said, ""Apres moi המבול"".",https://duolingo.hobune.stream/comment/17657707
ההשקעה הופכת לחוב.,,hebrew,,19362293,2016-11-29,17,Ha-haska'a hofechet le'chov.,https://duolingo.hobune.stream/comment/19362293
ההשקעה הזאת מסוכנת מדי.,,hebrew,,50741476,2021-07-12,1,Ha-hashqa’a hazot mesukenet midai.,https://duolingo.hobune.stream/comment/50741476
ההתנהגות שלו מוזרה היום.,,hebrew,,48463547,2021-04-12,3,Ha-hitnahagut shelo muzara hayom. Feminine muzara matches feminine hitnahagut.,https://duolingo.hobune.stream/comment/48463547
הוא אוכל שמונֶה ביצים.,,hebrew,,17758256,2016-09-16,16,He loves the smell of sulfur in the morning,https://duolingo.hobune.stream/comment/17758256
הוא אומר דבר אחד ועושה דבר אחר.,,hebrew,,17327735,2016-08-23,18,Hu omer davar ekhad ve-ose davar akher.,https://duolingo.hobune.stream/comment/17327735
הוא אומר שמחר הוא יתקרב לצרפת.,,hebrew,,22687824,2017-05-19,9,"What does this sentence mean? It's so bizarre. ""to approach France"". Is he like doing a Europe tour with his car and he is now approaching the French borders?",https://duolingo.hobune.stream/comment/22687824
הוא אמר שהוא יתן לי מברשת שיניים.,,hebrew,,16307048,2016-06-24,4,He sounds incredibly depressed while admitting to this fact.,https://duolingo.hobune.stream/comment/16307048
הוא בא.,,hebrew,,16251580,2016-06-21,91,"Pronouns in Hebrew can be confusing in English! She is היא(he), he is הוא(hu), who is מי(mi) and me is אני(ani)!",https://duolingo.hobune.stream/comment/16251580
הוא באמת כתב את התזה שלו בשוודית?,,hebrew,,31070942,2019-02-28,4,Hu be'emet katav et ha'teza shelo be'shvedit?,https://duolingo.hobune.stream/comment/31070942
הוא גבר.,,hebrew,,16255572,2016-06-21,15,hu géver,https://duolingo.hobune.stream/comment/16255572
הוא הגיע לבית הספר.,,hebrew,,24108007,2017-08-21,6,"Is this an error to translate לבית הספר ""at school''? I would think that the 'lamed' would make the translation 'to the school'. Also the 'hey' in 'beit Hasefer'; even if the 'lame",https://duolingo.hobune.stream/comment/24108007
הוא הולך לכנסייה בכל שבוע.,,hebrew,,27140187,2018-05-01,21,He goes to church every week would be the proper English translation.,https://duolingo.hobune.stream/comment/27140187
הוא הולך לשם.,,hebrew,,20782968,2017-02-08,8,"I wonder why ""He goes to there"" (which feels like perfectly good English to me) isn't accepted?",https://duolingo.hobune.stream/comment/20782968
הוא התנדב לטוס לירח.,,hebrew,,22919288,2017-06-03,4,"The closest translation possible with the provided word choices is ""He volunteered flying to the moon"". I think ""He volunteered to fly to the moon"" might be better.",https://duolingo.hobune.stream/comment/22919288
הוא חיכה וחיכה אבל אף אחד לא בא.,,hebrew,,16851255,2016-07-26,11,Probably the saddest sentence in Duolingo,https://duolingo.hobune.stream/comment/16851255
הוא לא חותך אותנו!,,hebrew,,16311517,2016-06-24,65,Some of these sentences are disturbing... though I guess it would be more disturbing if he did...,https://duolingo.hobune.stream/comment/16311517
הוא לא לידכם.,,hebrew,,19697903,2016-12-15,13,"Shouldn't ""he is not near you"" be accepted as well?",https://duolingo.hobune.stream/comment/19697903
הוא לובש מעיל צבעוני.,,hebrew,,16311565,2016-06-24,28,Joseph??!?,https://duolingo.hobune.stream/comment/16311565
הוא מחפש דגימות בשביל המחקר.,,hebrew,,50437647,2021-06-28,1,Hu mekhapes dgimot bishvil ha-mekhqar.,https://duolingo.hobune.stream/comment/50437647
הוא מלמד הולנדית.,,hebrew,,50924053,2021-07-20,2,Hu melamed holandit.,https://duolingo.hobune.stream/comment/50924053
הוא משלם על המשאית החדשה שלו.,,hebrew,would bishvil be accepted instead of al?,23712963,2017-07-26,15,"How often does על mean ""for"" in Hebrew?",https://duolingo.hobune.stream/comment/23712963
"הוא נגדה, היא נגדו, והם נגדכם.",,hebrew,,17125833,2016-08-11,29,Why can't we all just get along?,https://duolingo.hobune.stream/comment/17125833
הוא ניסה הרבה פעמים אבל זה לא אפשרי.,,hebrew,,27381518,2018-05-22,9,"I wrote "" he tried many times but it was not possible, and I got this answer: ""You used the wrong word. He tried many times but it has not possible.""",https://duolingo.hobune.stream/comment/27381518
הוא צלם אופנה מפורסם.,,hebrew,,50696773,2021-07-10,1,צלם= photographer אופנה= fashion,https://duolingo.hobune.stream/comment/50696773
הוא צריך להבקיע שלושער אם הם רוצים לנצח.,,hebrew,,16439545,2016-07-01,20,מה שלושער? מעולם לא שמעתי מזה,https://duolingo.hobune.stream/comment/16439545
הוא קונֶה ארון גדול.,,hebrew,,23626019,2017-07-21,13,How do you buy a closet?,https://duolingo.hobune.stream/comment/23626019
הוא קורא ספר.,,hebrew,,16480087,2016-07-04,21,hu koré séfer.,https://duolingo.hobune.stream/comment/16480087
הוא ראה שעון יפֶה.,,hebrew,,49367123,2021-05-15,2,Hoo ra-a shaon yafe.,https://duolingo.hobune.stream/comment/49367123
הוא שונא אותי אך אני לא שונא אותו.,,hebrew,,16280342,2016-06-23,19,What's the difference between אך and אבל?,https://duolingo.hobune.stream/comment/16280342
הוא שותֶה את שבע הבירות בשלוש דקות.,,hebrew,,30049839,2018-12-18,9,How do you know when to use שבעת instead of שבע?,https://duolingo.hobune.stream/comment/30049839
הוא שותֶה משקאות חריפים.,,hebrew,hu shoteh mashka'ot kharifim,16502609,2016-07-05,39,"In the Shulchan Aruch, יין חריף means booze,like whiskeys and the like. So this usage predates modern Hebrew.",https://duolingo.hobune.stream/comment/16502609
הוא שר.,,hebrew,hu shar,23147179,2017-06-19,8,hu shar,https://duolingo.hobune.stream/comment/23147179
הוא תמיד היה ותמיד יהיה הסמל של הקבוצה.,,hebrew,,48339247,2021-04-07,3,Hu' tamid hayah vetamid yihyeh ha-sémel shel ha-qvutsah.,https://duolingo.hobune.stream/comment/48339247
הוא תמיד יזכיר לי את הטובה שהוא עשה לי.,,hebrew,,29397446,2018-10-26,27,Seriously? He did me??,https://duolingo.hobune.stream/comment/29397446
הז'קט שלהם לא יפֶה.,,hebrew,ha-jaket shelahem lo yafeh,22995036,2017-06-08,36,ha-jaket shelahem lo yafeh,https://duolingo.hobune.stream/comment/22995036
הזמֵן את כולם למסיבה!,,hebrew,,52782515,2021-10-08,9,if something has a personal suffix then it is definite and so you need the את,https://duolingo.hobune.stream/comment/52782515
הזמן עובר לאט לאט.,,hebrew,,17193005,2016-08-15,13,Perhaps this should accept: **The time passes very slowly**,https://duolingo.hobune.stream/comment/17193005
הזנב שלו ארוך.,,hebrew,,16307140,2016-06-24,36,"I actually appreciate audio that doesn't always pronounce it a 100% clear. Accuracy is more important, but people won't speak 100% clear to us when we leave this course. We do have",https://duolingo.hobune.stream/comment/16307140
החברות שלי השתכרו ונפלו מהצוק.,,hebrew,,19462516,2016-12-04,9,Dark.,https://duolingo.hobune.stream/comment/19462516
החוזה יהיה באירו.,,hebrew,ha-khozeh yihié b-éro,47760339,2021-03-18,3,ha-khozeh yihié b-éro,https://duolingo.hobune.stream/comment/47760339
החזיר מדבר אליהם.,,hebrew,,17503289,2016-09-02,47,Are other people having trouble differentiating הם and הן in the listening ones?,https://duolingo.hobune.stream/comment/17503289
החזרזירים הקטנטנים מחפשים את אמא שלהם.,,hebrew,,16993269,2016-08-03,22,"I wrote ""little"" instead of ""tiny"", why is it wrong?",https://duolingo.hobune.stream/comment/16993269
החייל הלך להתאושש בחדר האורחים.,,hebrew,,48741235,2021-04-22,2,Ha-khayal halakh lehit’oshesh be-khadar ha-orkhim.,https://duolingo.hobune.stream/comment/48741235
החיילים הולכים דרומה.,,hebrew,,19771148,2016-12-19,8,Everything goes south eventually :D,https://duolingo.hobune.stream/comment/19771148
החיילים הצעירים ילמדו שהחיים הם לא קלים.,,hebrew,,30300133,2019-01-09,7,"'that life is not easy', why do they use the definite article for חיים? It seems awkward.",https://duolingo.hobune.stream/comment/30300133
החיילים מקנאים בתלמידים.,,hebrew,,19878031,2016-12-24,31,"The solders envy the students is the most accurate translation, imho.",https://duolingo.hobune.stream/comment/19878031
החלב של החתול.,,hebrew,,21193359,2017-02-27,29,"Why isn't this translated as ""the cat's milk""? I assume both are applicable, essentially being the same.",https://duolingo.hobune.stream/comment/21193359
החלון השלישי או הרביעי?,,hebrew,,28871725,2018-09-14,10,The third window or fourth? Why is this wrong?,https://duolingo.hobune.stream/comment/28871725
החמאה היא באיכות נמוכה.,,hebrew,,19017996,2016-11-14,6,"Better: ""of poor quality""",https://duolingo.hobune.stream/comment/19017996
החמור יפֶה.,,hebrew,ha-chamór yafé,16251770,2016-06-21,28,First favorite sentence.,https://duolingo.hobune.stream/comment/16251770
החקלאי לובש חולצה שחורה.,,hebrew,ha-khaklai lovésh khultzah shkhorah,16488944,2016-07-04,17,ha-khaklai lovésh khultzah shkhorah,https://duolingo.hobune.stream/comment/16488944
החרב שברה את המגן של האביר.,,hebrew,,19057226,2016-11-16,9,Sounds fine to me.,https://duolingo.hobune.stream/comment/19057226
החתול אוהב לישון על המקלדת.,,hebrew,,23859357,2017-08-05,9,he-ha-tool not ha-ha-tool,https://duolingo.hobune.stream/comment/23859357
החתול האפור שותֶה חלב.,,hebrew,ha-khatul ha-afor shoteh khalav,23896864,2017-08-08,4,ha-khatul ha-afor shoteh khalav,https://duolingo.hobune.stream/comment/23896864
החתול שם כפפות.,,hebrew,ha-chatúl sam kfafót,16280650,2016-06-23,41,"A cat in a hat or a puss in boots, no problem. But a kitten in mittens? I don't buy it.",https://duolingo.hobune.stream/comment/16280650
החתולה שלי לומדת אנגלית.,,hebrew,,16305252,2016-06-24,56,"Bad joke: If you name your cat ""meow"", it can introduce itself!",https://duolingo.hobune.stream/comment/16305252
החתולים שלי אף פעם לא מתקלחים!,,hebrew,,23322978,2017-07-01,9,"Oh my goodness! What a coincidence, neither do mine!",https://duolingo.hobune.stream/comment/23322978
הטבח מכין שקשוקה?,,hebrew,ha-tabách mechín shakshúka?,52731516,2021-10-06,1,ha-tabách mechín shakshúka?,https://duolingo.hobune.stream/comment/52731516
הטובים מנצחים את הרעים.,,hebrew,,16875129,2016-07-27,29,"I misheard it as ""הדובים""... which would be really bad for the bad :)",https://duolingo.hobune.stream/comment/16875129
הטירה הזאת לא יְשָׁנָה מדי?,,hebrew,,17828544,2016-09-20,26,How can a castle be too old? Too old for what?,https://duolingo.hobune.stream/comment/17828544
היא אוהבת אותי!,,hebrew,,16344775,2016-06-26,22,The male voice is so ... enchanting and energetic. Thanks a lot !,https://duolingo.hobune.stream/comment/16344775
"היא אוהבת חיות, לכן יש לה כלב וסוס.",,hebrew,hee ohévet khayot lakhén yesh lah kélev ve-sus,17448477,2016-08-30,26,"Why is ""so"" wrong ?",https://duolingo.hobune.stream/comment/17448477
היא אוהבת לכסות את העוגות.,,hebrew,,17572825,2016-09-06,9,"I like to cover my cakes as well, but you really don't see me going around announcing it very often. ;-)",https://duolingo.hobune.stream/comment/17572825
היא אוהבת מים.,,hebrew,,16297763,2016-06-23,39,"I would post this as a fault but I'm not sure it's just my ears. Does the audio miss the ה from the word היא ? To me it's just sounding like ""ee"" rather than ""hee"".",https://duolingo.hobune.stream/comment/16297763
היא אוכלת את הסלט.,,hebrew,hi ochélet et ha-salát,16947391,2016-08-01,16,Duo please update your app services.. App users should also be able to access the tips and notes and not just rely on complex remarks in the comments section which leave many simpl,https://duolingo.hobune.stream/comment/16947391
היא אוכלת את התפוח שלו!,,hebrew,hee ochelet et hatapuach shelo,16995477,2016-08-03,42,Does anyone else find the speech to be too fast? A turtle feature like other languages have on Duolingo would be most welcome.,https://duolingo.hobune.stream/comment/16995477
היא אישה יפָה ועשירה.,,hebrew,,18678472,2016-10-29,26,"The English translation is probably meant as ""she is a pretty, wealthy woman"". Interpunction is important. :)",https://duolingo.hobune.stream/comment/18678472
היא אישה מרשימה.,,hebrew,hi ishá marshimá,55769744,2022-02-01,3,is there another work for lady,https://duolingo.hobune.stream/comment/55769744
היא אישה קרה.,,hebrew,,16256498,2016-06-21,34,Can cold in this context mean both physically and emotionally cold?,https://duolingo.hobune.stream/comment/16256498
היא אכלה את הלב שלי על צלחת.,,hebrew,,17517408,2016-09-03,13,Wtf.....? Creepy,https://duolingo.hobune.stream/comment/17517408
היא באה.,,hebrew,,16251313,2016-06-21,46,"the ""היא"" word sounds like an ""E"" sound. is this normal? I'm an arabic speaker, and I thought it would sound like the arabic pronoun (هي) (Hya) as the spelling suggests. could any ",https://duolingo.hobune.stream/comment/16251313
היא הולכת לידו.,,hebrew,,17442176,2016-08-30,4,אולי היא אוהבת אותו?,https://duolingo.hobune.stream/comment/17442176
היא המועמדת הרצינית ביותר.,,hebrew,,42380817,2020-09-23,7,"Well, should not מׇעֳמֶ֫דֶת *candidate*, being the participle of the Hoph'al הָעֳמַד *to be placed*, be pronounced close to מוֹעוֹמֶ֫דֶת.",https://duolingo.hobune.stream/comment/42380817
היא זמרת בלהקה.,,hebrew,,17359665,2016-08-25,7,"Ob-la-di, ob-la-da, life goes on...",https://duolingo.hobune.stream/comment/17359665
היא חותמת על חוזה שָמן.,,hebrew,,23642658,2017-07-22,19,As in lot of pages? Not sure I understood it,https://duolingo.hobune.stream/comment/23642658
היא טעימה.,,hebrew,,16253491,2016-06-21,45,"It is important to understand that everything in hebrew language (objects too!) are male or female. ""She"" might be in this case ""a something"" not ""someone"".",https://duolingo.hobune.stream/comment/16253491
היא לא אוהבת את הטעם של הארוחה.,,hebrew,hi lo ohevet et ha'tam shel ha'arokha,18420906,2016-10-18,42,The audio too fast for me.,https://duolingo.hobune.stream/comment/18420906
היא לא אוכלת בשר וגם לא אוכלת עוף.,,hebrew,,16921750,2016-07-30,34,"What is the point of this sentence? Isn't עופ considered בשר as well? Or בשר means other types of meats except עופ? I am sorry if this is a dumb question, I am not really an expert",https://duolingo.hobune.stream/comment/16921750
היא לא חושבת.,,hebrew,,19696545,2016-12-15,12,"Hmmm... חושב was introduced as ""know"" earlier, but is being used as ""think so"" here. These do not really have the same meaning in English. To ""know"" something means that you are su",https://duolingo.hobune.stream/comment/19696545
"היא לא מחליטה, אלא אני.",,hebrew,,19906711,2016-12-27,22,"Shouldn't it be, "" She isn't deciding, but I am."" ?",https://duolingo.hobune.stream/comment/19906711
"היא לא רק הייתה ראש ממשלה, אלא גם מנהיגה גדולה.",,hebrew,,16750797,2016-07-20,14,"DL did not like my : She was not only Prime Minister, but also a great leader. Does anyone else agree that the first ""a"" is not necessary (i.e. before PM""?",https://duolingo.hobune.stream/comment/16750797
היא לא שומרת את זה.,,hebrew,,16369314,2016-06-28,29,"So *shomer* means save, keep, and guard.",https://duolingo.hobune.stream/comment/16369314
היא לא שמחה.,,hebrew,hee lo smekhah,22492943,2017-05-05,10,"DL should accept ""she is unhappy "". This is the same as the given translation.",https://duolingo.hobune.stream/comment/22492943
היא לובשת רק מותגים.,,hebrew,hee lovéshet rak mutagim,24432908,2017-09-13,23,The English here is very strange,https://duolingo.hobune.stream/comment/24432908
היא לומדת מהם עברית.,,hebrew,,17445579,2016-08-30,17,...ואנחנו לומדים עברית מינשוף!,https://duolingo.hobune.stream/comment/17445579
היא מבזבזת עשרה אפרסקים בשביל עוגה אחת.,,hebrew,hi mevazbézet asará afarsekím bishvíl ugá achát,16808859,2016-07-23,21,"Cake &gt; Fruit, so no.",https://duolingo.hobune.stream/comment/16808859
היא מוכרת את חולצתו.,,hebrew,,20386181,2017-01-21,16,He mocheret et chultzato,https://duolingo.hobune.stream/comment/20386181
היא מזכירה לי את הארנבת שלי.,,hebrew,,18967819,2016-11-11,10,"""she reminds me ABOUT my rabbit"" means ""don't forget your rabbit"". ""She reminds me OF my rabbit"" means ""she resembles my rabbit"". Which is this?",https://duolingo.hobune.stream/comment/18967819
היא מעצבת סוודרים לחתולים.,,hebrew,,16585543,2016-07-10,48,A worthy pass time,https://duolingo.hobune.stream/comment/16585543
היא מרכיבה משקפיים.,,hebrew,,16429149,2016-07-01,28,Spectacles?,https://duolingo.hobune.stream/comment/16429149
היא מתגברת על זה.,,hebrew,,22252311,2017-04-20,9,This is actually interesting to realise that in Hebrew words 'man' and 'to overcome' are somehow semantically or at least morphologically related. There must be some serious langua,https://duolingo.hobune.stream/comment/22252311
היא עובדת על פרויקט חדש.,,hebrew,hi ovédet al proyékt chadásh,53639258,2021-11-11,3,hi ovédet al proyékt chadásh.,https://duolingo.hobune.stream/comment/53639258
היא קוראת ספר יפֶה.,,hebrew,,16681317,2016-07-15,48,Nice is a horrible word to translate... What is the precise meaning of יפֶה ? Is it that the reading is enjoyable ... 'nice'? Or that the book is particularly 'beautiful' but not n,https://duolingo.hobune.stream/comment/16681317
היא קנתה שלושה תפוחים.,,hebrew,,16940345,2016-07-31,34,Incorrect audio on the page also,https://duolingo.hobune.stream/comment/16940345
היא ראתה מטאור וביקשה משאלה.,,hebrew,,16961275,2016-08-02,12,The question should have been *היא ראתה מטאור **והביעה** משאלה*.,https://duolingo.hobune.stream/comment/16961275
היא רואָה יונה.,,hebrew,hee roah yonah,16251864,2016-06-21,38,why is there are a nikkud?,https://duolingo.hobune.stream/comment/16251864
היא רוצָה את היין.,,hebrew,hi rotzá et ha-yáyin,16270933,2016-06-22,45,What's the purpose of the את in this sentence? Why wouldn't it just be היא רוצה היין?,https://duolingo.hobune.stream/comment/16270933
היא רוצָה להאמין שיש לה שיער יפֶה.,,hebrew,,49026455,2021-05-03,2,Hi rotsa leha’amin she-yesh la se’ar yafe.,https://duolingo.hobune.stream/comment/49026455
היא רוצָה להגיש מרק לפני הארוחה?,,hebrew,,48795163,2021-04-24,1,Hi rotsa lehagish maraq lifne ha-arukha?,https://duolingo.hobune.stream/comment/48795163
היא רוצָה נישואין אמיתיים.,,hebrew,,17889694,2016-09-22,41,Hi rotsa nisu’in amitiyim.,https://duolingo.hobune.stream/comment/17889694
היא רוצָה צעצוע משלה.,,hebrew,,32930499,2019-07-02,5,she wants her own toy. is it a mistake?,https://duolingo.hobune.stream/comment/32930499
היא רזָה?,,hebrew,,23720671,2017-07-27,5,"Would רזה be the same word for ""slender,"" or is that a different word?",https://duolingo.hobune.stream/comment/23720671
היא רעבה ואני לא רעב.,,hebrew,,16284002,2016-06-23,41,"""Hii re'evah ve ani lo re'ev "" ?",https://duolingo.hobune.stream/comment/16284002
היא שוכרת מטבח.,,hebrew,,16647730,2016-07-13,32,"Does rent here mean she is the tenant or landlord? In English, ""to rent"" can mean either one. (A landlord rents out a apartment and an tenant rents it from him.)",https://duolingo.hobune.stream/comment/16647730
היא שמעה אותנו מדברים עליה.,,hebrew,,21418947,2017-03-08,13,"In english I think it would be more common to say ""She heard us talking about her"" although I guess it's technically correct the way it is, it doesn't sound right to my ears.",https://duolingo.hobune.stream/comment/21418947
היא תיירת באסיה.,,hebrew,,17370213,2016-08-26,8,"Can't תיירת be thought of as a verb -- לתייר – ""to tour""? So this would be ""she tours in asia""?",https://duolingo.hobune.stream/comment/17370213
"היא תמצא את עצמה לבד, בת ארבעים עם חתול.",,hebrew,,17706198,2016-09-13,10,I’m always so glad to be able to learn casually misogynistic phrases in a new language.,https://duolingo.hobune.stream/comment/17706198
"היא תנסה לקרוא את הספר, למרות שהוא בעברית.",,hebrew,,31794044,2019-04-18,5,"""Though"" should be accepted, not only ""even though"".",https://duolingo.hobune.stream/comment/31794044
היום קל יותר למצוא מתכנת ממלצר.,,hebrew,,30859536,2019-02-16,6,Matkhenet? Metkhanat? Matkanet? What's the point of introducing new words without providing neither audio nor nekudot?,https://duolingo.hobune.stream/comment/30859536
היונה אוהבת יין.,,hebrew,,16282894,2016-06-23,171,You sure it's a good idea to give wine to a pigeon?,https://duolingo.hobune.stream/comment/16282894
היונה לא אוהבת לחם חם.,,hebrew,,16264444,2016-06-22,35,I see we are starting with some bare essentials and core words. Way to go! :D,https://duolingo.hobune.stream/comment/16264444
היינו יכולים לישון כל הזמן הזה!,,hebrew,,18732194,2016-11-01,27,"""We would have been able to sleep all this time"" is clumsy, but is it wrong? (DL doesn't accept it)",https://duolingo.hobune.stream/comment/18732194
הייתה לנו מפה אבל הקופים גנבו אותה.,,hebrew,,16727051,2016-07-18,25,Still wrong audio,https://duolingo.hobune.stream/comment/16727051
הייתי שם.,,hebrew,,50301952,2021-06-22,2,This can also be translated into 'I've been there' like the phrase 'we've all been there'...,https://duolingo.hobune.stream/comment/50301952
היכן המכונית החדשה שלי?,,hebrew,,48175752,2021-04-01,5,Is איפה acceptable instead of היכן?,https://duolingo.hobune.stream/comment/48175752
הילד אוכל אורז.,,hebrew,ha-yéled ochél órez,17162775,2016-08-13,10,"""Rice"" sounds in Hebrew like ""orez"" in Romanian...And the word in Romanian has the same meaning...",https://duolingo.hobune.stream/comment/17162775
הילד יותר חזק מהילדה.,,hebrew,,17563298,2016-09-06,22,"In this context, of comparing to a girl, הילד should be translated as ""the boy"", not ""the child"".",https://duolingo.hobune.stream/comment/17563298
הילד לא רואֶה דרך.,,hebrew,ha-yéled lo ro'é dérech,16322614,2016-06-25,48,Is the audio for רואה almost entirely missing for anyone else?,https://duolingo.hobune.stream/comment/16322614
הילד מתלהב מהסוס הלבן.,,hebrew,,24230596,2017-08-29,1,"I hope, she talks about whiskey",https://duolingo.hobune.stream/comment/24230596
הילד רע.,,hebrew,,16251526,2016-06-21,41,"Thanks guys :) (the question was, if it also meant ""The bad boy"")",https://duolingo.hobune.stream/comment/16251526
הילד שותֶה מים.,,hebrew,,18090560,2016-10-03,12,Ha-yéled shoté máyim.,https://duolingo.hobune.stream/comment/18090560
הילדה אוהבת לצייר מעוינים.,,hebrew,,16584370,2016-07-10,25,Ha'yalda ohevet letzayer me'uyanim.,https://duolingo.hobune.stream/comment/16584370
הילדה אוכלת לחם.,,hebrew,ha-yaldá ochélet léchem,16256967,2016-06-22,20,"Do any vowel changes occur with the addition of the ה-? So for example, is it ""yaladah"" or ""yaldah"" (or something else)?",https://duolingo.hobune.stream/comment/16256967
הילדה אוכלת לימון אחד ושתי עגבניות.,,hebrew,,19413762,2016-12-02,25,Why does אחד come after lemon but שתי comes before tomatoes?? Why not ועגבניות שתי?,https://duolingo.hobune.stream/comment/19413762
הילדה אוכלת.,,hebrew,ha-yaldah okhelet,17009428,2016-08-04,8,ha-yaldah okhelet,https://duolingo.hobune.stream/comment/17009428
הילדה ישנה.,,hebrew,,22951199,2017-06-06,9,Where is the audio?,https://duolingo.hobune.stream/comment/22951199
הילדה לובשת שמלה.,,hebrew,,19518717,2016-12-06,10,For the last word voice says צימלה not שמלה. Take a listen...,https://duolingo.hobune.stream/comment/19518717
הילדה סופרת את המספרים.,,hebrew,,18946521,2016-11-10,14,"Well a book is an ""account"" of something...",https://duolingo.hobune.stream/comment/18946521
הילדה רואָה אגוז.,,hebrew,ha-yaldá ro'á egóz,16275377,2016-06-22,39,:^),https://duolingo.hobune.stream/comment/16275377
הילדה רוקדת.,,hebrew,,17239927,2016-08-18,17,Way to remember: to rock.,https://duolingo.hobune.stream/comment/17239927
הילדה רצה מהר.,,hebrew,ha-yaldá rátza mahér,22608150,2017-05-13,13,"Maybe I heard it wrong, or the context and use of the word was different, but I thought I heard it pronounced /ma'hir/ rather than /ma'her/ ? though the latter makes more sense giv",https://duolingo.hobune.stream/comment/22608150
הילדות מדברות עברית.,,hebrew,,16353886,2016-06-27,15,"Am I hearing it correctly, is ha-yildot contracted to hayladot?",https://duolingo.hobune.stream/comment/16353886
הילדות רואות את העכביש ובורחות.,,hebrew,,17481533,2016-09-01,23,What's the difference between בורח and רץ?,https://duolingo.hobune.stream/comment/17481533
"הילדות שלו לא מהירוֹת, הן איטיות.",,hebrew,"ha-yeladót sheló lo mehirót, hen itiyót",16271536,2016-06-22,48,Sounds like Hayn Idiot,https://duolingo.hobune.stream/comment/16271536
הילדים אוהבים את גן החיות.,,hebrew,,16773663,2016-07-21,10,"Does the Hebrew sentence refer to children and zoos in general, or to specific children and a certain zoo?",https://duolingo.hobune.stream/comment/16773663
הילדים גונבים עוגיות.,,hebrew,,16434921,2016-07-01,19,ילדים רעים,https://duolingo.hobune.stream/comment/16434921
הילדים של מי שותים יין?,,hebrew,ha-yladim shel mi shotim yain,19991316,2017-01-01,26,"And more importantly, where are their parents?!",https://duolingo.hobune.stream/comment/19991316
הינשוף אוהב ללמד שפות.,,hebrew,,17883934,2016-09-22,12,"Nice one, Duolingo!",https://duolingo.hobune.stream/comment/17883934
הינשוף הירוק אוהב ללמוד.,,hebrew,,16718632,2016-07-18,26,I cracked the code. Duo likes learning!,https://duolingo.hobune.stream/comment/16718632
הינשוף לומד ממנה.,,hebrew,,16321919,2016-06-25,13,So that's where all Duo's knowledge comes from...,https://duolingo.hobune.stream/comment/16321919
הינשוף לומד עברית.,,hebrew,,17639517,2016-09-10,8,Duo is it you?,https://duolingo.hobune.stream/comment/17639517
הישארו בבית.,,hebrew,,36998312,2020-03-10,4,"איטלקים, בואו נקשיב!!",https://duolingo.hobune.stream/comment/36998312
הכובע שלי נמצא בין החולצות שלי.,,hebrew,ha-cova sheli nimtza ben ha-khultzot sheli,29367180,2018-10-24,11,ha-cova sheli nimtza ben ha-khultzot sheli,https://duolingo.hobune.stream/comment/29367180
הכל בגללךָ!,,hebrew,,16428100,2016-07-01,37,The lip smacking right before the audio gets me every time.,https://duolingo.hobune.stream/comment/16428100
הכל בסדר?,,hebrew,,17504826,2016-09-02,11,"I think ""All good?"" should be accepted as well...",https://duolingo.hobune.stream/comment/17504826
הכל רטוב.,,hebrew,,18939226,2016-11-10,23,Actual Israelis pronounce it *ratúv*. You’d sound ridiculously out-of-place if you pronounce it *ratóv*.,https://duolingo.hobune.stream/comment/18939226
הכלב אוכל את הגלידה!,,hebrew,,18778698,2016-11-03,14,כלב רע,https://duolingo.hobune.stream/comment/18778698
הכלב חוזר לילדים.,,hebrew,ha-kélev chozér la-yeladím,18886946,2016-11-08,22,"This verb חזר is interesting. Among Aramaic dialects, it is unique to Jewish Palestinian Aramaic (cf. Sokoloff, Dictionary of Jewish Palestinian Aramaic, 195) but is also known in ",https://duolingo.hobune.stream/comment/18886946
הכלב יפֶה.,,hebrew,,16262646,2016-06-22,57,"Can it be ""the pretty dog?""",https://duolingo.hobune.stream/comment/16262646
הכלב מתקלח כל שעה.,,hebrew,,21554122,2017-03-14,18,"Pealim.com Root: ק - ל - ח Part of speech: verb – HITPA'EL to take a shower View full conjugation מִתְקַלֵּחַ mitkaleach Present tense / participle, masculine, singular: I / you m.",https://duolingo.hobune.stream/comment/21554122
הכלב עובר את החתול.,,hebrew,,16563685,2016-07-08,27,Stupid way to remember is pass-over. It's nice because it's Jewish and stuff.,https://duolingo.hobune.stream/comment/16563685
הכלב שלי זוכר אותךָ.,,hebrew,ha kelev sheli zokher otkha,24681095,2017-10-02,9,ha kelev sheli zokher otkha,https://duolingo.hobune.stream/comment/24681095
הכלב שלי לא אוהב אותךָ.,,hebrew,ha kelev sheli lo ohev otkha,22595769,2017-05-12,13,Well I don't like the dog either!,https://duolingo.hobune.stream/comment/22595769
הכלב שלךָ לא לומד ממךָ.,,hebrew,,17919409,2016-09-24,12,"Why is it ממך as opposed to מך? I also noticed it with the first person that it was ממני when I would expect מי, which I know means ""who"". I'm just wondering if there's a predictab",https://duolingo.hobune.stream/comment/17919409
הכלבים הנמוכים אוכלים חתולים.,,hebrew,,16399440,2016-06-29,111,Beware those short dogs....,https://duolingo.hobune.stream/comment/16399440
הכלבים לא נגדו.,,hebrew,,16339802,2016-06-26,7,"But they will be, Rise up my furry friends, take what is yours!",https://duolingo.hobune.stream/comment/16339802
הכלבים מאבדים את הדרך.,,hebrew,,17711474,2016-09-14,11,"I translated this as ""The dogs lose their way""... lose ""the"" way sounds weird. If I heard that, I wouldn't really know what the speaker meant. So, what does this really mean? - tha",https://duolingo.hobune.stream/comment/17711474
הכלבלב והחתלתול ישנים ביחד.,,hebrew,,25323611,2017-11-24,3,Ha'klavlav ve'ha-chataltul yeshenim beyachad.,https://duolingo.hobune.stream/comment/25323611
הכלים המלוכלכים נמצאים בתוך הכיור.,,hebrew,,16495276,2016-07-05,17,"In the U.S. we would say ""in the sink"", not ""inside the sink"". To me , ""inside"" suggests an enclosed space, such as a room or a box. ""In"" would be a better translation for how the ",https://duolingo.hobune.stream/comment/16495276
הכנסת היא הפרלמנט הישראלי.,,hebrew,,16976920,2016-08-02,8,I love sentences that also define new words :-P,https://duolingo.hobune.stream/comment/16976920
הכריך מלא בגבינה.,,hebrew,,20019661,2017-01-02,39,My hovercraft is full of eels.,https://duolingo.hobune.stream/comment/20019661
הכריכים טעימים.,,hebrew,,17041767,2016-08-06,13,Don't Israelis usually say 'סנדוויץ?,https://duolingo.hobune.stream/comment/17041767
הלוחמים צריכים שריון!,,hebrew,ha-lokhamim tzrikhim shirion,47616315,2021-03-13,3,ha-lokhamim tzrikhim shirion,https://duolingo.hobune.stream/comment/47616315
הם איום למדינה.,,hebrew,hem iyum la-medinah,31865872,2019-04-24,7,hem iyum la-medinah,https://duolingo.hobune.stream/comment/31865872
הם בורחים?,,hebrew,hem borchím?,21224153,2017-02-28,9,hem borchím?,https://duolingo.hobune.stream/comment/21224153
הם גברים יפים.,,hebrew,,16278883,2016-06-23,29,"Men are seldom (if ever) described as 'beautiful'. The translation should be ""They are handsome men"", imho. DL accepts both, though.",https://duolingo.hobune.stream/comment/16278883
הם הופכים לכלבים.,,hebrew,,16742160,2016-07-19,43,Whaaa....?,https://duolingo.hobune.stream/comment/16742160
הם המלך והמלכה של אנגליה.,,hebrew,,29713808,2018-11-20,7,"I love that this sentence is in the category about legends alongside vampires and spells. England still has a queen, when she dies it will have a king. This sentence belongs in pol",https://duolingo.hobune.stream/comment/29713808
הם חמישה אנשים אבל יש להם שש דעות.,,hebrew,,16447355,2016-07-02,24,"three Jews, four opinions, as the saying goes!",https://duolingo.hobune.stream/comment/16447355
הם יודעים מה שאנחנו לא.,,hebrew,,16564336,2016-07-08,19,"Assuming that the pronunciation of יודעים is correct here, is this a word where *ayin* finally does something rather than just testing my nerves with all those random spellings? Is",https://duolingo.hobune.stream/comment/16564336
הם ילדים מגעילים.,,hebrew,,17563696,2016-09-06,15,"As the mother of young boys, I think this sentence is a completely appropriate response to, say, belching contests or poop jokes.",https://duolingo.hobune.stream/comment/17563696
הם לא כותבים ספר.,,hebrew,,24065539,2017-08-18,12,Wouldn't a better English translation be - they aren't writing a book?,https://duolingo.hobune.stream/comment/24065539
הם לא מוצאים אותנו.,,hebrew,,16415612,2016-06-30,22,What is the binyan of the word מואא,https://duolingo.hobune.stream/comment/16415612
"הם לא מתחננים, הם משחקים.",,hebrew,,20549031,2017-01-29,18,This makes no sense,https://duolingo.hobune.stream/comment/20549031
הם לא עובדים.,,hebrew,,22979759,2017-06-07,9,"Could it mean ""they don't work"" as in ""the [machines] don't function/work""?",https://duolingo.hobune.stream/comment/22979759
הם לא עוזבים אותךָ!,,hebrew,hem lo ozvim otkhá,20246405,2017-01-12,10,hem lo ozvim otkhá,https://duolingo.hobune.stream/comment/20246405
הם לומדים עברית.,,hebrew,,16821281,2016-07-24,10,why is it not okay to say ivrit?,https://duolingo.hobune.stream/comment/16821281
"הם מביאים לנו לחם, יין ודגים.",,hebrew,,16876088,2016-07-27,11,they bring to us.... was not accepted. shouldn't it be?,https://duolingo.hobune.stream/comment/16876088
"הם מוכרים רהיטים, אז הם מבינים שוודית.",,hebrew,,16824302,2016-07-24,12,"cheeky, duolingo",https://duolingo.hobune.stream/comment/16824302
הם מנצחים מפורסמים.,,hebrew,,30500279,2019-01-23,6,winner=conductor?,https://duolingo.hobune.stream/comment/30500279
הם מספרים משהו על פילים ורודים.,,hebrew,,17928200,2016-09-24,58,The English isn't great here,https://duolingo.hobune.stream/comment/17928200
"הם נגדכם, אני לא.",,hebrew,"hem negdechém, aní lo",16422458,2016-06-30,18,"Lcb123, I am just learning, also, but I don't think that is an acceptable translation. Your sentence would be הם נגדכם, לא אותי. or הם נגדכם, לא נגדי. Anyone feel free to correct m",https://duolingo.hobune.stream/comment/16422458
הם עובדים לתוך הלילה.,,hebrew,,16505793,2016-07-05,3,"English speakers, what's the meaning of the sentence? Like, until the night and even longer?",https://duolingo.hobune.stream/comment/16505793
הם עונים לי.,,hebrew,,16508030,2016-07-05,23,How is this verb conjugated? What would be its singular form?,https://duolingo.hobune.stream/comment/16508030
"הם עצובים, הן עצובות.",,hebrew,,16495726,2016-07-05,16,"This sentence teaches the difference between the masculine plural adjective and the feminine plural adjective. Who needs context, context doesn't matter, that's the point.",https://duolingo.hobune.stream/comment/16495726
הם רואים אותךְ.,,hebrew,,24447696,2017-09-14,10,"What is the difference between the ""you"" pronounced /otakh/ and /otkha/?",https://duolingo.hobune.stream/comment/24447696
הם רוצים אותנו או אותם?,,hebrew,,16665720,2016-07-14,216,"The text says רוצים, but the audio says צריכים",https://duolingo.hobune.stream/comment/16665720
הם רוצים מכם כריכים.,,hebrew,,16296904,2016-06-23,31,They want from you sandwiches? Is this too literal?,https://duolingo.hobune.stream/comment/16296904
הם רצים בעיגול.,,hebrew,,29079254,2018-09-30,9,Isn't it: הם רצים במעגל ?,https://duolingo.hobune.stream/comment/29079254
הם שמחים כי הם חופשיים.,,hebrew,,18673312,2016-10-29,14,Hem smekhim ki hem khofshiyim.,https://duolingo.hobune.stream/comment/18673312
המדינה לא צריכה עוד מנהיגים.,,hebrew,,23639064,2017-07-21,6,"It needs more ""Yes"" men!",https://duolingo.hobune.stream/comment/23639064
המדען מגביר את מספר הינשופים.,,hebrew,,19023491,2016-11-14,11,"As a native speaker I must admit that this sentence doesnt make any sense. מגביר is used mostly for ""volume of music"" (make it louder) or speeding up (להגביר מהירות), but you dont ",https://duolingo.hobune.stream/comment/19023491
המורים עוזרים לתלמידים.,,hebrew,,25206405,2017-11-14,6,Does עוזר always take the ל preposition?,https://duolingo.hobune.stream/comment/25206405
המותג הזה מוּכר לי מרוסיה.,,hebrew,,29112601,2018-10-03,14,The English is (grammatically) terrible . And they don't accept what it should be: this brand from Russia is familiar to me. There's no other way around it in English.,https://duolingo.hobune.stream/comment/29112601
המזגן יושב על החלון.,,hebrew,,16495683,2016-07-05,23,"The English on this one sounds a bit odd to me. I would say the air conditioner fits in the window, or sits on the windowsill.",https://duolingo.hobune.stream/comment/16495683
המזכיר שלי עוזר לי יותר מדי.,,hebrew,,18371290,2016-10-16,25,That's what my dad said when I asked him why my parents were getting divorced.,https://duolingo.hobune.stream/comment/18371290
המחיר של הזהב היה גבוה אתמול.,,hebrew,,23435011,2017-07-09,10,"Doesn't this mean, ""the price of the gold"" rather than ""the price of gold""?",https://duolingo.hobune.stream/comment/23435011
המכנסיים שלי יפים.,,hebrew,,18640399,2016-10-27,35,Came here for the pronunciation... Found a discussion about pants.,https://duolingo.hobune.stream/comment/18640399
המכשף מכין שיקוי עם זנב של חמור.,,hebrew,,25398446,2017-12-01,3,The tail of a donkey = a donkey's tail.,https://duolingo.hobune.stream/comment/25398446
המכשף מלמד את הנער כישוף חדש.,,hebrew,,18744755,2016-11-01,8,"This is good preparation for when I eventually find ""Harry Potter"" in Hebrew ;)",https://duolingo.hobune.stream/comment/18744755
המלך בא.,,hebrew,,16256523,2016-06-21,56,Are we talking about Jesus here?,https://duolingo.hobune.stream/comment/16256523
המלך קורא.,,hebrew,,16290512,2016-06-23,29,Smart king :),https://duolingo.hobune.stream/comment/16290512
המלך רואֶה יונה.,,hebrew,,16310603,2016-06-24,30,"Am I the only one who doesn't hear ""ro'ah""? For me it sounds more like ""Hamelech o'e ijuna""...",https://duolingo.hobune.stream/comment/16310603
המלכה בורחת מהממלכה.,,hebrew,,19057176,2016-11-16,12,"אָנַסְטָסְיָה, זוֹ אַתְּ?",https://duolingo.hobune.stream/comment/19057176
המלצר עומד על שמלתה.,,hebrew,ha-meltzár oméd al simlatá,16699838,2016-07-17,27,why not מֶלְצָרִית,https://duolingo.hobune.stream/comment/16699838
המלצרית לא אוהבת את העבודה שלה.,,hebrew,,26562522,2018-03-12,4,ha meltzarit lo ohévet et ha avodah shelah,https://duolingo.hobune.stream/comment/26562522
הממשלה ניסתה למנוע את השביתה ברגע האחרון.,,hebrew,,38612012,2020-05-12,3,are last minute and last moment the same thing?,https://duolingo.hobune.stream/comment/38612012
המסחר ביניהם הוא לא חוקי.,,hebrew,,49175073,2021-05-08,1,"""the trade between them is not lawful"" should be accepted. It means the same thing as ""is illegal"" in English. Reported.",https://duolingo.hobune.stream/comment/49175073
המפלצת מתחבאת ביער.,,hebrew,,44157168,2020-11-21,5,הַמִּפְלֶצֶת מִתְחַבֵּאת בַּיַּעַר,https://duolingo.hobune.stream/comment/44157168
המצלמה הפסיקה לעבוד.,,hebrew,,28895346,2018-09-16,12,"I have been told on a number of occasions, including in the session this sentence was part of, that the form ""has + verb"" was acceptable as well as ""verb."" So, I translated this se",https://duolingo.hobune.stream/comment/28895346
המשטרה עוזרת לנו.,,hebrew,,20155352,2017-01-08,24,"This doesn't work. The verb in the English is plural but in the Hebrew is singular. On the example, they said ""The police helps us,"" but English that would be either ""The police he",https://duolingo.hobune.stream/comment/20155352
הן אוכלות את הפירות.,,hebrew,hen okhlot et ha-perót,16294074,2016-06-23,54,Why does the spelling of fruit change from פרי to פירות as it goes from singular to plural?,https://duolingo.hobune.stream/comment/16294074
הן הכלכלות החשובות ביותר בעולם.,,hebrew,,34873814,2019-11-03,3,Hen ha'kalkalot ha'chashuvot be'yoter ba'olam.,https://duolingo.hobune.stream/comment/34873814
הן יוצאות.,,hebrew,,16335771,2016-06-26,15,Can it also mean going out as in dating?,https://duolingo.hobune.stream/comment/16335771
הן יפות וטעימות!,,hebrew,,16256614,2016-06-21,62,anyone else weirded out by all the tasty people?,https://duolingo.hobune.stream/comment/16256614
הן יפות.,,hebrew,,16285912,2016-06-23,20,"Is it normal to drop the ""t"" sound like that?",https://duolingo.hobune.stream/comment/16285912
"הן כבר מעורבבות, אתה רק צריך לשים אותן במקרר.",,hebrew,,17566735,2016-09-06,11,There are no English word tiles for הן כבר מעורבבות. You only have English tiles for אתה רק צריך לשים אותם במקרר,https://duolingo.hobune.stream/comment/17566735
הן לא רוצות לדבר על זה.,,hebrew,hen lo rotzot ledabér al zeh,31575385,2019-04-03,7,hen lo rotzot ledabér al zeh,https://duolingo.hobune.stream/comment/31575385
"הן לא רוצות למות, הן רק ילדות טיפשות.",,hebrew,,16337898,2016-06-26,17,ֹמשפט להיכל התהילה של המשפטים התמוהים של דוּאו!,https://duolingo.hobune.stream/comment/16337898
הן מגלחות הכל.,,hebrew,,17078566,2016-08-09,31,Must be Reform.,https://duolingo.hobune.stream/comment/17078566
הן נשים והן שמחות.,,hebrew,hen nashim ve-hen smekhot,23681253,2017-07-24,5,hen nashim ve-hen smekhot,https://duolingo.hobune.stream/comment/23681253
הן נשים.,,hebrew,,16254994,2016-06-21,43,"Okay, apparently the select the missing word questions do not like right to left - the sentence temporarily came out as נשים הן instead of הן נשים. Colour me momentarily confusled.",https://duolingo.hobune.stream/comment/16254994
הן שייכות למפלגות שונות.,,hebrew,,31225180,2019-03-11,7,הֵן שַׁייָכוֹת לְמִפְלָגוֹת שׁוֹנוֹת,https://duolingo.hobune.stream/comment/31225180
הן שיקרו כי זה לא נכון.,,hebrew,makes no sense in english,24946690,2017-10-24,16,"Doesn't sound weird to me (although I'm not a native English speaker). I'm thinking of an unjust situation, say at the workplace, someone lying to save their job. So even though th",https://duolingo.hobune.stream/comment/24946690
הן תהיינה.,,hebrew,,19069282,2016-11-16,10,Why not תהיו?,https://duolingo.hobune.stream/comment/19069282
הנוער חשוב לנו!,,hebrew,,19206083,2016-11-22,15,"I'm again learning english instead of Hebrew. It turns out ""youth"" is plural.",https://duolingo.hobune.stream/comment/19206083
הנוצרים נכנסים לכנסיית הקבר.,,hebrew,,47128654,2021-02-23,1,"I always wonder about the literal translation of famous places. It seems ""Church of the Holy Sepulchre"" is rendered in Hebrew as, literally, ""church of the tomb.""",https://duolingo.hobune.stream/comment/47128654
הנחש שותֶה מים?,,hebrew,,16860128,2016-07-26,39,"No, my mother-in-law prefers tea.",https://duolingo.hobune.stream/comment/16860128
הנסיכה והנסיך הם זוג מהאגדות.,,hebrew,"""a pair"" should be acceptable",26261940,2018-02-11,10,"In English you might say that they are a couple (singular! indefinite!) from a fairy tale (singular! indefinite!), or possibly that they are a couple from THE fairy tale (if that p",https://duolingo.hobune.stream/comment/26261940
הנשיא לא רוצֶה מלחמה.,,hebrew,,23531994,2017-07-14,6,Ever notice that the root for מלחמה (war) is לחם (bread)? Smart language!,https://duolingo.hobune.stream/comment/23531994
הנשים חייבות לסגור את הדלת הזאת.,,hebrew,ha-nashím chayavót lisgór et ha-délet ha-zot,19114887,2016-11-18,24,"In colloquial English, you could also say ""the women need to close this door."" Not that they have a need themselves to do so, but that they must do it. (Like you might say to a fri",https://duolingo.hobune.stream/comment/19114887
הנשים מתחבקות עם הגברים.,,hebrew,,20180450,2017-01-10,24,"No such thing as ""hugging with"" in english.",https://duolingo.hobune.stream/comment/20180450
הסוס אצלךָ?,,hebrew,,16882019,2016-07-28,95,"I am not a native English speaker, but the sentence: ""Is the horse at yours?"" sounds very strange to me, while the sentence ""Is the horse with you"" just sounds normal.",https://duolingo.hobune.stream/comment/16882019
הסוס עוזר לי.,,hebrew,,17886174,2016-09-22,12,ha sus ozer li,https://duolingo.hobune.stream/comment/17886174
הסוס שלהם יפֶה!,,hebrew,ha-sus shelahém yafé!,16839341,2016-07-25,17,Why do we put an article in the beginning?,https://duolingo.hobune.stream/comment/16839341
הסוסים רצים אלייך.,,hebrew,,16471543,2016-07-03,7,ha susim ratzim eláyikh אליך elékha (m),https://duolingo.hobune.stream/comment/16471543
הסוסים שלי מהירים.,,hebrew,,17630417,2016-09-09,15,Would מהיר be the singular for מהירים?,https://duolingo.hobune.stream/comment/17630417
הסופרים יושבים ועובדים.,,hebrew,ha-sofrim yoshvim ve-ovdim,25909139,2018-01-16,15,ha-sofrim yoshvim ve-ovdim,https://duolingo.hobune.stream/comment/25909139
הסכין כבר לא חד.,,hebrew,,52197182,2021-09-10,14,Ha-sakin kvar lo khad.,https://duolingo.hobune.stream/comment/52197182
הספר טוב.,,hebrew,,16281945,2016-06-23,40,"Fun fact for Dutch learners: ""tof"" is also Dutch slang for cool/good :) I think I just found its origin! BTW - quite a few Hebrew (and Yiddish) words have made it into Dutch over t",https://duolingo.hobune.stream/comment/16281945
הספר יפֶה.,,hebrew,,16277993,2016-06-22,73,"So if it was supposed to be ""The beautiful book"", would it need to be הספר היפה ?",https://duolingo.hobune.stream/comment/16277993
הספר שאני כרגע קורא הוא רוחני מאוד.,,hebrew,,20899010,2017-02-13,6,It is called the Torah,https://duolingo.hobune.stream/comment/20899010
הספרים החדשים.,,hebrew,ha-sfarím ha-chadashím,16719247,2016-07-18,22,"How would you say ""The books are new""?",https://duolingo.hobune.stream/comment/16719247
הספרים צבעונים.,,hebrew,ha-sfarím tziv'oniyím,16346244,2016-06-26,12,Why can't it be the colorful books?,https://duolingo.hobune.stream/comment/16346244
העַם רוצֶה ביטחון!,,hebrew,,25375241,2017-11-29,10,מה???? לא הבנתי מה כתוב בערבית -כמובן שעוד נלמד יום אחד...,https://duolingo.hobune.stream/comment/25375241
העבר שלי מאחוריי.,,hebrew,,32151605,2019-05-12,4,Audio?,https://duolingo.hobune.stream/comment/32151605
העוגות שלי לא מכילות הרבה סוכר!,,hebrew,,18771355,2016-11-02,8,"This is awkward phrasing in US English. It would be not natural to say ""My cakes do not contain a lot of sugar""",https://duolingo.hobune.stream/comment/18771355
העיקרון הזה לא מספיק בשביל תיאוריה חדשה.,,hebrew,ha-ikarón ha-ze lo maspík bishvíl te'órya chadashá,54033843,2021-11-25,3,"Does this make sense in Hebrew? It doesn't in English. They could have used so many other vocab words from this lesson that would have made sense instead of ""principle"" -- fact, di",https://duolingo.hobune.stream/comment/54033843
העיתון הזה נכתב על ידי קופים.,,hebrew,,22646798,2017-05-16,15,Must be הארץ,https://duolingo.hobune.stream/comment/22646798
העכביש רואֶה מים.,,hebrew,,16503869,2016-07-05,17,"Presumably he sees this water whilst climbing a spout, possibly just before it washes him out.",https://duolingo.hobune.stream/comment/16503869
העמק מלא ביצורים מוזרים.,,hebrew,,25323735,2017-11-24,10,Ha-emeq male bi-yetsurim muzarim. Edited.,https://duolingo.hobune.stream/comment/25323735
העסק שלי סגור ביום שבת.,,hebrew,,17056894,2016-08-07,13,הרבה עסקים בישראל סגורים בשבת בגלל שהוא היום מנוחה הלאומית שם. אפילו האוטובוסים של אגד לא נמצאים בשירות בשבת,https://duolingo.hobune.stream/comment/17056894
העסקה היא שאני מבשל והיא עושָה כלים.,,hebrew,,31107998,2019-03-03,13,"Ha'iska hi* she'ani mevashel ve'hi osa kelim. *I = ee (as in beet). (Using ""I"" is from the IPA, international Phonetic Alphabet).",https://duolingo.hobune.stream/comment/31107998
הפסטה שלךָ יבשה!,,hebrew,,16615700,2016-07-12,23,Gordon Ramsay can speak Hebrew now? Good for him.,https://duolingo.hobune.stream/comment/16615700
הפעם אני כן רוקד!,,hebrew,,16283106,2016-06-23,41,"""this time i will dance"" should be accepted as כן acts as an emphatic thing in this case",https://duolingo.hobune.stream/comment/16283106
הפרה החומה אוהבת מים.,,hebrew,ha-pará ha-chumá ohévet máyim,23003039,2017-06-09,13,How now brown cow,https://duolingo.hobune.stream/comment/23003039
הפרה לובשת חמישה עשר צעיפים.,,hebrew,,17454037,2016-08-31,27,Among all weird contents that sentence is probably one of the most ehm...exotic ones,https://duolingo.hobune.stream/comment/17454037
הפרה שותָה מים.,,hebrew,ha-pará shotá máyim,20339215,2017-01-17,15,מווווו,https://duolingo.hobune.stream/comment/20339215
הפרות נגדה.,,hebrew,,16443463,2016-07-01,35,I really am laughing right now I love this one,https://duolingo.hobune.stream/comment/16443463
הפרות שותות מים.,,hebrew,ha-parót shotót máim,19044460,2016-11-15,11,"My first thought was, “The fruits are drinking water”. As in the fruit trees absorb water. Is that wrong?",https://duolingo.hobune.stream/comment/19044460
הצב שלי מהיר יותר מהצב שלךָ.,,hebrew,,18421610,2016-10-18,11,is it more common to hear the word order ״מהיר יותר״ or ״יותר מהיר?״,https://duolingo.hobune.stream/comment/18421610
הצבא והמשטרה הם חלק ממשרד הביטחון.,,hebrew,,16643223,2016-07-13,14,Defense ministry (or defense department) = ministry of defense. Should be accepted.,https://duolingo.hobune.stream/comment/16643223
הצבא יוצא למלחמה.,,hebrew,,30870180,2019-02-17,4,Are צבא and צב related? Both having armour...,https://duolingo.hobune.stream/comment/30870180
הצבע של הינשוף הוא ירוק.,,hebrew,,16268193,2016-06-22,25,it's Duo,https://duolingo.hobune.stream/comment/16268193
הצטרף למשפחה!,,hebrew,hitztaréf la-mishpachá!,54422128,2021-12-11,4,hitztaréf la-mishpachá!,https://duolingo.hobune.stream/comment/54422128
"הצילו, אני נופלת!",,hebrew,,17352509,2016-08-25,20,Did I detect a touch of acting in the voicework here? Brava!,https://duolingo.hobune.stream/comment/17352509
הציפורים שרות.,,hebrew,ha tziporim sharot,20404774,2017-01-22,3,ha tziporim sharot,https://duolingo.hobune.stream/comment/20404774
הצלחת שלי ריקה!,,hebrew,,16682219,2016-07-15,18,"I have major problems with the spoken parts because they speak SO quickly. I've had several native Israelis, Sabras, listen to these and they say the same thing, no one speaks that",https://duolingo.hobune.stream/comment/16682219
הקבוצה איבדה שתי נקודות בגלל התיקו.,,hebrew,,16548513,2016-07-08,12,"Ultara, in soccer if one team wins, it gains 3 points, if it is a draw, both teams get one point. This phrase is mostly used when few teams are racing for a better position in a le",https://duolingo.hobune.stream/comment/16548513
הקברניט מתגבר על הכל.,,hebrew,,19039938,2016-11-15,14,"""The captain"" is traditionally pronounced הַקַּבַּרְנִיט [hakabarnit], not [kvarnit].",https://duolingo.hobune.stream/comment/19039938
הקהל צריך לדעת את האמת!,,hebrew,,17488206,2016-09-01,21,"""The audience should know the truth!"" - this is right and failed me.. חבל",https://duolingo.hobune.stream/comment/17488206
הקוסם הולך לקנות שרביט חדש.,,hebrew,,25398438,2017-12-01,3,Why? He should just pull it out of his hat.,https://duolingo.hobune.stream/comment/25398438
הקוסם שבא למסיבה שלי אכל את כל עוגת יום ההולדת בעצמו.,,hebrew,ha-kosem sh-ba la-mesibah sheli akhal et col ugat yom ha-huledet b-atzmo,19127110,2016-11-18,5,‘Wanna see a magic trick? I’m gonna make this birthday cake disappear… TADA!!… Disappeared.’,https://duolingo.hobune.stream/comment/19127110
הקוף קורא ספר.,,hebrew,,18927157,2016-11-09,13,Clever monkey!!,https://duolingo.hobune.stream/comment/18927157
הקופים נגדךָ.,,hebrew,,16437974,2016-07-01,28,Best sentence ever!,https://duolingo.hobune.stream/comment/16437974
הקופים סופרים את הבננות.,,hebrew,,16425192,2016-07-01,8,How would you say apes in Hebrew? Is it not the same as kofim?,https://duolingo.hobune.stream/comment/16425192
הקללות של המכשפה לא עובדות.,,hebrew,,19127080,2016-11-18,10,"""הַקְּלָלוֹת שֶׁל הַמְּכַשֵּׁפָה לֹא עוֹבְדוֹת.""",https://duolingo.hobune.stream/comment/19127080
הקסדה שומרת על הראש.,,hebrew,,25398119,2017-12-01,3,"Is it more appropriate to translate as ""The helmet protects the head""?",https://duolingo.hobune.stream/comment/25398119
"הקצין אומר ""קדימה"" לחיילים.",,hebrew,,24034221,2017-08-16,21,"Sorry, but I did not hear the "" "" in the audio. I think קדימה should also be accepted without quotation marks.",https://duolingo.hobune.stream/comment/24034221
הקשָת לא יודע מה לעשות בלי החץ והקשֶת שלו.,,hebrew,,25722978,2018-01-01,16,"I noticed that חץ וקשת is in the opposite order of the English set phrase ""bow and arrow."" Is this a set order in Hebrew?",https://duolingo.hobune.stream/comment/25722978
הקשָת מתקן את הקשֶת שלו.,,hebrew,ha-kashat metaken et ha-keshet shelo,44905055,2020-12-17,1,ha-kashat metaken et ha-keshet shelo,https://duolingo.hobune.stream/comment/44905055
הקשָת עומד על החומה.,,hebrew,,30152266,2018-12-27,4,קיר VS חומה?,https://duolingo.hobune.stream/comment/30152266
הרופא אוכל כריך.,,hebrew,,17328088,2016-08-23,9,Ha-rofe okhel karikh.,https://duolingo.hobune.stream/comment/17328088
הרופא לא האמין שאני חתול.,,hebrew,,17713431,2016-09-14,30,Good to know I'm not alone with this kind of problem.,https://duolingo.hobune.stream/comment/17713431
הרעיון שלךָ נשמע נהדר!,,hebrew,ha-ra'ayon shelkhá neeshmá nehedár,22763936,2017-05-24,7,Your idea sounds wonderful! should also be accepted. Wonderful is one of the translations for נהדר.,https://duolingo.hobune.stream/comment/22763936
הרפואה תשתנה בשנים הבאות.,,hebrew,,24306321,2017-09-04,6,הרפואה supposed to be The medicine,https://duolingo.hobune.stream/comment/24306321
השאלה הזאת כבר נשאלה והתשובה הייתה ארבעים ושתיים.,,hebrew,,16412421,2016-06-30,9,"התשובה לחיים, היקום וכל השאר",https://duolingo.hobune.stream/comment/16412421
השדרה סגורה.,,hebrew,,16416699,2016-06-30,10,"'The avenue is closed off' is a more natural translation of this, which I didn't use lest it be dinged.",https://duolingo.hobune.stream/comment/16416699
השוטר קפץ מעל לחומה.,,hebrew,,18744641,2016-11-01,14,"Would it be reasonable to summarise that קיר is the wall of a room/inside a house, whereas חומה is a wall as a boundary, such as one might find between two gardens or two fields?",https://duolingo.hobune.stream/comment/18744641
השומר קורא מגזין כשהוא עובד בלילה.,,hebrew,,50367272,2021-06-25,4,"""Is reading"" was not correct?",https://duolingo.hobune.stream/comment/50367272
השופט משתכר לפני שהוא עובד.,,hebrew,,20631639,2017-02-02,20,Some of the sentences reflect the Israeli sense of humor which can be quite dark.,https://duolingo.hobune.stream/comment/20631639
השופט משתמש באסטרטגיה הזאת בבחירות.,,hebrew,,22225390,2017-04-18,7,Are the judges in Israel elected by the public?,https://duolingo.hobune.stream/comment/22225390
השופט שואל האם אתה עורך דין.,,hebrew,ha-shofet shoel haim atah orekh din,24850523,2017-10-16,9,"I don't see anything in this sentence to indicate the word ""if"". I will probably get this one wrong next time since nothing tells me to include ""if"".",https://duolingo.hobune.stream/comment/24850523
השחקן הזה הוא רק צל של אבא שלו.,,hebrew,,29070993,2018-09-30,6,"I suggested he's a ""mere shadow"" . That is perfectly idiomatic English MUCH BETTER THAN ""just a shadow"" .",https://duolingo.hobune.stream/comment/29070993
השחקנית אוכלת אך ורק עוגות דבש.,,hebrew,,24554503,2017-09-22,13,That's one hell of a picky actress,https://duolingo.hobune.stream/comment/24554503
"השחקנית עובדת הרבה, ולכן היא עשירה.",,hebrew,ha-sakhkanit ovedet harbeh v-lakhen hee ashirah,29391727,2018-10-25,16,"There is absolutely no reason to use ""and therefore"". ""The actress works a lot, therefore she is rich"" is",https://duolingo.hobune.stream/comment/29391727
השיעור הזה כל כך מורכב.,,hebrew,,23494476,2017-07-12,12,"Is there any connection between the word for ""complicated"" and the word for ""vehicle"" (or ""train"")? Or are they completely different words with the same root letters?",https://duolingo.hobune.stream/comment/23494476
השכנים באים אלינו הביתה בכל יום.,,hebrew,,27247030,2018-05-10,21,I don't understand how אלינו is being used here. Shouldn't the sentence be השכנים באים לביתה שלנו בכל יום?,https://duolingo.hobune.stream/comment/27247030
השם שלו ידוע בכל הממלכה.,,hebrew,,19057191,2016-11-16,11,Throughout is better than in,https://duolingo.hobune.stream/comment/19057191
השמלה שלי.,,hebrew,,17442104,2016-08-30,12,"Could you construct different sentences to stress ""The dress is mine."" vs. ""My dress."" or is there no difference? Is the meaning determined by context?",https://duolingo.hobune.stream/comment/17442104
"השמלות הירוקות הן שלה, וכולן יפות.",,hebrew,,16414698,2016-06-30,28,"What's wrong with The green dresses are hers and all are beautiful. There is no need for all ""of them"" are beautiful!!",https://duolingo.hobune.stream/comment/16414698
השמש זורחת.,,hebrew,,17682667,2016-09-12,10,A common (and somewhat vulgar) Israeli saying about arrogant people is: הוּא חוֹשֵׁב שֶׁהַשֶּׁמֶש זוֹרַחַת לוֹ מֵהַתַּחַת ‘he thinks the sun shines out of his arse’. Kinda makes th,https://duolingo.hobune.stream/comment/17682667
השרביט נפל לנהר.,,hebrew,,17015716,2016-08-05,6,"I think the meaning is more like ""fell into the river"" in English, as ""fall to"" sounds like either a direction or (rarely) a defeat in battle.",https://duolingo.hobune.stream/comment/17015716
השריון לא יעזור לךָ בלי קסדה.,,hebrew,,17015569,2016-08-05,8,הנימשל של הסיפור: חייבים תמיד לחבוש קסדה!,https://duolingo.hobune.stream/comment/17015569
התה שלכם טעים.,,hebrew,ha-teh shelakhem taim,22651490,2017-05-16,14,ha-teh shelakhem taim,https://duolingo.hobune.stream/comment/22651490
"התחבא בארון, הם באים!",,hebrew,,25952065,2018-01-19,4,"Sounds like The Lion, the Witch and the Wardrobe",https://duolingo.hobune.stream/comment/25952065
התחבאי מהשוטרים!,,hebrew,,17562034,2016-09-06,8,"You could say ""hide from the police,"" which could mean the squad, the department, or more than one policeman.",https://duolingo.hobune.stream/comment/17562034
התחבאתי מהשוטר בשיחים ליד בית הספר.,,hebrew,heetkhabéti m-ha-shoter ba-sikhim leyad beit ha-sefer,31112792,2019-03-03,9,It must also be possible to use police without officer.,https://duolingo.hobune.stream/comment/31112792
התיירים התלוננו כי הם ישראלים.,,hebrew,,16257844,2016-06-22,22,"i think the people who give pronounciation have done a great job, but i would learn faster if the pronounciation could slow down a bit.",https://duolingo.hobune.stream/comment/16257844
התלמיד הגיע למסקנה דומָה.,,hebrew,,46174052,2021-01-25,4,"Do you really say it in English? I thought ""came to conclusion...""...",https://duolingo.hobune.stream/comment/46174052
התלמידה המבולבלת מאחרת לשיעור.,,hebrew,,33578241,2019-08-11,2,Ha'talmida ha'mevulbelet me'acheret la-shi'ur.,https://duolingo.hobune.stream/comment/33578241
התלמידה לומדת עברית.,,hebrew,ha talmidah lomedet ivrit,26555425,2018-03-12,3,ha talmidah lomedet ivrit,https://duolingo.hobune.stream/comment/26555425
התלמידים שלי אוהבים לקרוא ספרים בעברית.,,hebrew,,47431933,2021-03-06,5,"""Hebrew books"" should be accepted.",https://duolingo.hobune.stream/comment/47431933
התפוז או התפוח?,,hebrew,,16327371,2016-06-25,6,"Fun fact: the word תפוז was created by the Academy for the Hebrew language from the words **תפו**ח (""apple"") and **ז**הב (""gold"").",https://duolingo.hobune.stream/comment/16327371
התפוז טעים.,,hebrew,,16255671,2016-06-21,26,"Since the audio for this is missing - can someone please ""sound out"" the word ""טעים""? Toda! תודה",https://duolingo.hobune.stream/comment/16255671
התפוח הזה משלשום?,,hebrew,,31020824,2019-02-25,12,"sheelshom: the day before yesterday. related to number 3 and yom (shlosh-yom). it may help you remember the word if you think today is 1, yesterday 2, and the day before 3",https://duolingo.hobune.stream/comment/31020824
התקציב של הממשלה גבוה בגלל תקציב הצבא.,,hebrew,,16251814,2016-06-21,18,"Why is the Hebrew sentence structure not parallel, with a smichut at the end of the sentence but not at the beginning? In English we would normally say ""government's budget ... arm",https://duolingo.hobune.stream/comment/16251814
התקרה נמצאת מעל הרצפה.,,hebrew,,16510737,2016-07-06,10,That's a relief...,https://duolingo.hobune.stream/comment/16510737
התקשרנו לומר שאנחנו אוהבים אתכם.,,hebrew,,23362118,2017-07-04,15,We called to say how much we care.,https://duolingo.hobune.stream/comment/23362118
התרופה לא מתאימה לחולי לב.,,hebrew,,16538635,2016-07-07,10,what is the difference between רפואה and תרופה?,https://duolingo.hobune.stream/comment/16538635
התשובה היא כן.,,hebrew,ha-tshuvah hee ken,17359999,2016-08-25,17,"I think i have heard Israelis use both of the following constructions to mean, ""The answer is yes."" התשובה זאת כן התשובה היא כן Is there a preferred way?",https://duolingo.hobune.stream/comment/17359999
התשובה שלה משתנָה כל יום.,,hebrew,,18196605,2016-10-08,9,Ha'tshuva shela mishtana kol yom,https://duolingo.hobune.stream/comment/18196605
ומה המשכורת?,,hebrew,,55767289,2022-02-01,1,u-ma ha-maskóret?,https://duolingo.hobune.stream/comment/55767289
זאת אסטרטגיה מעניינת אבל אני מעדיף לחכות.,,hebrew,zot astratéguia meaniénet avál ani ma'adíf lekhacót,26642614,2018-03-20,12,"""this strategy is interesting, but i prefer to wait"" should be accepted",https://duolingo.hobune.stream/comment/26642614
זאת בעיה של הממשלה הבאה.,,hebrew,,28338284,2018-08-06,7,This is a problem for the next government.,https://duolingo.hobune.stream/comment/28338284
זאת דרך ארוכה.,,hebrew,,16622948,2016-07-12,44,"what is the difference between :""this way is long"" and ""this is a long way""? why is only the first translation accepted ???",https://duolingo.hobune.stream/comment/16622948
זאת הארוחה המרכזית.,,hebrew,,16561393,2016-07-08,14,Zot ha-arukha ha-merkazit.,https://duolingo.hobune.stream/comment/16561393
זאת הבירה שלנו.,,hebrew,,16346221,2016-06-26,27,"why not ""this beer is ours""?",https://duolingo.hobune.stream/comment/16346221
זאת הדרך שלו להביע דעה.,,hebrew,zot ha-derekh shelo lehabía deah,29365012,2018-10-23,4,zot ha-derekh shelo lehabía deah,https://duolingo.hobune.stream/comment/29365012
זאת החצאית שלי.,,hebrew,,16454859,2016-07-02,15,why is a guy saying this?,https://duolingo.hobune.stream/comment/16454859
זאת העוגה הרביעית שלךָ!,,hebrew,zot ha-ugá ha-revi'ít shelchá,17551499,2016-09-05,28,"""That cake is your fourth"" does not sound incorrect to my ears, but I'm not an English native user...",https://duolingo.hobune.stream/comment/17551499
זאת השאלה שכולם נשאלים כשהם חוזרים מסין.,,hebrew,,25085558,2017-11-04,20,"""Have you been to Whuan?""",https://duolingo.hobune.stream/comment/25085558
זאת חשיבה מודרנית.,,hebrew,,49992933,2021-06-08,4,"what is wrong with ""thought""",https://duolingo.hobune.stream/comment/49992933
זאת יצירה נפלאה.,,hebrew,zot yetzirá nifla'á,51397852,2021-08-08,2,זֹאת יְצִירָה נִפְלָאָה.,https://duolingo.hobune.stream/comment/51397852
זאת לא החגורה שלי.,,hebrew,,22737874,2017-05-22,12,Is it chagora or chagura?,https://duolingo.hobune.stream/comment/22737874
"זאת לא שטיפת מוח, זה חינוך!",,hebrew,,20183966,2017-01-10,16,"Wow, just when I thought everyone was being too serious! Teacher, leave them kids alone! (wrong, do it again...)",https://duolingo.hobune.stream/comment/20183966
זאת מדינה עם כלכלה חזקה.,,hebrew,zot medinah eem calcalah khazakah,37256816,2020-03-24,3,zot medinah eem calcalah khazakah,https://duolingo.hobune.stream/comment/37256816
זאת מסעדתי או המסעדה שלי?,,hebrew,,16272181,2016-06-22,69,Is this unnatural sentence just to show the difference between combining conjugations?,https://duolingo.hobune.stream/comment/16272181
"זאת עסקה טובה, אבל התקציב שלנו נמוך.",,hebrew,,36939032,2020-03-07,5,"The idiom I would use in American English to politely decline someone's offer is, ""This is a good deal, but our budget is too tight.""",https://duolingo.hobune.stream/comment/36939032
זה אגוז.,,hebrew,,16272374,2016-06-22,36,"He sounds like a German trying to say ""There he goes""",https://duolingo.hobune.stream/comment/16272374
זה אי בלי חוקים.,,hebrew,,31926695,2019-04-28,6,זה בעל זבוב פה.,https://duolingo.hobune.stream/comment/31926695
"זה בצל, לא שום.",,hebrew,"zeh batzal, lo shum",16332823,2016-06-25,10,"In English we don't say ""This is onion.""",https://duolingo.hobune.stream/comment/16332823
זה בתוכי.,,hebrew,,19082789,2016-11-16,20,"I was wondering if someone could guide me on how literal or figurative the word ""inside"" can be in Hebrew, especially in reference to people. Based on other sentences, I think this",https://duolingo.hobune.stream/comment/19082789
זה הילד של אברהם ושרה.,,hebrew,,16377115,2016-06-28,54,Yitzhak! Isaac!,https://duolingo.hobune.stream/comment/16377115
"זה זית, לא תות.",,hebrew,,16485012,2016-07-04,40,is it only me or do most people not go around confusing olives and strawberries??,https://duolingo.hobune.stream/comment/16485012
זה טוב לקריירה שלי.,,hebrew,ze tov la-karyéra shelí,17541408,2016-09-05,7,ze tov la-karyéra shelí.,https://duolingo.hobune.stream/comment/17541408
זה טוב.,,hebrew,,16271117,2016-06-22,39,MAZEL TOV,https://duolingo.hobune.stream/comment/16271117
זה כואב לךְ?,,hebrew,ze ko'év lach?,16414112,2016-06-30,25,Why not 'Is it hurting you?',https://duolingo.hobune.stream/comment/16414112
זה כיף!,,hebrew,,16266014,2016-06-22,69,Would have been helpful if the word was introduced first or if it was underlined so we could click on it to see the meaning.,https://duolingo.hobune.stream/comment/16266014
זה לא אותו הדבר.,,hebrew,,16854687,2016-07-26,25,"I don't think I've ever heard this sentence with the definite article before the דבר, it usually sounds like זה לא אותו דבר. Is it just me mishearing, or do the locals actually oft",https://duolingo.hobune.stream/comment/16854687
זה לא עובד.,,hebrew,,16490399,2016-07-04,21,"Now, this *d* at the end is definitely a real [stop](https://en.wikipedia.org/wiki/Voiced_dental_and_alveolar_stops)! It's such a stop that you can't even hear it :D I was lucky en",https://duolingo.hobune.stream/comment/16490399
זה לא תומך.,,hebrew,,16365079,2016-06-27,40,Is this an intransitive verb? I think in English this would need a direct object.,https://duolingo.hobune.stream/comment/16365079
זה מוזיאון מאוד מעניין.,,hebrew,,17540900,2016-09-04,8,"Why is ""This museum is very interesting"" not a correct translation?",https://duolingo.hobune.stream/comment/17540900
זה מטבח יפֶה.,,hebrew,ze mitbách yafé,16815060,2016-07-24,13,ze mitbách yafé.,https://duolingo.hobune.stream/comment/16815060
זה מעל תשעת אלפים!,,hebrew,,16592068,2016-07-10,22,Nice reference :),https://duolingo.hobune.stream/comment/16592068
זה מרק או מים?,,hebrew,,17404211,2016-08-28,15,Seems someone was not happy with their soup in resturant :))),https://duolingo.hobune.stream/comment/17404211
זה סופרמרקט או מכולת?,,hebrew,,21864005,2017-03-30,19,Does this question imply that supermarket and grocery store mean different things in Hebrew? The terms are interchangeable in American English.,https://duolingo.hobune.stream/comment/21864005
זה ספר יפֶה.,,hebrew,,16263581,2016-06-22,31,"How would one say ""This book is nice""?",https://duolingo.hobune.stream/comment/16263581
זה עניין של תקשורת.,,hebrew,,49807942,2021-06-01,1,Ze inyan shel tiqshoret.,https://duolingo.hobune.stream/comment/49807942
זה עצוב.,,hebrew,,16815802,2016-07-24,16,this is so sad alexa play despacito,https://duolingo.hobune.stream/comment/16815802
זה פרק ארוך וקשֶה.,,hebrew,ze pérek aróch ve-kashé,17686478,2016-09-13,9,"Why is ""This chapter is long and difficult"" not correct?",https://duolingo.hobune.stream/comment/17686478
זה פשע נגד המדינה.,,hebrew,,23531742,2017-07-14,2,"Oh, pshaw.",https://duolingo.hobune.stream/comment/23531742
זה צבע סגול.,,hebrew,this sentence is weird,20410688,2017-01-23,45,Why not this color is purple?,https://duolingo.hobune.stream/comment/20410688
זה שעון יד יקר.,,hebrew,,35107954,2019-11-17,10,Isn't שעון יד a wristwatch and שעון a clock?,https://duolingo.hobune.stream/comment/35107954
זה שרביט קסמים או סרגל?,,hebrew,,18744725,2016-11-01,10,…אוֹ שֶׁאַתָּה סְתָם שָׂמֵחַ לִרְאוֹת אוֹתִי?,https://duolingo.hobune.stream/comment/18744725
"זהירות, דרקון!",,hebrew,,17784131,2016-09-17,8,- טורין אוקנשילד,https://duolingo.hobune.stream/comment/17784131
זמן מבוזבז לא חוזר.,,hebrew,,22122972,2017-04-13,9,"'Wasted time' or 'Time wasted', are they not the same?",https://duolingo.hobune.stream/comment/22122972
חולצותיהם היפות של הילדים יותר מדי קטנות עליהם.,,hebrew,,22120570,2017-04-13,44,Does anyone speak this way?,https://duolingo.hobune.stream/comment/22120570
חופש הוא הדבר החשוב ביותר.,,hebrew,,16594606,2016-07-10,13,"חופש also means vacation (or holiday, in British)",https://duolingo.hobune.stream/comment/16594606
חופשי כציפור.,,hebrew,,17106437,2016-08-10,12,and this bird you cannot change,https://duolingo.hobune.stream/comment/17106437
חוש הריח.,,hebrew,,51307288,2021-08-05,2,"You can say, for example, I lost my sense of smell- איבדתי את חוש הריח. (You don't have to include שלי)",https://duolingo.hobune.stream/comment/51307288
חזיר הוא חיה מכוערת.,,hebrew,,17579441,2016-09-07,25,My favorite animal is a pig. :(,https://duolingo.hobune.stream/comment/17579441
חיוך מאוזן לאוזן.,,hebrew,,24404992,2017-09-11,3,My six year daughter found this video from My Little Pony: the Smile song by Pinkie Pie in Hebrew. I thought some DuoLingo Hebrew learners might enjoy it. https://youtu.be/QiAJdIvq,https://duolingo.hobune.stream/comment/24404992
חיות הן לא רעות!,,hebrew,,16334735,2016-06-26,17,Except for the lion that ate the bot,https://duolingo.hobune.stream/comment/16334735
חמישה עשר חתולים שוחים.,,hebrew,,16538717,2016-07-07,22,This would never happen.,https://duolingo.hobune.stream/comment/16538717
חמש מאות עשרים וארבעה אלף תשע מאות שבעים ושתיים.,,hebrew,chamésh me'ót esrím ve-arba'á élef tésha me'ót shiv'ím u-shtáyim,18326060,2016-10-13,23,Brainfuck.,https://duolingo.hobune.stream/comment/18326060
חתוך את העוגה!,,hebrew,,47924142,2021-03-23,1,Khatokh et ha-uga!,https://duolingo.hobune.stream/comment/47924142
חתלתולים יושבים על מקלדות.,,hebrew,,18762716,2016-11-02,9,Truer words never spoken!,https://duolingo.hobune.stream/comment/18762716
טבעות שבתאי עשויות מקרח.,,hebrew,,22642959,2017-05-16,16,I love the connection between שבת and SATURN.,https://duolingo.hobune.stream/comment/22642959
טבריה היא עיר עתיקה.,,hebrew,,52731311,2021-10-06,1,tvérya hi ir atiká.,https://duolingo.hobune.stream/comment/52731311
טוסי לישראל!,,hebrew,,25274837,2017-11-20,5,i'd like to tbh,https://duolingo.hobune.stream/comment/25274837
ידיד שלי עוזר לי.,,hebrew,,27600313,2018-06-10,8,Seems missing the הידיד.. ה ..,https://duolingo.hobune.stream/comment/27600313
ידידה שלי סיפרה לי על הטיול שלה.,,hebrew,,17664884,2016-09-11,17,"Why not ""girlfriend"" (which doesn't imply a romantic relationship)?",https://duolingo.hobune.stream/comment/17664884
ידעתי את זה!,,hebrew,,24575351,2017-09-24,7,yadati et zeh,https://duolingo.hobune.stream/comment/24575351
יהיו להחלטה הזאת השלכות לגבי המזרח התיכון.,,hebrew,,29358944,2018-10-23,12,Concerning = regarding,https://duolingo.hobune.stream/comment/29358944
יהיו לי אלף מטריות.,,hebrew,,19833165,2016-12-22,10,"...and I will lose all of them within a year, guaranteed.",https://duolingo.hobune.stream/comment/19833165
יוון קרובה לישראל.,,hebrew,yaván krová le-yisra'él,50819973,2021-07-15,5,The word קרובה is pourly pronounced right? Or is that just me?,https://duolingo.hobune.stream/comment/50819973
יום חם בדרום ישראל.,,hebrew,,26621389,2018-03-18,6,"Is דרום ישראל a construct just like כוס מים (for example), or it's something slightly different ?",https://duolingo.hobune.stream/comment/26621389
ילדיו של הרופא רוצים עוגה.,,hebrew,,16268828,2016-06-22,40,"Could the Hebrew sentence also have been ""הילדים של הרופא רוצים עוגה""? The double use of the 'genitive' (once with the 3.m.sing. possessive suffix, and once with של) seems a bit st",https://duolingo.hobune.stream/comment/16268828
ילדים שמחים.,,hebrew,,16253462,2016-06-21,18,"""children are happy"" wouldn't also be a correct answer?",https://duolingo.hobune.stream/comment/16253462
ירושלים היא עיר מיוחדת.,,hebrew,,16525097,2016-07-06,8,"[♪ יְרוּשָׁלַיִם שֶׁל בַּרְזֶל, וְשֶׁל עוֹפֶרֶת וְשֶׁל שְׁחוֹר… ♪](https://www.youtube.com/watch?v=MgVHyP2dNwo)",https://duolingo.hobune.stream/comment/16525097
יש אהבה בינינו!,,hebrew,yesh ahava beneinu,24839430,2017-10-15,11,yesh ahava beneinu,https://duolingo.hobune.stream/comment/24839430
יש אהבה!,,hebrew,yesh ahavá!,16330435,2016-06-25,25,I like that the reader says it in a tender voice.,https://duolingo.hobune.stream/comment/16330435
יש אפשרות שהקוף שלךְ הוא לא מזכיר טוב.,,hebrew,,19167214,2016-11-20,7,"Now there is a sentence that, but for Duolingo, might never have been constructed.",https://duolingo.hobune.stream/comment/19167214
יש גם שמש וגם גשם.,,hebrew,,18729728,2016-10-31,9,קשת,https://duolingo.hobune.stream/comment/18729728
יש יין!,,hebrew,,16299711,2016-06-24,34,Yes! מזל טוב!,https://duolingo.hobune.stream/comment/16299711
יש כמות קטנה של שמן.,,hebrew,yesh kamút ktaná shel shémen,17689533,2016-09-13,32,Enough for eight nights?,https://duolingo.hobune.stream/comment/17689533
יש לה חמישה כרטיסי אשראי.,,hebrew,,34075991,2019-09-12,3,Yesh la chamisha kartisei ashrai.,https://duolingo.hobune.stream/comment/34075991
יש לה שֵם יפֶה.,,hebrew,,18792773,2016-11-03,12,what is the reason for the random use of nikkud in this program?,https://duolingo.hobune.stream/comment/18792773
יש להם מים וקפה.,,hebrew,yesh lahém máyim ve-kafé,18100654,2016-10-04,6,yesh lahém máyim ve-kafé.,https://duolingo.hobune.stream/comment/18100654
יש להם מסורת ארוכה של שנאה.,,hebrew,,22909433,2017-06-03,15,This seems like a very specialized sentence,https://duolingo.hobune.stream/comment/22909433
יש לו אחד עשר רטבים.,,hebrew,yesh lo akhád asár retavim,25643296,2017-12-23,14,The plural form should be רְטָבִים [rtavim].,https://duolingo.hobune.stream/comment/25643296
יש לו גוף של גבר אבל מוח של ילד.,,hebrew,,19341155,2016-11-29,18,"The English here isn't quite right. We would ordinarily use the definite article for mind and body in these sentences, viz., ""He has *the* body of a man but *the* brain of a child.",https://duolingo.hobune.stream/comment/19341155
יש לו חברים בעולם התחתון.,,hebrew,,16274774,2016-06-22,26,So this is not referring to where Greek mythology then...,https://duolingo.hobune.stream/comment/16274774
יש לו חלב ולחם.,,hebrew,,16379465,2016-06-28,27,"I mistook the ""לו"" as ""לא"" because the same pronunciation. How would I tell the difference in conversation? How do I know someone is saying ""He has milk and bread"" instead of ""He d",https://duolingo.hobune.stream/comment/16379465
יש לו קוף בתוך תיק הגב שלו.,,hebrew,,18952305,2016-11-11,13,BEST SENTENCE EVER!!!! I'm clutching my sides...,https://duolingo.hobune.stream/comment/18952305
יש לו ראש מרובע.,,hebrew,,18220658,2016-10-09,11,"In Québec, ""tête carrée"" is a casual, humorous way of designating an English speaker. "".הוא ראש מרובע""",https://duolingo.hobune.stream/comment/18220658
יש לו שבע חיות מחמד!,,hebrew,,47795217,2021-03-19,2,So the gender of the number matches the gender of what is counted. My first inclination was that the gender of this number was to be masculine.,https://duolingo.hobune.stream/comment/47795217
יש לו תגובה ארוכה מדי.,,hebrew,,20284626,2017-01-14,16,"Is the placing of the article ""a"" correct in the english translation? Duo gives the correct translation to be: He has too long a comment. Wouldn't it be better with: He has a too l",https://duolingo.hobune.stream/comment/20284626
יש לזה חלב טעים.,,hebrew,,16345140,2016-06-26,69,"what is ""לזה""? I thought there was no ""it""; that inanimate objects were either he/she so why isn't it יש לו or יש לה?",https://duolingo.hobune.stream/comment/16345140
יש לי אפרסק צהוב ואדום.,,hebrew,yesh li afarsék tzahóv ve-adóm,16271145,2016-06-22,13,"Does this mean ""a yellow and red peach"" or ""a yellow and a red peach""? How would you differentiate between these two sentences?",https://duolingo.hobune.stream/comment/16271145
יש לי את החללית הכי מהירה בשביל החלב.,,hebrew,,19279211,2016-11-25,22,I can't understand this at all. I have the fastest spaceship for the milk?,https://duolingo.hobune.stream/comment/19279211
יש לי בערך עשרים חתולים.,,hebrew,,17102679,2016-08-10,27,![](https://jstrawberry.files.wordpress.com/2016/04/crazy_cat_lady_4.jpg),https://duolingo.hobune.stream/comment/17102679
יש לי זנב ארוך.,,hebrew,,17411901,2016-08-28,29,( ͡° ͜ʖ ͡°),https://duolingo.hobune.stream/comment/17411901
יש לי יום הולדת פעם בשנה.,,hebrew,,17217555,2016-08-17,26,ME TOO!!,https://duolingo.hobune.stream/comment/17217555
יש לי מפה.,,hebrew,yesh li mapá,53331851,2021-10-30,4,yesh li mapá.,https://duolingo.hobune.stream/comment/53331851
"יש לי משקפי שמש, אז אני שמח.",,hebrew,,19414878,2016-12-02,11,"So אז means both: 1-)hence, so, therefore,and it also means 2-)then as in: he eats and then he sleeps? (Something taking place after something else?",https://duolingo.hobune.stream/comment/19414878
יש לי נשר.,,hebrew,,16396148,2016-06-29,15,So are vulture and eagle the same word in Hebrew? Or is it just one word for all birds of prey or something like that?,https://duolingo.hobune.stream/comment/16396148
יש לי סוג אחר של אריה.,,hebrew,,17573029,2016-09-06,14,![](https://i.ytimg.com/vi/dcII4AlzsS4/maxresdefault.jpg),https://duolingo.hobune.stream/comment/17573029
יש לי עשרה תלמידים וחמש תלמידות.,,hebrew,,17202787,2016-08-16,15,"I suggested ""I have ten male and five female students.""which should be accepted. Why not?",https://duolingo.hobune.stream/comment/17202787
יש לי שבעה מרפקים.,,hebrew,,16254034,2016-06-21,29,"וכל אצבע זרת, זרת זרת זרת",https://duolingo.hobune.stream/comment/16254034
יש לי שמלה סגולה.,,hebrew,yesh li seemlah sgulah,25184180,2017-11-13,16,yesh li seemlah sgulah,https://duolingo.hobune.stream/comment/25184180
יש לי שני אחים גדולים ואח אחד קטן.,,hebrew,,19957844,2016-12-30,79,Why old brothers and not older brothers,https://duolingo.hobune.stream/comment/19957844
יש לי שש עשרה עוגות.,,hebrew,,17282749,2016-08-20,11,SUGAR HIGH,https://duolingo.hobune.stream/comment/17282749
יש לךְ חוב של מאה עשרים וחמישה שקלים.,,hebrew,,17056782,2016-08-07,10,"I've heard that it's common to say just shekel even when it's plural, is that correct?",https://duolingo.hobune.stream/comment/17056782
יש לךְ ילדים?,,hebrew,,16253597,2016-06-21,45,Is לך with two dots the feminine you?,https://duolingo.hobune.stream/comment/16253597
יש לךְ כרטיס ביקור?,,hebrew,,31553805,2019-04-02,9,"For those learning English through DL Hebrew, and for any younger people who might not know the term, an old-fashioned term for a card that had your name and usually contact inform",https://duolingo.hobune.stream/comment/31553805
יש למכונה הזאת תועלת?,,hebrew,,17048020,2016-08-07,16,"I always confuse תועלת with תולעת, and that's going to get me in trouble one day :(",https://duolingo.hobune.stream/comment/17048020
יש לנו מיץ טעים!,,hebrew,yesh lanu mitz taim,16610658,2016-07-11,17,yesh lanu mitz taim,https://duolingo.hobune.stream/comment/16610658
יש לנו תשע ביצים ותשעה דגים.,,hebrew,,16628272,2016-07-12,22,"No problem, Jesus would feed around 10000 people with it.",https://duolingo.hobune.stream/comment/16628272
יש מישהו במטבח.,,hebrew,yesh mishehu ba–meetbakh,17649242,2016-09-11,20,"This is fun, because it's very close to a line from the American folk song, ""I've Been Working on the Railroad"" - ""Someone's in the kitchen with Dinah...""",https://duolingo.hobune.stream/comment/17649242
יש מסלול אל החוף.,,hebrew,,17668024,2016-09-12,8,"Would ""There is a route toward the coast"" be correct here? And how is דרך different from מסלול?",https://duolingo.hobune.stream/comment/17668024
יש מקצוע לבלשנים?,,hebrew,,17047899,2016-08-07,19,Don't ask this question on Duolingo...,https://duolingo.hobune.stream/comment/17047899
יש נמל בתל אביב.,,hebrew,,18778106,2016-11-03,13,"The male in this program says namal and the female says namel. That seems strange to me. (and no, neither is in the construct form, which is nemal).",https://duolingo.hobune.stream/comment/18778106
יש שם חצי מיליארד חרקים!,,hebrew,,18705931,2016-10-30,21,"""A half billion"" should be accepted. It is as good a translation as ""half a billion"", and just as valid in English.",https://duolingo.hobune.stream/comment/18705931
יש שם שני מיליון גברים ושתי מיליון נשים.,,hebrew,yesh sham shney milión gvarím u-shtey milión nashím,34294960,2019-09-27,8,"""מיליון"" is a male and this is what the ""two"" counts, so it has to be ""יש שם שני מיליון גברים ושני מיליון נשים"".",https://duolingo.hobune.stream/comment/34294960
יש תפוח ולחם.,,hebrew,,17288224,2016-08-21,16,"your English is faulty. Since there are two objects, namely apple and bread, you need a plural verb, namely ""are"" not the singular ""is"".",https://duolingo.hobune.stream/comment/17288224
ישראל היא הבית שלי.,,hebrew,,16399406,2016-06-29,21,&lt;3,https://duolingo.hobune.stream/comment/16399406
ישראל היא מדינה יפָה.,,hebrew,israel hee medinah yafah,17858023,2016-09-21,10,I think you should begin to accept LOVELY as an alternative to BEAUTIFUL and PRETTY for the word יפה. Many in the UK and the USA use the word LOVELY for example... Israel is a LOVE,https://duolingo.hobune.stream/comment/17858023
כבר אין חושך כי האור הגיע.,,hebrew,kvar ein chóshech ki ha-or higía,56611450,2022-03-05,3,"Is ""It is no longer dark because the light has arrived"" a correct translation also?",https://duolingo.hobune.stream/comment/56611450
כדורעף הוא ספורט?,,hebrew,,48900224,2021-04-28,2,What's the difference between עף and טס,https://duolingo.hobune.stream/comment/48900224
כוכב חמה תמיד נמצא קרוב יותר לשמש מאשר נוגה.,,hebrew,,16253309,2016-06-21,21,‘Always found’ sounds so incredibly awkward.,https://duolingo.hobune.stream/comment/16253309
כולם מדברים על שלום.,,hebrew,,17069052,2016-08-08,10,״אף אחד לא מדבר על צדק״,https://duolingo.hobune.stream/comment/17069052
כולם משתכרים אחרי החתונה.,,hebrew,,25852464,2018-01-11,16,Kulam mishtakrim acharei ha'chatuna.,https://duolingo.hobune.stream/comment/25852464
"כולם רוצים שירים פשוטים, שירים עם שני אקורדים.",,hebrew,,16276547,2016-06-22,12,This is the first line from this song: https://youtu.be/HgC-gfNdghM,https://duolingo.hobune.stream/comment/16276547
כושר חשוב לבריאות.,,hebrew,kósher chashúv la-bri'út,55328461,2022-01-16,3,"My answer, fitness is important to health, should have been accepted.",https://duolingo.hobune.stream/comment/55328461
כחול וצהוב הפכו לירוק.,,hebrew,,54302733,2021-12-06,1,Kakhol ve-tsahov hafkhu la-yaroq.,https://duolingo.hobune.stream/comment/54302733
ככה אנחנו שומעים אותךְ יותר טוב.,,hebrew,kácha anáchnu shom'ím otách yotér tov,19892334,2016-12-25,15,"That is an odd way to phrase things in english. Google Translate says ""That's how we hear you better.""",https://duolingo.hobune.stream/comment/19892334
ככה?,,hebrew,,16757582,2016-07-20,10,"Well, כָּ֫כָה is the perfect snippy Hebrew answer to difficult questions: לָ֫מָּה? כָּ֫כָה *Why? Just because*.",https://duolingo.hobune.stream/comment/16757582
כל אחד צריך אהבה.,,hebrew,col ekhad tzarikh ahavah,20325992,2017-01-16,18,col ekhad tzarikh ahavah,https://duolingo.hobune.stream/comment/20325992
כל האוכל נאכל לפני שהגעתי.,,hebrew,,28900255,2018-09-17,7,Kol ha-okhel ne’ekhal lifne she-higati.,https://duolingo.hobune.stream/comment/28900255
כל האנשים רוצים בשר.,,hebrew,,18855855,2016-11-06,12,"Wrong, a lot don't! Haha",https://duolingo.hobune.stream/comment/18855855
כל הבננות ירוקות לאחרונה.,,hebrew,,16693286,2016-07-16,13,"this sentence does not help anybody learn this word, as the meaning is thoroughly ambiguous in English. Please remove it from existence.",https://duolingo.hobune.stream/comment/16693286
כל הדובים האלה לומדים עברית.,,hebrew,,16309141,2016-06-24,52,Are they making Aliyah soon?,https://duolingo.hobune.stream/comment/16309141
כל הנשים רוצות חתונה לבנה.,,hebrew,,16408576,2016-06-30,39,What is a white wedding? I hope it isn't anything like the Red Wedding.,https://duolingo.hobune.stream/comment/16408576
כל הציירים הם אמנים.,,hebrew,,22237801,2017-04-19,32,"Just a thought this text and lesson helped provoke: It helps to remember vocabulary not only by hearing it defined, used in many different contexts, and relating it to other words ",https://duolingo.hobune.stream/comment/22237801
כל הקהילה שמחה מאוד.,,hebrew,,17994741,2016-09-28,10,"The whole community would be betterIn fact, I'd say it is"" hebglish"" to say ""all the community""",https://duolingo.hobune.stream/comment/17994741
כל יום חמישים תאונות נגרמות על ידי חתולים.,,hebrew,,22190258,2017-04-17,26,![](https://i.redd.it/6q2wh951e6my.jpg),https://duolingo.hobune.stream/comment/22190258
כל פעם הוא נאכל על ידי האריות.,,hebrew,,18256695,2016-10-11,23,"Hmm, maybe the poor dude has a recurring nightmare about lions? The videogame explanation is good too though.",https://duolingo.hobune.stream/comment/18256695
כל שיחה איתו היא ויכוח.,,hebrew,,18692264,2016-10-30,10,"Yep, i know what you mean.",https://duolingo.hobune.stream/comment/18692264
כלבים הם החיה השמחה מכולן.,,hebrew,,19340799,2016-11-29,96,"This is really confusing to have animal as singular when dogs are plural AND translated into English in an uncommon way. Every time I write: ""the happiest of all animals."" It's awk",https://duolingo.hobune.stream/comment/19340799
כלבתי שותָה מים.,,hebrew,,16402862,2016-06-29,22,"A female dog is a bitch (hence the more common use of ""bitch"" as an insult), so ""My bitch drinks water"", or ""My bitch is drinking water"" should be accepted.",https://duolingo.hobune.stream/comment/16402862
כמה דולרים עולֶה הביטוח?,,hebrew,,23429488,2017-07-08,10,The canonical translation is not idiomatic English. Native speakers would never say it that way.,https://duolingo.hobune.stream/comment/23429488
כמה חיילים יש בצבא?,,hebrew,,16750830,2016-07-20,2,"As of July 2015, The IDF has about 176,500 active personnel in regular service, with 42,000 of them serve in permanent service. In addition, there are about 445,000 reserve personn",https://duolingo.hobune.stream/comment/16750830
כמה לוחמים אתם צריכים בשביל לנצח את המכשפה?,,hebrew,,34109909,2019-09-15,6,"I'm glad that Duolingo accepted my word ""to defeat"" for לנצח.",https://duolingo.hobune.stream/comment/34109909
כמה מעוינים יש על הקיר?,,hebrew,,30012122,2018-12-14,14,How many diamond patterns are on the wall?,https://duolingo.hobune.stream/comment/30012122
כמה עולָה דירה חדשה בצפון תל אביב?,,hebrew,camah olah dirah khadashah be-tzfon tel aviv,16251530,2016-06-21,8,יותר מדיי,https://duolingo.hobune.stream/comment/16251530
כמה ערים יש בישראל?,,hebrew,,17500843,2016-09-02,14,"It counted ""How many cities are in Israel?"" as incorrect. Why?",https://duolingo.hobune.stream/comment/17500843
כמה קודקודים יש לעיגול?,,hebrew,,19782068,2016-12-19,20,אפס!,https://duolingo.hobune.stream/comment/19782068
כמה שוטרים רצים?,,hebrew,,20140009,2017-01-08,15,"The amount of the officers can be quite important. For example, if it's only a few you might be able to fight them off and jump the fence.",https://duolingo.hobune.stream/comment/20140009
"כמו תמיד, הקוף התלונן שהבננה ירוקה מדי.",,hebrew,,29285399,2018-10-17,5,Monkey complained that the banana WAS too green.,https://duolingo.hobune.stream/comment/29285399
"כן, הוא מכיר אותו.",,hebrew,,20451278,2017-01-25,18,"ken, hu makír otó.",https://duolingo.hobune.stream/comment/20451278
"כן, זה כיף.",,hebrew,,16251778,2016-06-21,24,"Yes, this course is fun =D",https://duolingo.hobune.stream/comment/16251778
"כן, יש לנו שבעה מלפפונים.",,hebrew,,19776961,2016-12-19,7,"It is official, we have seven cucumbers! It's alright folks, you can rest easy at night, because we do, indeed, have seven cucumbers.",https://duolingo.hobune.stream/comment/19776961
"כן, תודה!",,hebrew,ken todah,16365974,2016-06-27,10,ken todah,https://duolingo.hobune.stream/comment/16365974
כן.,,hebrew,,16251517,2016-06-21,38,"""Yes we can"" sounds like ""yes"" in English, French and Hebrew. Just a thought.",https://duolingo.hobune.stream/comment/16251517
כסף הוא המנוע של העולם.,,hebrew,,23190265,2017-06-21,20,Money makes the world go around.,https://duolingo.hobune.stream/comment/23190265
כשאני איתךְ הזמן עובר מהר.,,hebrew,,24555887,2017-09-22,16,"Shouln't it be ""the time passes quickly?""",https://duolingo.hobune.stream/comment/24555887
"כשאני לומדת, אני נחה פעם בשלוש שעות.",,hebrew,,24153772,2017-08-24,13,"Kshe ani lomedet, ani nakha pa’am be-shalosh sha’ot.",https://duolingo.hobune.stream/comment/24153772
"כשאף אחד לא רואֶה, הטבח מעצב נעליים.",,hebrew,,23020946,2017-06-10,16,"Poor English. It should be, 'when no-one is looking', not ""seeing"".",https://duolingo.hobune.stream/comment/23020946
כשאת שותָה קפה את לא ישנה.,,hebrew,cshe-at shotah kafeh at lo yeshenah,16824477,2016-07-24,37,cshe-at shotah kafeh at lo yeshenah,https://duolingo.hobune.stream/comment/16824477
"כשיש לי לימונים, אני שמח.",,hebrew,,17416515,2016-08-28,52,When life gives you lemons...,https://duolingo.hobune.stream/comment/17416515
כתיבה היא נושא מעניין.,,hebrew,,55883581,2022-02-06,1,Ktiva hi nose me’anyen.,https://duolingo.hobune.stream/comment/55883581
לא לגעת באבקה הלבנה!,,hebrew,,16600116,2016-07-11,20,sounds like an anti-drug commercial,https://duolingo.hobune.stream/comment/16600116
לא לגעת בעוגה!,,hebrew,,19892267,2016-12-25,18,"Do you need to use the infinitive here? Could you use an impersonal plural, ""לא נוגעים בעוגה"" ?",https://duolingo.hobune.stream/comment/19892267
לא לכל בעיה יש פתרון.,,hebrew,,26372401,2018-02-22,4,"Lo lechol be'aya yesh pitron¹. ¹ or pitaron. (Like the song ""pitaron kal"" https://www.youtube.com/watch?v=8JDYs5JFwTY ).",https://duolingo.hobune.stream/comment/26372401
לא מובן לי למה לא אמרתְ לי את זה אתמול.,,hebrew,,20160843,2017-01-09,6,"I tried to think about why the hebrew doesn't begin אני לא מבין, and came up with ""it's not understandable to me..."" as the start of the translation, which was not one of the optio",https://duolingo.hobune.stream/comment/20160843
"לא, הוא לא רואֶה משאית.",,hebrew,,16255925,2016-06-21,53,This seems very hard for this level.,https://duolingo.hobune.stream/comment/16255925
"לא, זה לא כיף.",,hebrew,,16290451,2016-06-23,37,:(,https://duolingo.hobune.stream/comment/16290451
לאו דווקא.,,hebrew,,16641255,2016-07-13,26,"can someone explain (if this is even possible in Hebrew) explain the orthography here? (why the alefs, why the vavs?)",https://duolingo.hobune.stream/comment/16641255
לאן אתם הולכים במסלול הזה?,,hebrew,,22249678,2017-04-20,24,"I believe the correct answer is incorrect in English. ""Where are you walking on that path"" would yield an answer such as ""I'm walking on the right side of the path."" Therefore I th",https://duolingo.hobune.stream/comment/22249678
לאן זה מתחבר?,,hebrew,,24987362,2017-10-27,2,I wrote to where does it connect and was marked wrong,https://duolingo.hobune.stream/comment/24987362
לאן נוסעת הרכבת התחתית?,,hebrew,le'án nosá'at ha-rakévet ha-tachtít?,23656627,2017-07-23,15,"The preposition ""to"" is unnecessary in English. That is ""Where is the metro going?"" is a correct sentence.",https://duolingo.hobune.stream/comment/23656627
לבית הכלא יש חומה גבוהה עם שומרים.,,hebrew,,49533288,2021-05-21,7,what is the difference between חומה and קיר,https://duolingo.hobune.stream/comment/49533288
לדבורה יש דבש.,,hebrew,la-dvorá yesh dvash,17412685,2016-08-28,16,la-dvorá yesh dvash.,https://duolingo.hobune.stream/comment/17412685
לדבורה יש זנב?,,hebrew,,17071313,2016-08-08,39,Why not הדבורה?,https://duolingo.hobune.stream/comment/17071313
"להיות או לא להיות, זאת השאלה.",,hebrew,,20317050,2017-01-16,24,Omg shakespear in hebrew!,https://duolingo.hobune.stream/comment/20317050
להתראות בקרוב!,,hebrew,,22675565,2017-05-18,8,"While on vacation in Israel, I've heard ppl say it",https://duolingo.hobune.stream/comment/22675565
להתראות!,,hebrew,,16252461,2016-06-21,35,"The male voice saying this seems to ""swallow"" the ת at the end. Is this normal? Does this happen just in this word, or in others too?",https://duolingo.hobune.stream/comment/16252461
לולא המחשב שלי לא הייתי יודע לדבר עברית.,,hebrew,,16554876,2016-07-08,9,"דואולינגו, אתה צודק!",https://duolingo.hobune.stream/comment/16554876
לחיות יש שאלות.,,hebrew,,17285233,2016-08-21,28,And they want answers. NOW.,https://duolingo.hobune.stream/comment/17285233
לחם או חלב?,,hebrew,léchem o chaláv?,25158616,2017-11-10,4,"How do you pronounce לחם וחלב? Is it ""lakhem"" and ""khalev""? Or am I getting the vowels wrong?",https://duolingo.hobune.stream/comment/25158616
לחתול יש אפס תפוחים.,,hebrew,,18069673,2016-10-02,16,"Could you also translate this as, ""The cat has no apples."" or does it have to translate as ""zero""?",https://duolingo.hobune.stream/comment/18069673
לטרפז יש ארבעה קודקודים.,,hebrew,,16376573,2016-06-28,14,Thank you so much for including this skill. I keep forgetting the English terms for geometric terms and this is really helping. I just learned a new English word...,https://duolingo.hobune.stream/comment/16376573
"לילה טוב, להתראות!",,hebrew,lailah tov lehitraot,28406726,2018-08-11,6,lailah tov lehitraot,https://duolingo.hobune.stream/comment/28406726
לימוד שפה הוא השקעה.,,hebrew,,28242217,2018-07-31,6,Why is the word 'a' necessary?,https://duolingo.hobune.stream/comment/28242217
לישראל אין את כמות המחצבים שיש לרוסיה.,,hebrew,,47464957,2021-03-08,6,Le’Israel ein et kamut ha'machatzvim she yesh le'Rusia,https://duolingo.hobune.stream/comment/47464957
לישראל יש רק כמה איים מאוד קטנים.,,hebrew,,28971378,2018-09-22,13,What islands does Israel have?,https://duolingo.hobune.stream/comment/28971378
לך למכשפה וקח ממנה את השיקוי!,,hebrew,,19097990,2016-11-17,7,"♪ [She’s an evil enchantress, and she does evil dances...](https://www.youtube.com/watch?v=HzvwJ4dAzbQ) ♪",https://duolingo.hobune.stream/comment/19097990
לכבות או להדליק?,,hebrew,,17558518,2016-09-05,12,"As both הִדְלִיק *kindle, ignite* and כִּבָּה *quench, extinguish* are verbs taken from the handling of fire, the prohibition of לֹא-תְבַעֲרוּ אֵשׁ, בְּכֹל מֹשְׁבֹתֵיכֶם, בְּיוֹם, ",https://duolingo.hobune.stream/comment/17558518
לכל דבר יש גם יתרונות וגם חסרונות.,,hebrew,,17779614,2016-09-17,15,"""To every thing there are advantages and disadvantages."" This more literal translation works perfectly well in English.",https://duolingo.hobune.stream/comment/17779614
לכל הגיבורים יש משרתים.,,hebrew,,19126932,2016-11-18,16,"They're sidekicks, not servants! They need better agents.",https://duolingo.hobune.stream/comment/19126932
לכל שירייך אני כינור.,,hebrew,,16877632,2016-07-27,25,That time when you understand all the words in a sentence but are still confused what it means... only to discover it's poetry. Makes more sense now!,https://duolingo.hobune.stream/comment/16877632
למה אוכלים אוכל?,,hebrew,láma okhlim ókhel,17125547,2016-08-11,21,láma okhlim ókhel,https://duolingo.hobune.stream/comment/17125547
"למה אומרים ""שלום""?",,hebrew,,16622902,2016-07-12,57,It shouldn't be wrong to write it without the quotes!,https://duolingo.hobune.stream/comment/16622902
למה את בוהָה בבטן שלי?,,hebrew,,16779825,2016-07-22,6,this is a medical section! abdomen should be acceptable,https://duolingo.hobune.stream/comment/16779825
למה את נעלמת כשאנחנו צריכים אותךְ?,,hebrew,,23347731,2017-07-03,7,"Is there any logic to the alternative vowel pattern here? I just got used to נעשה sounding like na'ase, now with another ק''ע verb the vowels are different, ne'elam / ne'elemet.",https://duolingo.hobune.stream/comment/23347731
למה אתה אוכל את המזלג שלךָ?,,hebrew,,16579797,2016-07-09,35,Profound question....,https://duolingo.hobune.stream/comment/16579797
למה אתה הולך אחורה?,,hebrew,,18664015,2016-10-28,10,"I initially translated this as walking behind but was marked wrong. How would you ask ""why are you walking behind?""",https://duolingo.hobune.stream/comment/18664015
למה אתה לא שותֶה בירה יקרה?,,hebrew,,23410170,2017-07-07,11,"She is talking too fast! Impossible to learn right pronounciation of the words! And if one are not prepared for the subject of the lesson, not understandable for beginners at our l",https://duolingo.hobune.stream/comment/23410170
למה אתה צריך טלפון נייד?,,hebrew,,34387819,2019-10-03,8,"Literally, *Why do you need a portable phone?*",https://duolingo.hobune.stream/comment/34387819
למה אתם עוצרים אותי?,,hebrew,,17282308,2016-08-20,37,A very important phrase to know in any language! :),https://duolingo.hobune.stream/comment/17282308
למה אתן אוכלות ארוחת ערב גדולה כל כך?,,hebrew,lamah aten okhlot arukhat erev gdolah col cakh,27805484,2018-06-28,9,lamah aten okhlot arukhat erev gdolah col cakh,https://duolingo.hobune.stream/comment/27805484
למה דוגמניות גבוהות?,,hebrew,lamah dugmaniot gvohot,17768359,2016-09-16,4,lamah dugmaniot gvohot,https://duolingo.hobune.stream/comment/17768359
למה הארנבים יושבים על הרצפה?,,hebrew,,50194479,2021-06-17,1,Can't hear her pronounce the ה for הערנבים,https://duolingo.hobune.stream/comment/50194479
למה הוא יושב איפה שהחתול שלי יושב?,,hebrew,,19953122,2016-12-29,18,Because he wants to cuddle Mr. Fluffkins.,https://duolingo.hobune.stream/comment/19953122
למה הוא מדבר עברית? אני מדבר רק אנגלית!,,hebrew,,19630067,2016-12-12,25,This is so relatable,https://duolingo.hobune.stream/comment/19630067
למה הוא עומד על מכונות הכביסה?,,hebrew,,28489427,2018-08-17,8,Audio,https://duolingo.hobune.stream/comment/28489427
למה הוא שם דבש בזה?,,hebrew,,17532657,2016-09-04,15,"Why would ""why does he put honey on this"" be wrong?",https://duolingo.hobune.stream/comment/17532657
למה הם לא רוצים לשלם לי?,,hebrew,lamah hem lo rotzim leshalem li,18628642,2016-10-27,6,who wouldn't be happy if everything was free?,https://duolingo.hobune.stream/comment/18628642
למה המזכירה שלךָ ישנה?,,hebrew,,19842524,2016-12-22,23,"So secretary comes from the root ""to remember"" in Hebrew?",https://duolingo.hobune.stream/comment/19842524
למה השחקנים מאבדים את זה?,,hebrew,láma ha-sachkaním me'abdím et ze?,22197093,2017-04-17,8,Players or actors ?,https://duolingo.hobune.stream/comment/22197093
למה קניתָ חור שחור?!,,hebrew,,19279191,2016-11-25,24,...because the price was out of sight?,https://duolingo.hobune.stream/comment/19279191
למושלים יש חוקים משלהם.,,hebrew,,17539313,2016-09-04,11,"Not sure that I understand the meaning of מושלים - I thought it was just a ruler, but I find that **The rulers have rules of their own** is rejected as ""incorrect"" What kind of ""go",https://duolingo.hobune.stream/comment/17539313
למי אנחנו עוזרים?,,hebrew,le-mi anáchnu ozrím?,16737275,2016-07-19,19,"Why isn't it ""whom"" are we helping ?",https://duolingo.hobune.stream/comment/16737275
למכונה יש מנוע.,,hebrew,,19217258,2016-11-22,3,Ha-mekhona yesh manoa.,https://duolingo.hobune.stream/comment/19217258
למנגו יש ריח טוב.,,hebrew,le'mango yesh re'akh tov,16265976,2016-06-22,37,"The pronounciation suggests that the sentence is about a mango in general (lEmango), not the specific mango (which would be lAmango, wouldn't it?).",https://duolingo.hobune.stream/comment/16265976
"למרות הדברים הרעים שאת עושָה, אני עדיין אוהבת אותךְ.",,hebrew,,16759663,2016-07-20,49,"My answer was ""Despite the bad things you do, I still love you,"" and it was marked incorrect, since I left out ""that"". Would my sentence be the same in Hebrew, or slightly deiffere",https://duolingo.hobune.stream/comment/16759663
לפי דעתי בית הכנסת סגור עכשיו.,,hebrew,,17227060,2016-08-17,54,"No one would ever say this in English. Hours of operation are not a matter of opinion. If your knowledge of the facts is limited you'd say ""As far as I know the synagogue is closed",https://duolingo.hobune.stream/comment/17227060
לפי המזכיר המשרד הוא גן חיות.,,hebrew,,18368163,2016-10-15,35,"Probably better to say ""According to the secretary the office is a zoo""",https://duolingo.hobune.stream/comment/18368163
"לפני שאני הולך, אני שר.",,hebrew,,16430258,2016-07-01,10,Nice warm up before a walk! What helps the leg muscles more than working on your vocal strings right before?!,https://duolingo.hobune.stream/comment/16430258
"לפני שאני מחליט, אני צריך לשקול את האפשרויות.",,hebrew,,39532414,2020-06-13,5,BEFORE I DECIDE I MUST WEIGH THE POSSIBILITIES means exactly the same thing. And Possibilities is given as the translation on the page!!!!!,https://duolingo.hobune.stream/comment/39532414
לפעמים גם נוצרים חוגגים את חג הסוכות.,,hebrew,,17485627,2016-09-01,16,"""Too"" can also go at the end of the sentence and have the same meaning and be grammatically correct.",https://duolingo.hobune.stream/comment/17485627
לפעמים דברים טובים גם נגמרים.,,hebrew,,23997826,2017-08-14,18,"""Sometimes good things end also"" should also be accepted.",https://duolingo.hobune.stream/comment/23997826
לפעמים הדובון שלו אומר לי מילים מגעילות.,,hebrew,,18023625,2016-09-29,8,Hahaha what a creepy sentence,https://duolingo.hobune.stream/comment/18023625
לפעמים היא קונָה עוגות גבינה קטנות.,,hebrew,,24859760,2017-10-17,9,"What is the correct: ""cheesecakes"" or ""cheese cakes""? Sometimes in this course is adopted one, and sometimes the other...",https://duolingo.hobune.stream/comment/24859760
לפעמים המשרת של הגיבור הוא הגיבור בעצמו.,,hebrew,,32746280,2019-06-20,11,What does this mean?,https://duolingo.hobune.stream/comment/32746280
לקוף שלי יש ציונים טובים.,,hebrew,,19810839,2016-12-20,22,Okaaaaaaayyyyy... Somebody was bored.,https://duolingo.hobune.stream/comment/19810839
מאי הוא חודש קצר.,,hebrew,,17874078,2016-09-22,28,May is 31 days. It definitely not short,https://duolingo.hobune.stream/comment/17874078
מאיפה האבק הירקרק הזה?,,hebrew,,30223515,2019-01-03,9,Me'eifo ha'avak ha'yerakak ha'ze.,https://duolingo.hobune.stream/comment/30223515
מאיפה הוא בא?,,hebrew,,16365771,2016-06-27,48,Cotton-eyed Joe...,https://duolingo.hobune.stream/comment/16365771
מגרש הכדורסל לא נקי.,,hebrew,migrásh ha-kadursál lo nakí,50851755,2021-07-17,4,migrásh ha-kadursál lo nakí.,https://duolingo.hobune.stream/comment/50851755
מדוע הלכנו אתמול?,,hebrew,madua halakhnu etmol,47730950,2021-03-17,5,madua halakhnu etmol,https://duolingo.hobune.stream/comment/47730950
מה אתה בדיוק רוצֶה להגיד לי?,,hebrew,,20203650,2017-01-11,6,"So, trying to figure out if this is an irregular for אומר, which I understood to be ""say"" or a different verb closer ""to tell."" Help.",https://duolingo.hobune.stream/comment/20203650
מה אתה עושֶה בשנתיים?,,hebrew,,16563262,2016-07-08,36,"The meaning is like ""what can you do with two years of time?"" The Hebrew sentence does not have the future implication which the English ""What do you do in two years?"" has.",https://duolingo.hobune.stream/comment/16563262
מה האסלאם אומר על זה?,,hebrew,,18352226,2016-10-14,5,Are the names of religions not proper nouns in Hebrew?,https://duolingo.hobune.stream/comment/18352226
מה הסם האהוב עליכם?,,hebrew,,17126888,2016-08-11,24,הו מיי גד דולינגו תומך בסמים,https://duolingo.hobune.stream/comment/17126888
מה השטח של המלבן?,,hebrew,,30187586,2018-12-30,2,מָה הַשֶּׁטַח שֶׁל הַמַּלְבֵּן,https://duolingo.hobune.stream/comment/30187586
מה נפח האמבטיה הזאת?,,hebrew,,17125909,2016-08-11,23,[![](https://i.imgur.com/bFCDa72.jpg)](https://www.youtube.com/watch?v=0v86Yk14rf8),https://duolingo.hobune.stream/comment/17125909
מה עושים אם רואים איש זאב?,,hebrew,,24789466,2017-10-11,9,ברחו!,https://duolingo.hobune.stream/comment/24789466
מה קופים אוכלים?,,hebrew,,16491560,2016-07-05,40,"I translated: מה קופים אוכלים? With: ""what do monkeys eat?"" But it tells me, that I am was wrong and says ""What do *the* monkeys eat?"" But קופים has no article! Please fix!",https://duolingo.hobune.stream/comment/16491560
מה קורה יוסי?,,hebrew,,16589225,2016-07-10,30,"Atleast in slang terms מה קורה is more considered the equivalent of ""whats up"" in english",https://duolingo.hobune.stream/comment/16589225
מה קורה?,,hebrew,,16252284,2016-06-21,51,I'm amused to realise I knew this... from music for a Doctor Who episode...,https://duolingo.hobune.stream/comment/16252284
מה שלומךְ?,,hebrew,,16398729,2016-06-29,23,Which one is for male? Shlomej or shlomja?,https://duolingo.hobune.stream/comment/16398729
מה שם המשפחה שלכם?,,hebrew,mah shem ha-meeshpakhah shelakhém,26350959,2018-02-20,18,mah shem ha-meeshpakhah shelakhém,https://duolingo.hobune.stream/comment/26350959
מה תלַמדו אותם?,,hebrew,,56573256,2022-03-04,1,Ma telamdu otam?,https://duolingo.hobune.stream/comment/56573256
מהירות המטוס גדולה ממהירות הסירה.,,hebrew,,31889218,2019-04-25,3,"It should be גדולה יותר, no?",https://duolingo.hobune.stream/comment/31889218
"מזל טוב, אתה מדבר עברית.",,hebrew,,16253930,2016-06-21,40,"Why, thank you :) I need some more practice though",https://duolingo.hobune.stream/comment/16253930
מחר אני אתקשר למשרד הפנים ואשאל.,,hebrew,,16980922,2016-08-03,12,the office of the face?,https://duolingo.hobune.stream/comment/16980922
מי אתה ילדִי?,,hebrew,,17950569,2016-09-26,20,Not the other way around? Isaac speaking to Jacob?,https://duolingo.hobune.stream/comment/17950569
מי יודע איפה האצבע שלו הייתה?,,hebrew,,16343012,2016-06-26,14,Dirty,https://duolingo.hobune.stream/comment/16343012
מי לא אוהב ארוחות בוקר?,,hebrew,,16894842,2016-07-28,19,In English it would be natural to ask 'Who doesn't like/love breakfast?' You wouldn't say 'breakfasts' (it's implied in the English).,https://duolingo.hobune.stream/comment/16894842
מי לא אוהב במבה?,,hebrew,,24411183,2017-09-11,17,"This is the last question before I finish the tree, and I just wanted to take the opportunity to write a positive comment for the people maintaining the course. I've seen a lot of ",https://duolingo.hobune.stream/comment/24411183
מי צריך חדר אוכל? אני אוכל על המדרגות.,,hebrew,mi tzaríkh khadár ókhel? ani okhél al ha-madregot,25932605,2018-01-18,10,"This was me, in high school, avoiding the cafeteria. Not recommended...",https://duolingo.hobune.stream/comment/25932605
"מי שמכבד אחרים, אחרים מכבדים אותו.",,hebrew,,19548986,2016-12-08,34,"What's wrong with ""One who honors others is honored by others""?",https://duolingo.hobune.stream/comment/19548986
מים.,,hebrew,,17769334,2016-09-16,31,"I wrote water for prompt "" מים",https://duolingo.hobune.stream/comment/17769334
מלחמה היא הדבר האחרון שאנחנו רוצים.,,hebrew,,28283048,2018-08-02,2,"For non-native English speakers, this means “We don’t want war at all”.",https://duolingo.hobune.stream/comment/28283048
מלחמה לא תעזור להם.,,hebrew,,43808789,2020-11-09,2,Would it also be correct to translate this without the article?: War will not help them.,https://duolingo.hobune.stream/comment/43808789
מסביב לעולם בשמונים יום.,,hebrew,,20253139,2017-01-13,21,Why not ימים in place of יום,https://duolingo.hobune.stream/comment/20253139
מספר ילדים רצים אליו.,,hebrew,,16495562,2016-07-05,14,"Why is he pronouncing אליו like ""ee-lav?"" Shouldn't be something like ""ey-lee-o?""",https://duolingo.hobune.stream/comment/16495562
מפה לשם.,,hebrew,,17936341,2016-09-25,16,"Also used a an idiom for ""to make a long story short"".",https://duolingo.hobune.stream/comment/17936341
מקור הזהות שלהם הוא באפריקה.,,hebrew,,16319701,2016-06-25,25,What does this sentence mean?,https://duolingo.hobune.stream/comment/16319701
מרק עגבניות.,,hebrew,,16264799,2016-06-22,31,Is tomato here used as an adjective?,https://duolingo.hobune.stream/comment/16264799
משפחה חדשה באה לשכונה.,,hebrew,,16592751,2016-07-10,9,"Why can't we say ""a new family comes to town"" ? I'm no english expert but it looks like something we usually say, no?",https://duolingo.hobune.stream/comment/16592751
משקפיים או משקפי שמש?,,hebrew,,18402062,2016-10-17,13,How is משקפי שמש plural? Does it not have a singular form?,https://duolingo.hobune.stream/comment/18402062
משרד האוצר ממליץ לעזור לחלשים.,,hebrew,,18750611,2016-11-01,10,"The Hebrew word is used to signify those who are in general less fortunate, as in the poor, not necessarily people who are literally weaker. Is ""the weak"" used like that in English",https://duolingo.hobune.stream/comment/18750611
משרד החוץ נמצא בשביתה.,,hebrew,,17217702,2016-08-17,9,"English tolerates the reversal of words in situations like this. It isn't necessary, but it isn't wrong to say, ""The Foreign Affairs Ministry is on strike."" Please, please correct.",https://duolingo.hobune.stream/comment/17217702
משרד ראש הממשלה פתוח משעה תשע עד ארבע וחצי.,,hebrew,,16252768,2016-06-21,22,"They don't accept *the office of the prime minister,* but insist on *the prime minister's office*. Seriously?!",https://duolingo.hobune.stream/comment/16252768
מתי אנחנו הולכים?,,hebrew,matai anakhnu holkhim,25711767,2017-12-30,7,matai anakhnu holkhim,https://duolingo.hobune.stream/comment/25711767
מתי היא מחזירה אותו כבר?,,hebrew,,16871685,2016-07-27,52,It's almost impossible to hear היא.,https://duolingo.hobune.stream/comment/16871685
מתי יהיה יום העצמאות השנה?,,hebrew,matái yihié yom ha-atzma'út ha-shanah,30038541,2018-12-17,5,"Note someone might ask this question because Yom Ha'atzmaut's date is set on the Hebrew calendar (5 Iyar), so its date on the Gregorian calendar will vary year — e.g. in 2018 it wa",https://duolingo.hobune.stream/comment/30038541
"מתקרר בחוץ, אז אני לוקחת מעיל.",,hebrew,,22181634,2017-04-16,5,"What about, ""It's getting colder outside, so I am taking a coat""?",https://duolingo.hobune.stream/comment/22181634
נַראה להם איך עושים את זה.,,hebrew,,28390402,2018-08-10,15,I wrote 'We will show them how to do this' and was wrong! The correction being... how WE do this!,https://duolingo.hobune.stream/comment/28390402
נהר הירדן נמצא בין ישראל לירדן.,,hebrew,,28533062,2018-08-20,28,Notice the change in pronunciation from 'nahar' to 'nehar' (due to this being in construct state).,https://duolingo.hobune.stream/comment/28533062
"ניסינו להגיד לה, אבל היא לא הייתה שם.",,hebrew,,25840248,2018-01-10,12,Posting to get audio...,https://duolingo.hobune.stream/comment/25840248
"נכון, אני ימני.",,hebrew,,18292307,2016-10-12,14,"I think it's misleading to have a female voice saying ימני when ימנית is given as an option. She doesn't say the tav in her pronunciation, but it seems like she should.",https://duolingo.hobune.stream/comment/18292307
נסיכה היא הבת של המלך והמלכה.,,hebrew,,19054194,2016-11-15,5,I don’t get why this skill has to focus on European legends rather than Jewish folk stories or Hasidic tales.,https://duolingo.hobune.stream/comment/19054194
נשים אוהבות לדבר.,,hebrew,,16975611,2016-08-02,19,"****Gasps offendedly**** NO WE DON'T! I'll have you know I am the least talkative biological lifeform in the vicinity, and you do NOT want to accuse me of being talkative because I",https://duolingo.hobune.stream/comment/16975611
נשים וגברים.,,hebrew,,16253777,2016-06-21,44,"Note for everyone who is asking about the U sound: the rule is actually fairly simple: a connecting vav (meaning 'and') is pronounced as ve (rarely va, vi) in all cases, and u in t",https://duolingo.hobune.stream/comment/16253777
נשים וילדים.,,hebrew,,16524704,2016-07-06,23,as said during titanic situations,https://duolingo.hobune.stream/comment/16524704
נשרפתי!,,hebrew,,16686193,2016-07-16,4,"To have a chance to hear single words or expressions, like this one, is really good for learning how to pronounciate and how to understand spoken language! Very nice!",https://duolingo.hobune.stream/comment/16686193
סְגור את זה!,,hebrew,,47924730,2021-03-23,1,Sgor et ze!,https://duolingo.hobune.stream/comment/47924730
סבתא שלי גרה באי רחוק מכאן.,,hebrew,,19091504,2016-11-17,19,"המשפט משמיע כמו ""סבתא שלי גרה בעיר רחוק מכאן"" ח",https://duolingo.hobune.stream/comment/19091504
"סבתא, למה יש לךְ אוזניים גדולות?",,hebrew,,17279721,2016-08-20,19,The better to hear you with my dear...,https://duolingo.hobune.stream/comment/17279721
סוסים ודרכים.,,hebrew,,16258683,2016-06-22,56,"Before which letters does the ""v"" ו become an ""u"" ו ?",https://duolingo.hobune.stream/comment/16258683
סוסךְ אוכל גזר.,,hebrew,,17276281,2016-08-20,34,don't forget-carrots don't eat horses.,https://duolingo.hobune.stream/comment/17276281
סוף סוף הוא נזכר שהיום יום ההולדת של אישתו.,,hebrew,,16686231,2016-07-16,27,Why is nip'al appropriate for this rather than pa'al?,https://duolingo.hobune.stream/comment/16686231
"סליחה, את בסדר?",,hebrew,,16733341,2016-07-19,23,"The question was _____, את בסדר?, as if ?Are you OK, sorry. The right-to-left script is going mad!",https://duolingo.hobune.stream/comment/16733341
"סליחה, אתם מוכרים את זה?",,hebrew,"slichá, atém mochrím et ze?",17676772,2016-09-12,35,"I wrote ""Pardon."" Should still be correct!",https://duolingo.hobune.stream/comment/17676772
"סליחה, יש לכם עודף מחמישים?",,hebrew,,20861217,2017-02-12,10,"If you ask for change for a fifty, you are asking for five tens or equivalent. If you pay for something which costs ten units of whatever currency and you say ""Do you have change f",https://duolingo.hobune.stream/comment/20861217
"סליחה, כמה זה עולֶה?",,hebrew,,50741570,2021-07-12,6,"Slikha, kama ze ole?",https://duolingo.hobune.stream/comment/50741570
עדיף לא להגיד כלום.,,hebrew,,17246210,2016-08-18,10,'It's preferable not to say anything' should have been accepted.,https://duolingo.hobune.stream/comment/17246210
עושר לא תמיד מביא אושר.,,hebrew,,18526151,2016-10-22,18,"Am I failing to hear a subtle difference between אושר and עושר, or do the Hebrew words for wealth and happiness really sound exactly the same?",https://duolingo.hobune.stream/comment/18526151
עכביש זה חיה.,,hebrew,,16253894,2016-06-21,22,"what is the purpose of ""zeh"" here?",https://duolingo.hobune.stream/comment/16253894
עם מי היא מתנשקת?,,hebrew,,21169345,2017-02-25,29,"...that English seems incredibly awkward. I don't think we really use ""with"" in this context.",https://duolingo.hobune.stream/comment/21169345
"ערב טוב, להתראות.",,hebrew,"érev tov, lehitra'ót",16251199,2016-06-21,15,"""good evening, see you later""",https://duolingo.hobune.stream/comment/16251199
"פעם הייתי תלמיד כמוךָ, אבל אז קיבלתי חץ בברך.",,hebrew,,17573310,2016-09-06,21,"The audio is of just one in-breath, followed by no words. An effect of the arrow ?",https://duolingo.hobune.stream/comment/17573310
פרות ופירות.,,hebrew,,16273105,2016-06-22,35,"I have a question. Why does the vav sound ""hu"" in this example? I thought it sounded ""ve"" when it was and.",https://duolingo.hobune.stream/comment/16273105
"פתח את חלון חדר האורחים, בבקשה!",,hebrew,,20140864,2017-01-08,10,That's the rudest intonation of the word please I've ever heard!,https://duolingo.hobune.stream/comment/20140864
צפון ודרום.,,hebrew,tzafon v-darom,16595751,2016-07-11,10,"From the roots צ.פ.ן ‘conceal, hide’ (literary; because the sun doesn’t pass through the north, or at least it’s ‘hidden’ when it’s there) and ד.ו.ר ‘reside’ (because the sun ‘resi",https://duolingo.hobune.stream/comment/16595751
קח מטוס וטוס מפה!,,hebrew,,22758714,2017-05-24,18,"Ok, culture lesson time! :) is that something an Israeli would say to another if he's getting annoyed by his friend? ""day akhi! Kakh matos vetus mipo"" second question: how do you s",https://duolingo.hobune.stream/comment/22758714
קח ממנו את החרב!,,hebrew,,56494231,2022-03-01,1,Qakh mimenu et ha-kherev! https://www.pealim.com/search/?q=ממנו,https://duolingo.hobune.stream/comment/56494231
קמח תפוח אדמה.,,hebrew,,16315259,2016-06-24,69,"Here we call potatoes ""سيب زمينى"" (seeb zamini) which means apple of the earth.",https://duolingo.hobune.stream/comment/16315259
קניתי את הארמון הזה אחרי המלחמה.,,hebrew,,26255501,2018-02-11,3,Kaniti et ha'armon ha'ze acharei ha'milchama.,https://duolingo.hobune.stream/comment/26255501
קסמים לא יעזרו לכם!,,hebrew,,16358306,2016-06-27,11,why isn't it קסם instead?,https://duolingo.hobune.stream/comment/16358306
ראש העיר יבוא לבית הספר שלנו.,,hebrew,,56559875,2022-03-04,1,Rosh ha-ir yavo la-veit ha-sefer shelanu.,https://duolingo.hobune.stream/comment/56559875
"רגע, אני מביאה משקפי שמש.",,hebrew,,25088262,2017-11-05,13,"I would think ""One moment, I am bringing sunglasses"" is just as correct.",https://duolingo.hobune.stream/comment/25088262
רוב הגברים אוהבים לישון.,,hebrew,,17704347,2016-09-13,20,The more time i spend on Duolingo the more i feel like it really understand me ;-),https://duolingo.hobune.stream/comment/17704347
רוצי אל החוף.,,hebrew,,16875247,2016-07-27,10,Can you also say רוצי לחוף?,https://duolingo.hobune.stream/comment/16875247
רק אתה עושֶה קפה כזה.,,hebrew,,16447847,2016-07-02,32,It sounds like a tongue twister in Hebrew,https://duolingo.hobune.stream/comment/16447847
רשת האינטרנט שלי נפלה.,,hebrew,,16254858,2016-06-21,17,"No one says ""internet network"" the network is redundant.",https://duolingo.hobune.stream/comment/16254858
שביתת המורים תהיה ביום חמישי.,,hebrew,,24342984,2017-09-07,5,"""More homework for kids! More homework for kids!""",https://duolingo.hobune.stream/comment/24342984
שבע נשים ושבעה גברים.,,hebrew,,17758237,2016-09-16,15,"""Seven Brides for Seven Brothers""?",https://duolingo.hobune.stream/comment/17758237
שבע עשרה חיות רצות איתנו.,,hebrew,shva esreh khayot ratzot itánu,17902001,2016-09-23,26,"So hard to tell the different forms of the verb ""want"" from ""run"" sometimes",https://duolingo.hobune.stream/comment/17902001
שבע עשרה נשים מבשלות אוכל.,,hebrew,,16663869,2016-07-14,9,יותר מדי טבחים הורסים את המרק,https://duolingo.hobune.stream/comment/16663869
שבעה עשר ינשופים לומדים עברית.,,hebrew,,16899534,2016-07-29,9,But Duo is unique.,https://duolingo.hobune.stream/comment/16899534
שברנו לו את הבקבוק.,,hebrew,,17872096,2016-09-22,39,"The literal translation ""We broke for him the bottle"" does not mean quite the same thing as the accepted translation ""We broke his bottle"".",https://duolingo.hobune.stream/comment/17872096
שום דבר לא עובד לי!,,hebrew,,17971107,2016-09-26,25,Wait why isnt it בשבילי? since you are saying for me? Or is that like to own (?),https://duolingo.hobune.stream/comment/17971107
שום דבר לא עוזר מלבד הספר הזה.,,hebrew,,16854501,2016-07-26,26,"According to the hints ""שום דבר"" means ""nothing."" And we learned earlier that ""לא"" is a negation. So, does this mean that Hebrew is like the Romance languages, in that the grammar ",https://duolingo.hobune.stream/comment/16854501
שום דבר לא עוזר.,,hebrew,,17796129,2016-09-18,17,Is לא necessary for this sentence? Can it be omitted and mean the same?,https://duolingo.hobune.stream/comment/17796129
שומעים את הציפורים.,,hebrew,,17016868,2016-08-05,37,"Duolingo suggests ""I hear the birds"" as the official response. This is rather confusing to me, the verb is in plural, right?",https://duolingo.hobune.stream/comment/17016868
שומר הראש של השופט עומד בכניסה לבית המשפט.,,hebrew,,26100262,2018-01-30,11,"""The judge's bodyguard stands in the entrance of the courthouse"" should be accepted as well.",https://duolingo.hobune.stream/comment/26100262
שטיפת המוח שלו הולכת מצוין.,,hebrew,,17704257,2016-09-13,26,Is not metzuyan excellent?,https://duolingo.hobune.stream/comment/17704257
שילמתי כבר מיסים לעירייה.,,hebrew,,35043284,2019-11-13,4,Shilamti kvar misim la'iriya.,https://duolingo.hobune.stream/comment/35043284
שים את הנייר בפה של הגולם.,,hebrew,,17015548,2016-08-05,10,"> During the Middle Ages, passages from the Sefer Yetzirah (Book of Creation) were studied as a means to create and animate a golem, although there is little in the writings of Jew",https://duolingo.hobune.stream/comment/17015548
שים את העודף בכיס!,,hebrew,,54173453,2021-12-01,3,Put the change into the pocket should be accepted,https://duolingo.hobune.stream/comment/54173453
שיקוי אהבה מספר תשע.,,hebrew,,19261314,2016-11-24,12,"The writers of the song, Leiber and Stoller, were one of the several Jewish songwriting teams of the 50s and 60s who created so much great rock and roll. I recommend young people r",https://duolingo.hobune.stream/comment/19261314
"שלום אמא, מה שלומךְ?",,hebrew,,16262049,2016-06-22,25,This is confusing. I would expect 'khe' for masculine and 'kha' for female.,https://duolingo.hobune.stream/comment/16262049
"שלום טל, ברוכה הבאה!",,hebrew,,16336458,2016-06-26,48,"Tal is a girl's name, then?",https://duolingo.hobune.stream/comment/16336458
"שלום, להתראות!",,hebrew,,16272023,2016-06-22,33,"Should really be ""Goodbye, see you later.""",https://duolingo.hobune.stream/comment/16272023
"שלום, מה נשמע?",,hebrew,,16874076,2016-07-27,48,"What is the difference between **""מה נשמע""** and **""מה קורה""**?",https://duolingo.hobune.stream/comment/16874076
"שלום, מה קורה?",,hebrew,,16271349,2016-06-22,28,Isn't קורה means to read? Does it mean both read how are you?,https://duolingo.hobune.stream/comment/16271349
"שלום, מה שלומךָ?",,hebrew,,16254753,2016-06-21,36,There are a few ways to ask how a person is: מה נשמע? what shall we hear (about you) מה קורה? - what's going on מה המצב? how's the situation מה העניינים? - how are things מה שלומך?,https://duolingo.hobune.stream/comment/16254753
שלום.,,hebrew,,22618787,2017-05-14,10,"Doesnt ""shalom"" also peace?",https://duolingo.hobune.stream/comment/22618787
שלוש זה יותר משתיים.,,hebrew,,19776681,2016-12-19,11,"I know, I was absolutely shocked by this!",https://duolingo.hobune.stream/comment/19776681
שלוש זה פחות מחמש.,,hebrew,,20136688,2017-01-07,11,"If שלוש is the feminine form, why is זה used and not זאת? Is that just how it is with numbers?",https://duolingo.hobune.stream/comment/20136688
"שלושה, ארבעה או חמישה?",,hebrew,,16391759,2016-06-29,8,"I am a bit confused. All of them are male forms, right? But weren't we told that we are supposed to use the feminine forms when we are just counting without referring to real objec",https://duolingo.hobune.stream/comment/16391759
שני חברי הכנסת באים לעימות.,,hebrew,,35649584,2019-12-19,17,"if you use in hebrew ""״ הכנסת then it should be translated to ""The Knesset"" If you're marking it as incorrect. at least write השני חברי כנסת באים לעימות The = ה",https://duolingo.hobune.stream/comment/35649584
שניים עשר קופים.,,hebrew,,16836489,2016-07-25,27,Good movie!,https://duolingo.hobune.stream/comment/16836489
שעתיים או יותר?,,hebrew,sh'atáim o yotér,23487268,2017-07-12,11,I'm only hearing או יותר in the audio,https://duolingo.hobune.stream/comment/23487268
שקל ישראלי חדש.,,hebrew,,20195714,2017-01-10,4,"Is this the official name of Israeli currency? I translated it as ""a new Israeli shekel"" (as in, one that had been freshly minted) but the capitals in English suggest a proper name",https://duolingo.hobune.stream/comment/20195714
שר המשפטים רוצֶה לסגור את בתי המשפט.,,hebrew,,17223058,2016-08-17,5,"Justice Minister shoukd be accepted, it's better than Minister of Justice",https://duolingo.hobune.stream/comment/17223058
שר הפנים שיקר לשר החוץ.,,hebrew,,38620681,2020-05-12,7,"When I mouse over the word שר הפנים it says ""minister of interior"" but I then got the answer wrong. I understand that ""minister of internal affairs"" sounds better but ""minister of ",https://duolingo.hobune.stream/comment/38620681
שרה אוהבת את אברהם.,,hebrew,,16281267,2016-06-23,54,Gettin' Biblical up in here! Any wagers on Jonah appearing in the sealife unit?,https://duolingo.hobune.stream/comment/16281267
שש זה מספר.,,hebrew,,17787398,2016-09-17,21,Is there any relations about 'מספר' and 'ספר'?,https://duolingo.hobune.stream/comment/17787398
שתי המדינות מתאחדות.,,hebrew,,28918019,2018-09-18,10,I wish we could implement the sentence,https://duolingo.hobune.stream/comment/28918019
שתי הקבוצות באות למשחק מוכנות.,,hebrew,,31260878,2019-03-13,17,Better English translation? Both teams come ready for the match,https://duolingo.hobune.stream/comment/31260878
תהיה לךָ אחות קטנה.,,hebrew,,33437302,2019-08-02,4,Tihye lecha achot ktana,https://duolingo.hobune.stream/comment/33437302
תהנה!,,hebrew,,16253653,2016-06-21,36,"I hear the pronunciation as tehEne, but when I look up the vowels on this verb form I see it pronounced as TehAne. please clarify. thanks.",https://duolingo.hobune.stream/comment/16253653
"תהנה, בתיאבון!",,hebrew,,17114325,2016-08-11,66,The first word sounds like it starts with a ב,https://duolingo.hobune.stream/comment/17114325
"תהני, טל!",,hebrew,,16253913,2016-06-21,40,"""Enjoy"" is conjugated here in the female form. But the choice of name does not make it obvious, since Tal is a unisex name. (In fact it confused me because I know more male Tals.)",https://duolingo.hobune.stream/comment/16253913
תודה טל!,,hebrew,,16354948,2016-06-27,20,so is Tal a proper name?,https://duolingo.hobune.stream/comment/16354948
"תודה רבה, לילה טוב.",,hebrew,,16404021,2016-06-29,33,"todá rabá, láyla tov.",https://duolingo.hobune.stream/comment/16404021
"תודה, תהנו.",,hebrew,,16272739,2016-06-22,35,"What's the different between תהנו and תהנה? They are both translated as ""Have fun""",https://duolingo.hobune.stream/comment/16272739
תודה.,,hebrew,,16290159,2016-06-23,9,Your welcome duolingo! :),https://duolingo.hobune.stream/comment/16290159
תיבת הדואר שלי מלאה.,,hebrew,,32044335,2019-05-05,4,Teyvat Ha'Doar sheli mele'a,https://duolingo.hobune.stream/comment/32044335
תן לי את המגן שלי.,,hebrew,ten li et ha-magén sheli,17643657,2016-09-10,7,"What? No. :-) That's a mistake. ""Give me my shield"".",https://duolingo.hobune.stream/comment/17643657
תשעה פילים רצים אל המסעדה.,,hebrew,,29002656,2018-09-24,11,Why isnt it למסעדה?,https://duolingo.hobune.stream/comment/29002656
,A beautiful girl.,english,,17845556,2016-09-20,9,So the masculine singular for beautiful can be used to describe a woman?,https://duolingo.hobune.stream/comment/17845556
,A beautiful morning.,english,,18824998,2016-11-04,13,How is this pronounced?,https://duolingo.hobune.stream/comment/18824998
,A doctorate is a high degree.,english,,48015047,2021-03-26,2,doctorát hu tóar gavóah (also: gavóha),https://duolingo.hobune.stream/comment/48015047
,A dog is coming.,english,,16780553,2016-07-22,33,"Is כלבה a female dog? Would it be pronounced ""kelevah"" as opposed to ""kelev""? The correct answer seemed to suggest that dog was both male and female.",https://duolingo.hobune.stream/comment/16780553
,A hundred arrows are in her shield.,english,,26408658,2018-02-25,11,Can you say יש במגן שלה מאה חצים?,https://duolingo.hobune.stream/comment/26408658
,A long lunch break.,english,,32118715,2019-05-10,2,"As opposed to a long meal break, which would be הפסקת ארוחה ארוכה. ;-)",https://duolingo.hobune.stream/comment/32118715
,A mouse is an animal.,english,,16517741,2016-07-06,29,"What role does זה play here? Because I would have assumed, based on what I know of the ""to be"" verb in Hebrew, that עכבר חיה would have been sufficient: *A mouse* [is] *an animal*.",https://duolingo.hobune.stream/comment/16517741
,A prince is the king's son.,english,,31242630,2019-03-12,4,נסיך הוא בנו של המלך,https://duolingo.hobune.stream/comment/31242630
,A sad book.,english,,17810500,2016-09-19,27,I wish we could see the vowels. its hard to learn the vocabulary in the first place without them. I know most of the time they aren't written but they're there specifically for tea,https://duolingo.hobune.stream/comment/17810500
,A solar eclipse or a lunar eclipse?,english,,47798656,2021-03-19,1,likúi khamah o likúi yaréakh,https://duolingo.hobune.stream/comment/47798656
,A tennis racket.,english,,48171219,2021-03-31,0,audio?,https://duolingo.hobune.stream/comment/48171219
,A total eclipse of the heart.,english,,24002314,2017-08-14,4,Once upon a time I was falling in love...,https://duolingo.hobune.stream/comment/24002314
,A trumpet sounds like an elephant.,english,,32139294,2019-05-11,2,sound,https://duolingo.hobune.stream/comment/32139294
,Add your friend!,english,,51886180,2021-08-28,4,"hosífu et ha-chavér shelachén. (colloquially it will be תוסיפו ""tosifu"")",https://duolingo.hobune.stream/comment/51886180
,After the rain the ground is wet.,english,,31366575,2019-03-21,5,Is there any difference in usage between קרקע and אדמה? Is one more commonly used than the other?,https://duolingo.hobune.stream/comment/31366575
,"After the visit to Jerusalem, he thinks he is the Messiah.",english,,35779254,2019-12-29,5,David Koresh?,https://duolingo.hobune.stream/comment/35779254
,All candidates took a bribe.,english,,25900324,2018-01-15,3,"Given the ה, shouldn't that be ""All *the* candidates ..."" instead of ""All candidates ...""?",https://duolingo.hobune.stream/comment/25900324
,All of her clothes are boring.,english,,32305569,2019-05-23,4,Can you say כל הבגדים שלה הם משעממים? Thanks in advance?,https://duolingo.hobune.stream/comment/32305569
,All the people want meat.,english,,53890104,2021-11-20,1,kol ha-anashím rotzím basár.,https://duolingo.hobune.stream/comment/53890104
,All these bears are learning Hebrew.,english,,31017779,2019-02-25,12,Why can't we use האלו here instead of האלה? I was marked wrong for using the wrong word (even the order is the same).,https://duolingo.hobune.stream/comment/31017779
,"Although he is a member of Congress, he is not rich.",english,,47856041,2021-03-20,6,"""אף על פי שהוא חבר קונגרס. הוא לא עשיר"" — isn't this also correct?",https://duolingo.hobune.stream/comment/47856041
,An egg costs ninety-five Agorot.,english,,33144282,2019-07-16,4,Beitza ola tish'im ve'chamesh agorot.,https://duolingo.hobune.stream/comment/33144282
,Anyone who hates the whole world is disturbed.,english,,27313051,2018-05-16,13,"Can anyone advise on when ""הוא’ , as used above, is or is not needed? In this example it is part of the accepted answer. In a prior example, I used ""הוא’ and it was not correct. (S",https://duolingo.hobune.stream/comment/27313051
,"Anyway, it is impossible.",english,,29863282,2018-12-02,6,"This is what I wrote and was right. בכל אופן זה בלתי אפשרי They showed me this option also בכל זאת, זה בלתי אפשרי please can you explain the זאת?",https://duolingo.hobune.stream/comment/29863282
,Archers use bows.,english,,32071994,2019-05-07,3,What if they are women archers? Is it still קשתים,https://duolingo.hobune.stream/comment/32071994
,Are the cats against us?,english,,24942207,2017-10-24,6,At this point I think it's safest to assume you're at war with the entire animal kingdom...,https://duolingo.hobune.stream/comment/24942207
,Are they speaking Polish or Russian?,english,,53291605,2021-10-28,1,hen medabrót polanít o rusít?,https://duolingo.hobune.stream/comment/53291605
,Are you coming or is he coming?,english,,16252087,2016-06-21,77,"Why is ""את בא או הוא בא?"" incorrect? It shows me a solution where the first ""בא"" is instead ""באה"". I didn't understand what the difference between those two words was. Is it becaus",https://duolingo.hobune.stream/comment/16252087
,Are you coming?,english,,16293356,2016-06-23,100,"Out of את and אתה which is masculine, which is feminine?",https://duolingo.hobune.stream/comment/16293356
,Are you coming? I am outside.,english,,17031703,2016-08-06,19,Why don't you use נמצאת here with בחוץ?,https://duolingo.hobune.stream/comment/17031703
,Are you happy?,english,,18284053,2016-10-12,9,Why not את משמח?,https://duolingo.hobune.stream/comment/18284053
,Are you working on the road?,english,,16467532,2016-07-03,14,atá ovéd ba-dérech?,https://duolingo.hobune.stream/comment/16467532
,Before he came to Germany he was a volleyball coach.,english,,52577361,2021-09-26,4,What about הגיע בגרמניה instead of בא,https://duolingo.hobune.stream/comment/52577361
,Bon appetit!,english,,20971796,2017-02-16,23,That's french not English,https://duolingo.hobune.stream/comment/20971796
,Both of my shirts are beautiful.,english,,20806022,2017-02-09,33,shtei ha–khultzot sheli yafot,https://duolingo.hobune.stream/comment/20806022
,Break the TV and let's go to sleep!,english,,16360564,2016-06-27,4,"So is ""break the TV"" an idiom for ""turn the TV off"" (the way we say ""cut off the lights"" and we don't mean ""sever the cord"") or is it literally saying, ""It's such a horrible thing ",https://duolingo.hobune.stream/comment/16360564
,Brothers and sisters.,english,,25185702,2017-11-13,4,אחות אחיות =sister sisters Is it utterly irregular or is it typical for feminin nouns that ends with ות? ‎,https://duolingo.hobune.stream/comment/25185702
,"Careful, a dragon!",english,,35650377,2019-12-19,0,.,https://duolingo.hobune.stream/comment/35650377
,"Cherry, is sugar in it?",english,,21718643,2017-03-22,31,"Shouldn't דובדבן, יש סוכר בו be considered correct ?",https://duolingo.hobune.stream/comment/21718643
,"Christians, Muslims and Jews believe in one god.",english,,22505759,2017-05-06,18,"Yes it's quite obvious that Duolingo had no obligation to be accurate because it is inaccurate so many times. Oh, and btw, Duo, for the record, when I wrote קל אחד it was not a typ",https://duolingo.hobune.stream/comment/22505759
,Close the door!,english,,48023210,2021-03-26,1,Sgor et ha-delet!,https://duolingo.hobune.stream/comment/48023210
,"Congratulations, you speak Hebrew.",english,,16486004,2016-07-04,41,Was ברכותיי introduced before? I don't know how it's pronounced.,https://duolingo.hobune.stream/comment/16486004
,"Cookies, is there milk inside them?",english,,25445796,2017-12-05,39,"I assume this is like us asking, 'Do these contain milk? as for checking for allergens.",https://duolingo.hobune.stream/comment/25445796
,Cooking is a great love of mine.,english,,51891518,2021-08-28,3,Bishul hu ahava gdola sheli.,https://duolingo.hobune.stream/comment/51891518
,Correct me if this is not right.,english,,50132015,2021-06-14,3,You can't use 'לי' because it means 'to me'. It could mean 'fix for me' though.,https://duolingo.hobune.stream/comment/50132015
,Cut your hair after the party!,english,,56691867,2022-03-09,1,Histapri akharei ha-mesibah,https://duolingo.hobune.stream/comment/56691867
,Czech?,english,,48537019,2021-04-14,1,Chekhit?,https://duolingo.hobune.stream/comment/48537019
,Dad and mom?,english,,16993553,2016-08-03,23,"Is ו always pronounced as a ""v"" sound?",https://duolingo.hobune.stream/comment/16993553
,Dad is coming and mom is coming.,english,,16415429,2016-06-30,47,No audio on click makes these exercises very difficult,https://duolingo.hobune.stream/comment/16415429
,Dad is coming.,english,,27008744,2018-04-20,58,This exercise is too difficult. I am unfamiliar with any characters. I need to learn characters first.,https://duolingo.hobune.stream/comment/27008744
,Dad or mom?,english,,17390335,2016-08-27,16,How is this pronounced?,https://duolingo.hobune.stream/comment/17390335
,"Dad, how are you?",english,,16603395,2016-07-11,27,"Could you say: אבא, מה נישמה?",https://duolingo.hobune.stream/comment/16603395
,"Dad, is love coming?",english,,17536612,2016-09-04,134,"Is ""coming"" sometimes באה and sometimes בא ?",https://duolingo.hobune.stream/comment/17536612
,"Dad, mom is coming.",english,,16259689,2016-06-22,35,this is crazy,https://duolingo.hobune.stream/comment/16259689
,"Defense, defense, defense!",english,,55530784,2022-01-23,5,Is this like in militaire situations or sport? Or as a sort of accusation when somebody is always having defensive attitude?,https://duolingo.hobune.stream/comment/55530784
,"Despite the bad things you do, I still love you.",english,,16688129,2016-07-16,38,"lamrót ha-dvarím ha-ra'ím she-at osá, aní adáyin ohévet otách.",https://duolingo.hobune.stream/comment/16688129
,Did you feel that?,english,,50000920,2021-06-09,3,"Audio, please!",https://duolingo.hobune.stream/comment/50000920
,Dinner or breakfast?,english,,18088452,2016-10-03,6,"Would it be acceptable to say ארוחת ערב או בוקר? Like ""is this an evening or morning meal?""",https://duolingo.hobune.stream/comment/18088452
,Do dogs eat jelly?,english,,19783778,2016-12-19,4,I thought ריבה was jam...?,https://duolingo.hobune.stream/comment/19783778
,Do not shut the airport because it is snowing!,english,,49606477,2021-05-23,4,It should also be accepting נמל התעופה but it isn't ☹,https://duolingo.hobune.stream/comment/49606477
,"Do not stand there, it is dangerous!",english,,56460818,2022-02-28,1,"Al ta’amdu sham, ze mesukan!",https://duolingo.hobune.stream/comment/56460818
,Do not take me from here!,english,,55861797,2022-02-05,1,Al tiqakh oti mikan!,https://duolingo.hobune.stream/comment/55861797
,Do not use her!,english,,45201251,2020-12-27,2,Al tishtamesh ba.,https://duolingo.hobune.stream/comment/45201251
,Do not use the worker's toolbox!,english,,51576966,2021-08-16,1,Al tishtamshu be-argaz ha-kelim shel ha-po’el!,https://duolingo.hobune.stream/comment/51576966
,Do they have a sour apple?,english,,17896026,2016-09-23,42,I chose להם instead of להו What's wrong with that?,https://duolingo.hobune.stream/comment/17896026
,Do they have or don't they?,english,,22608181,2017-05-13,51,yesh lahém o ein lahém ?,https://duolingo.hobune.stream/comment/22608181
,Do you eat sandwiches?,english,,16422920,2016-06-30,23,סנדוויצ'ים is the word I see on every Israeli menu ever. I don't think I've actually seen כריכים used in Israel outside of the Haggadah.,https://duolingo.hobune.stream/comment/16422920
,Do you have a mouse?,english,,18225996,2016-10-09,11,עַכְבָּר Akh-Bar,https://duolingo.hobune.stream/comment/18225996
,Do you have a pet?,english,,18147031,2016-10-06,21,I'm curious to know what the literal translation of חיית מחמד is…,https://duolingo.hobune.stream/comment/18147031
,Do you have his description?,english,,55692836,2022-01-29,2,yesh lach et ha-te'úr sheló?,https://duolingo.hobune.stream/comment/55692836
,Do you like Mediterranean music?,english,,49850778,2021-06-02,1,Ata ohev muziqa yam-tikhonit?,https://duolingo.hobune.stream/comment/49850778
,Do you pay in Euros or in Dollars?,english,,24370062,2017-09-08,3,"I think the impersonal ""משלמים"" should also be accepted. reported.",https://duolingo.hobune.stream/comment/24370062
,Do you think that she will be able to stop me?,english,,52013914,2021-09-02,1,Ata khoshev she-hi tukhal la’atsor oti?,https://duolingo.hobune.stream/comment/52013914
,Do you think this is beneath your honor?,english,,26476424,2018-03-04,8,זה לא ממש משפט נורמלי בעברית. אם כבר רוצים לומר משפט בסגנון הזה אז אומרים: את חושבת שזה לא לכבודך. ובלשון יחיד זה: אני חושב שזה לא מתאים לי/לא לכבודי,https://duolingo.hobune.stream/comment/26476424
,Do you want one or two?,english,,18726586,2016-10-31,36,Hoping to clarify the trouble with gender forms a bit: **Example 1:** The subject is feminine and the object is masculine as in this exercise. את רוצה אחד או שניים = At rotza echad,https://duolingo.hobune.stream/comment/18726586
,Does anyone understand the meaning of this expression?,english,,49773787,2021-05-30,2,Why doesn't משמעות have a ה?,https://duolingo.hobune.stream/comment/49773787
,Does it have a way?,english,,16367881,2016-06-28,83,"What is the difference between does ""it"" have a way and does ""this"" have a way? Would יש לזה דרך be an acceptable translation for both?",https://duolingo.hobune.stream/comment/16367881
,Does she like water?,english,,18085739,2016-10-03,76,is אוהבת for fem. and אוהב for mas.?,https://duolingo.hobune.stream/comment/18085739
,Does she still live in that town?,english,,25972620,2018-01-20,4,"Wouldn't it also be correct to say, ""האם היא עדיין גרה בעיירה הזאת""?",https://duolingo.hobune.stream/comment/25972620
,Does the dove like wine?,english,,16255944,2016-06-21,80,I don't think doves drink wine...,https://duolingo.hobune.stream/comment/16255944
,Does the pigeon have water?,english,,16301926,2016-06-24,49,"Why is it ליונה and not להיונה? Is there any difference between saying ""Does the pigeon have water"" and ""Does a pigeon have water""?",https://duolingo.hobune.stream/comment/16301926
,Don't dye her shirt!,english,,16745892,2016-07-20,41,So can infinitives always be used as imperatives?,https://duolingo.hobune.stream/comment/16745892
,Don't you have a truck?,english,,16629542,2016-07-12,65,"You is both masculine and feminine, so answers 1 and 3 should be correct. There are female truck drivers so there could be females who have trucks",https://duolingo.hobune.stream/comment/16629542
,Ducks do not drink beer.,english,,16642975,2016-07-13,31,"How are both ""בירה"" and ""בירות"" correct here? Could you explain the rules behind using plurals of uncountable nouns in hebrew?",https://duolingo.hobune.stream/comment/16642975
,Eat with your mouth closed!,english,,52391030,2021-09-18,4,"echól be-fe sagúr! (colloquially it will be תאכל ""tochál be-pe"")",https://duolingo.hobune.stream/comment/52391030
,Eleven men or ten men?,english,,19819807,2016-12-21,19,Why does eleven use עשר while ten uses עשרה? Why is ה applied to one and not the other?,https://duolingo.hobune.stream/comment/19819807
,"Enjoy, bon appetit!",english,,23594192,2017-07-19,34,teheneh b-te'avon,https://duolingo.hobune.stream/comment/23594192
,Esperanto is a global language.,english,,56922337,2022-03-18,1,Esperanto hi safa olamit.,https://duolingo.hobune.stream/comment/56922337
,Even my horse knows that.,english,,22737819,2017-05-22,35,afílu susatí yodá'at et zeh masculine: susí yodéa סוסי יודע,https://duolingo.hobune.stream/comment/22737819
,"Even though I read many books, I do not learn anything.",english,,20213526,2017-01-11,30,af al pi sh-ani korét harbeh sfarim ani lo lomédet klum,https://duolingo.hobune.stream/comment/20213526
,Every beginning has an end.,english,,46710671,2021-02-10,6,Le-kol hatkhala yesh sof.,https://duolingo.hobune.stream/comment/46710671
,Every problem has an end.,english,,47751955,2021-03-17,5,audio,https://duolingo.hobune.stream/comment/47751955
,Every time I turn on the television I see vampires or zombies.,english,,22406516,2017-04-30,7,"Is it necessary to use ב in ""...בכל פעם ש"" or can you just say ""...כל פעם ש""?",https://duolingo.hobune.stream/comment/22406516
,Everybody leaves but him.,english,,17398754,2016-08-27,29,Why not כל אחד עוזב?,https://duolingo.hobune.stream/comment/17398754
,Everyone will be there.,english,,49170843,2021-05-08,3,"Kulam yihyu sham. The tips say i’yu, she says i’iyu, but Pealim says yihyu.",https://duolingo.hobune.stream/comment/49170843
,"Excuse me, are you ok?",english,,16427017,2016-07-01,19,"No, this is NOT an error. There is no clue that ""you"" should be feminine. Fix please!",https://duolingo.hobune.stream/comment/16427017
,"Excuse me, do you have change for a fifty?",english,,30193725,2018-12-31,6,slikhah yesh lakh (lekhá) ódef m-khamishim,https://duolingo.hobune.stream/comment/30193725
,"Excuse me, how much does it cost?",english,,50798084,2021-07-14,2,"Another alternative is '?כמה זה', it would be like 'how much is it?'",https://duolingo.hobune.stream/comment/50798084
,Fast walking or slow walking?,english,,17013279,2016-08-04,6,"""הליכה מהירה או איטית"" should also be accepted if it doesn't (haven't checked)",https://duolingo.hobune.stream/comment/17013279
,Fifteen cats are swimming.,english,,17280370,2016-08-20,15,I answered חמש עשרה חתולות שחות and got ut wrong. If all fifteen cats were female would that not be correct?,https://duolingo.hobune.stream/comment/17280370
,Five hundred and twenty-four thousand nine hundred and seventy-two.,english,,22242384,2017-04-19,36,"Why here 'thousand"" are expressed in singular אלף whereas in a previous question ""7 thousand"" was שבע אלפים?",https://duolingo.hobune.stream/comment/22242384
,For all your songs I am a violin.,english,,16553733,2016-07-08,3,This is a direct translation to a line from the popular Israeli song 'Jerusalem of Gold' https://www.youtube.com/watch?v=O2RoCNeM9B0 It is often sung in ceremonies and bears the st,https://duolingo.hobune.stream/comment/16553733
,France or Spain?,english,,47228969,2021-02-27,5,tzarfát o sfarád?,https://duolingo.hobune.stream/comment/47228969
,Give me my shield.,english,,56494308,2022-03-01,1,Ten li et ha-magen sheli.,https://duolingo.hobune.stream/comment/56494308
,Glasses or sunglasses?,english,,17221254,2016-08-17,16,Why is eye glasses plural but sunglasses singulair?,https://duolingo.hobune.stream/comment/17221254
,Go to the witch and take the potion from her!,english,,30361380,2019-01-13,25,What's wrong with קח את השיקוי ממנה? Why does ממנה have to come between the verb and the direct object?,https://duolingo.hobune.stream/comment/30361380
,"Good morning, I speak Hebrew!",english,,17994504,2016-09-28,5,If only I could wake up one morning and announce that I can speak Hebrew!,https://duolingo.hobune.stream/comment/17994504
,Good question.,english,,23468309,2017-07-11,0,,https://duolingo.hobune.stream/comment/23468309
,Have mercy on the children!,english,,49978236,2021-06-08,2,Rakhem al ha-yeladim! But the previous page said this answer was a typo and that the correct answer was Terakhem al ha-yeladim! (תרחם),https://duolingo.hobune.stream/comment/49978236
,He always was and always will be the symbol of the team.,english,,51033717,2021-07-25,3,Why not הצוות for team?,https://duolingo.hobune.stream/comment/51033717
,He can recover.,english,,52099451,2021-09-06,1,Hu yakhol lehit’oshesh.,https://duolingo.hobune.stream/comment/52099451
,He does not have a healthy approach.,english,,48724241,2021-04-21,1,Ein lo gisha bri’a.,https://duolingo.hobune.stream/comment/48724241
,He doesn't wear other shirts.,english,,17192905,2016-08-15,5,"What's the difference between ""לא"" and ""אינו""? Would you use one over the other here?",https://duolingo.hobune.stream/comment/17192905
,He has a drinking straw collection.,english,,34974768,2019-11-09,2,"English should be ""he has a collection of drinking straws""",https://duolingo.hobune.stream/comment/34974768
,He has a small gray tool.,english,,31305374,2019-03-16,19,Do you need to explicitly say כלי עבודה or is כלי sufficient?,https://duolingo.hobune.stream/comment/31305374
,He is a very good player.,english,,52252142,2021-09-12,1,Hu sakhqan me’od tov.,https://duolingo.hobune.stream/comment/52252142
,"He is against her, she is against him, and they are against you.",english,,18495201,2016-10-20,16,Sums up the current political situation in the US quite nicely.,https://duolingo.hobune.stream/comment/18495201
,He is coming.,english,,16979613,2016-08-03,33,What is the difference between בא and באה ? thanks in advance :),https://duolingo.hobune.stream/comment/16979613
,He is convincing me to play with him because his father rarely played with him.,english,,30069824,2018-12-19,21,Why can't I change the word order so the sentence ends ?כי אבא שלו לעיתים רחוקות שיחק איתו...,https://duolingo.hobune.stream/comment/30069824
,He is cooking ten eggs.,english,,28719396,2018-09-03,7,Are eggs feminine with an irregular plural?,https://duolingo.hobune.stream/comment/28719396
,He is giving me half a cake.,english,,48716441,2021-04-21,1,hu noten li khatzi ugah,https://duolingo.hobune.stream/comment/48716441
,He is kissing her with passion.,english,,52320823,2021-09-15,1,Hu menasheq ota im tshuqa.,https://duolingo.hobune.stream/comment/52320823
,He is known to the police.,english,,16459411,2016-07-03,13,"I don't like how we often have two possible answers of which one hasn't been tought before. I had מוכר in the lessons, but not ידוע...",https://duolingo.hobune.stream/comment/16459411
,He is running into the castle.,english,,56364942,2022-02-24,2,Audio please :),https://duolingo.hobune.stream/comment/56364942
,He is sad because his duck is not popular.,english,,32134749,2019-05-11,11,This has got to be the lamest ever reason to get depressed.,https://duolingo.hobune.stream/comment/32134749
,He is speaking about the west.,english,,51421277,2021-08-09,3,Hu medaber al hamaarav,https://duolingo.hobune.stream/comment/51421277
,He is talking about a different situation.,english,,48404297,2021-04-09,1,הוא מדבר על מצב שונה.,https://duolingo.hobune.stream/comment/48404297
,He is working in his grandfather's company.,english,,51198863,2021-08-01,1,audio?,https://duolingo.hobune.stream/comment/51198863
,He likes studying Hebrew because it is not boring.,english,,16876432,2016-07-27,10,hu ohev lilmod ivrit ki zeh lo mesha-amem,https://duolingo.hobune.stream/comment/16876432
,He listens to the same thing all day long.,english,,18231069,2016-10-09,32,Why is מקשיב marked wrong?,https://duolingo.hobune.stream/comment/18231069
,He loves and dad loves.,english,,16254935,2016-06-21,73,God I'm so confused,https://duolingo.hobune.stream/comment/16254935
,He loves.,english,,16257310,2016-06-22,25,"So ""love? is gendered in Hebrew? This is ""ahavav"", while a little while ago I saw the same word but ""ahava"". Can someone help me w/ this?",https://duolingo.hobune.stream/comment/16257310
,He misses the freedom he had outside the prison.,english,,32851513,2019-06-27,14,Hu mitga'agea lechofesh she'haya lo michutz le'veit ha'kele.,https://duolingo.hobune.stream/comment/32851513
,He paints his clothes.,english,,28188808,2018-07-27,16,Hu tzovea et habgadim shelo,https://duolingo.hobune.stream/comment/28188808
,He says one thing and does something else.,english,,25372816,2017-11-29,13,hu omer davar ekhad ve-oseh davar akher,https://duolingo.hobune.stream/comment/25372816
,He says that he swims.,english,,17149775,2016-08-13,9,"I put הוא אומר אשר הוא שוחה because in biblical Hebrew אשר means that, which, etc. Has this word become obsolete, meaning obit attaching ש to the beginning of a word is acceptable?",https://duolingo.hobune.stream/comment/17149775
,He says that tomorrow he will come closer to France.,english,,53455223,2021-11-04,1,‏הוא אוֹמֵר שֶׁמָּחָר הוּא יִתְקָרֵב לְצָרְפַת Hu omer she-makhar hu yitqarev le-tsarfat.,https://duolingo.hobune.stream/comment/53455223
,He studies his work.,english,,21032052,2017-02-19,14,"I tried ""הוא לומד את עבודתיו"", but the correction came back that it should be ""הוא לומד את עבודתו"". How is ""עבודתו"" pronounced and why doesn't it need the yod? (My understanding wa",https://duolingo.hobune.stream/comment/21032052
,He teaches me curses in Hebrew.,english,,38927998,2020-05-23,2,How can this be?,https://duolingo.hobune.stream/comment/38927998
,He wears a colorful coat.,english,,20641214,2017-02-02,9,Josef!!!!,https://duolingo.hobune.stream/comment/20641214
,He wears purple pants.,english,,19866375,2016-12-24,13,hu lovesh meekhnasaim sgulim,https://duolingo.hobune.stream/comment/19866375
,He went down to the basement and we haven't seen him since.,english,,24437741,2017-09-13,5,הוא ירד למרטף ומאז לא ראינו אותו,https://duolingo.hobune.stream/comment/24437741
,"He wrote the third verse in this song, but someone else wrote the chorus.",english,,25111273,2017-11-06,4,מה זה אולם במשפט הזה?,https://duolingo.hobune.stream/comment/25111273
,"Hello, goodbye!",english,,16255635,2016-06-21,28,"Shalom is a way of saying goodbye too, right?",https://duolingo.hobune.stream/comment/16255635
,"Hello, my name is Yossi.",english,,16362975,2016-06-27,30,"""They call me"" and ""my name is"" mean basically the same thing but they are not identically the same. I think the answer here is wrong.",https://duolingo.hobune.stream/comment/16362975
,Her family is doing business in China.,english,,31698125,2019-04-12,4,המשפחה שלה = משפחתה?,https://duolingo.hobune.stream/comment/31698125
,"Hide in the closet, they are coming!",english,,32577977,2019-06-09,2,"Hitkhabe ba-aron, hem ba’im!",https://duolingo.hobune.stream/comment/32577977
,His brainwashing is going great.,english,,18135883,2016-10-05,10,Shtifat¹ ha'moach shelo holechet nehedar. ¹(thank you sofa4ka for the correction).,https://duolingo.hobune.stream/comment/18135883
,His career is good.,english,,20520986,2017-01-27,5,ha karierah shelo tovah,https://duolingo.hobune.stream/comment/20520986
,His name is known in all the kingdom.,english,,32007825,2019-05-03,10,השם שלו ידוע בממלכה כולה,https://duolingo.hobune.stream/comment/32007825
,"His partner works, but he does not.",english,,23686338,2017-07-25,21,Does בת/בן זוג means only partners in romantic relationship?,https://duolingo.hobune.stream/comment/23686338
,How can one define love?,english,,16320195,2016-06-25,8,what about איך יכולים להגדיר אהבה ? does that also sound unnatural?,https://duolingo.hobune.stream/comment/16320195
,How many Hamantashen are you eating?,english,,51493516,2021-08-12,1,Kama oznei haman ata okhel?,https://duolingo.hobune.stream/comment/51493516
,How many dollars does the insurance cost?,english,,34075685,2019-09-12,2,Kama dolarim oleh ha'bituach?,https://duolingo.hobune.stream/comment/34075685
,How many hearts has she broken?,english,,56503139,2022-03-01,3,"why not ""לבות"" ?",https://duolingo.hobune.stream/comment/56503139
,How many medications do you take a day?,english,,49503395,2021-05-20,2,אני למדתי שאומרים נותלים תרופות,https://duolingo.hobune.stream/comment/49503395
,How many teddy bears does she have?,english,,56648102,2022-03-07,1,Kama dubonim yesh la?,https://duolingo.hobune.stream/comment/56648102
,How many warriors do you need in order to beat the witch?,english,,25652787,2017-12-24,13,"Is בשביל really necessary in this sentence? I.e., isn't כמה לוחמים אתם צריכים לנצח את המכשפה also correct?",https://duolingo.hobune.stream/comment/25652787
,How much does a new apartment in North Tel Aviv cost?,english,,17852086,2016-09-21,13,camah olah dirah khadashah b*-tzfón (formal: bee-tzfón) tel aviv (* pronounced beh),https://duolingo.hobune.stream/comment/17852086
,How much soap do you need?,english,,47807810,2021-03-19,1,Kama sabon ata tzarich?,https://duolingo.hobune.stream/comment/47807810
,I agree not to agree.,english,,30896685,2019-02-18,5,I agree to disagree.,https://duolingo.hobune.stream/comment/30896685
,I already ate this apple yesterday.,english,,47860531,2021-03-20,3,*Kvar akhalti et ha-tapúach ha-zeh etmol*.,https://duolingo.hobune.stream/comment/47860531
,I am a father.,english,,16253966,2016-06-21,26,WHAT MAKES YOU A FATHER,https://duolingo.hobune.stream/comment/16253966
,I am a mom.,english,,24523441,2017-09-20,25,"It is""ani ima""",https://duolingo.hobune.stream/comment/24523441
,I am a mushroom.,english,,16524126,2016-07-06,33,"שלום ,פטרייה",https://duolingo.hobune.stream/comment/16524126
,I am a woman and you are men.,english,,17975207,2016-09-27,27,אֲנִי אִשָּׁה וְאַתֶּם גְּבָרִים,https://duolingo.hobune.stream/comment/17975207
,I am alone.,english,,22256661,2017-04-20,7,For female - also לבד?,https://duolingo.hobune.stream/comment/22256661
,I am already fifteen years old.,english,,21032404,2017-02-19,17,"I wrote בן instead of בת, and it said ""almost right"". How am I supposed to know if it's male or female when translating from English, using 'I'?",https://duolingo.hobune.stream/comment/21032404
,I am clicking the file but it doesn't open!,english,,34126344,2019-09-16,10,"What exactly differentiates הוא from זה? In another example in this module, he is ""clicking a mouse but it doesn't work""--it is זה there. Using זה in this example, however, is mark",https://duolingo.hobune.stream/comment/34126344
,I am eating a pizza and then I am reading a book.,english,,26697159,2018-03-25,5,How does one pronounce אז?,https://duolingo.hobune.stream/comment/26697159
,I am finishing my degree.,english,,48015115,2021-03-26,1,ani mesayém et ha-tóar shelí,https://duolingo.hobune.stream/comment/48015115
,I am giving your dress to your mother.,english,,22349414,2017-04-26,43,Why is נותן not accepted? there is no hint in the english version as to the speaker being female,https://duolingo.hobune.stream/comment/22349414
,I am going back to her.,english,,22451450,2017-05-03,4,This verb חזר was unique to Jewish Palestinian Aramaic. It's not in classical Hebrew of the Tanakh. It came into Hebrew in the rabbinic era probably through Aramaic influence. It's,https://duolingo.hobune.stream/comment/22451450
,I am happy.,english,,22737755,2017-05-22,19,"no. no no no. This is ""I am happy(female)."" I am not a female, so maybe include שמח or have the voice reading the question be a female voice? might help.",https://duolingo.hobune.stream/comment/22737755
,I am having dinner.,english,,18760865,2016-11-02,21,"The English sentence should be ""I am eating dinner.""",https://duolingo.hobune.stream/comment/18760865
,I am looking for a bank.,english,,47461987,2021-03-07,1,Ani mekhapes banq.,https://duolingo.hobune.stream/comment/47461987
,I am reading a book.,english,,19171395,2016-11-20,13,What's the difference between 'reading' and 'calling' in Hebrew?,https://duolingo.hobune.stream/comment/19171395
,I am reading pasta recipes.,english,,38330100,2020-05-03,19,aní koré matkoním shel pásta.,https://duolingo.hobune.stream/comment/38330100
,I am receiving warm recommendations regarding this restaurant.,english,,33375096,2019-07-30,4,Good rather than warm to describe recomendations.,https://duolingo.hobune.stream/comment/33375096
,I am sad.,english,,22455406,2017-05-03,13,ani atzuvah (f) atzúv (m),https://duolingo.hobune.stream/comment/22455406
,I am sending it to you.,english,,17533610,2016-09-04,69,Why is the 'it' implied rather than translated?,https://duolingo.hobune.stream/comment/17533610
,I am sick again!,english,,23294547,2017-06-29,4,Its also אני עוד פעם חולה,https://duolingo.hobune.stream/comment/23294547
,"I am sorry, your band is not suitable for the party.",english,,32097107,2019-05-09,6,"Ani mitzta'er, ha'lahaka shelachem lo mat'ima la'mesiba.",https://duolingo.hobune.stream/comment/32097107
,I am studying medicine at university.,english,,51604021,2021-08-17,3,Ani lomed refu'a ba'universita,https://duolingo.hobune.stream/comment/51604021
,"I am too tall, therefore I am not standing.",english,,24866637,2017-10-17,21,I thought too tall would be יותר מדי גבוהה. Why just מדי?,https://duolingo.hobune.stream/comment/24866637
,"I am usually a man, but sometimes I am a woman.",english,,16386546,2016-06-29,25,Who makes up these sentences?,https://duolingo.hobune.stream/comment/16386546
,"I am vegetarian, I want tea.",english,,19197621,2016-11-21,15,ani tzimkhonit ani rotzah teh,https://duolingo.hobune.stream/comment/19197621
,I am waiting for a message from her.,english,,51716962,2021-08-21,1,Ani mekhake le-hoda’a mimena.,https://duolingo.hobune.stream/comment/51716962
,I apologize if people got hurt.,english,,52294455,2021-09-14,3,"Wow, this is the kind of recording we want! Clear, concise, loud. Thank you!",https://duolingo.hobune.stream/comment/52294455
,I ask for you not to eat the cake.,english,,24588117,2017-09-25,53,"This is horrible English. We would say something like, ""Please don't eat the cake."" My question is, is this normal Hebrew or a difficult sentence created to help us learn? Do you n",https://duolingo.hobune.stream/comment/24588117
,I broke the door with a kick.,english,,32078907,2019-05-07,3,שָׁבַרְתִּי אֶת הַדֶּלֶת בִּבְעִיטָה.,https://duolingo.hobune.stream/comment/32078907
,I buy strawberries at the market.,english,,56402298,2022-02-25,1,Aní koné tutím bashúk.,https://duolingo.hobune.stream/comment/56402298
,I can't stay here.,english,,52223436,2021-09-11,1,"Ani lo yakhol lehisha’er po... says the text, but he says lehisha’er kan.",https://duolingo.hobune.stream/comment/52223436
,I cannot understand what you are doing.,english,,27475630,2018-05-31,19,"Why does it have to be either 'את מה שאתה עושה' or 'מה אתה עושה', but it can't ever just be 'מה שאתה עושה'? That is, why in the above example is the את not needed only if you don't",https://duolingo.hobune.stream/comment/27475630
,I consider this.,english,,17116632,2016-08-11,10,aní shokél et ze.,https://duolingo.hobune.stream/comment/17116632
,I consulted with him in regards to a new pet.,english,,21794610,2017-03-27,22,Grrr. לגבי was not in my word bank,https://duolingo.hobune.stream/comment/21794610
,I didn't believe until I saw it on paper.,english,,24401426,2017-09-11,12,why do you need שראיתי instead of just ראיתי?,https://duolingo.hobune.stream/comment/24401426
,I do eat bread.,english,,16281177,2016-06-23,50,why is כן here? it's to say that's an affirmative answer/sentence?,https://duolingo.hobune.stream/comment/16281177
,I do not have a plane anymore.,english,,17215285,2016-08-17,29,אין לי כבר מטוס does this word order sound odd?,https://duolingo.hobune.stream/comment/17215285
,I do not have wheels!,english,,48147354,2021-03-31,1,éin li galgalim,https://duolingo.hobune.stream/comment/48147354
,I do not like weak women.,english,,29746819,2018-11-23,10,ani lo ohev nashim khalashot,https://duolingo.hobune.stream/comment/29746819
,I do not like weapons and especially not swords.,english,,39885542,2020-06-26,4,ani lo ohev clei neshek ve-beemiukhad (formal: u-veemiukhad) lo kharavot,https://duolingo.hobune.stream/comment/39885542
,I do not need a credit card because I have no money.,english,,17852074,2016-09-21,5,"למה חייבים "" מפני"" ? למה ""בגלל "" לא טוב ?",https://duolingo.hobune.stream/comment/17852074
,I do not touch dirty drug money.,english,,27155851,2018-05-03,14,Sentence in the exercise: •Ani lo nogea be'kaspei samim maluchlachim. Sentence in the discussion: • Ani lo nogea b'kesef samim meluchlach.,https://duolingo.hobune.stream/comment/27155851
,I do not want to miss the plane.,english,,53026030,2021-10-18,1,Ani lo ro'ce le'fas'fes et ha'ma'tos,https://duolingo.hobune.stream/comment/53026030
,I don't believe he has an electric potato.,english,,48220078,2021-04-02,3,Aní lo ma'amín shyesh lo tapúach adamah khashmalí.,https://duolingo.hobune.stream/comment/48220078
,I don't know how to break the ice.,english,,52722171,2021-10-06,1,Ani lo yodea eikh lishbor et ha-qerakh.,https://duolingo.hobune.stream/comment/52722171
,I drink the coffee.,english,,16438133,2016-07-01,15,"If the ה in front of the noun means the, why is there a need for את?",https://duolingo.hobune.stream/comment/16438133
,I eat a cake.,english,,18247701,2016-10-10,13,"Any clues about how to pronounce ""cake"" in Hebrew?",https://duolingo.hobune.stream/comment/18247701
,I eat food.,english,,18283853,2016-10-12,15,This is a bit redundant redundant. :P,https://duolingo.hobune.stream/comment/18283853
,I eat lunch.,english,,18986963,2016-11-12,8,Ani okhel arukhat tsohoraim.,https://duolingo.hobune.stream/comment/18986963
,"I hate everybody, and you in particular.",english,,22074420,2017-04-10,13,"Sorry, I was just trying to learn Hebrew",https://duolingo.hobune.stream/comment/22074420
,I have a doubt that his priority will change.,english,,25646069,2017-12-23,17,This English translation is extremely unidiomatic and I can't imagine a native English speaker ever saying this in this context. 'I doubt [that] his priority/preference will change,https://duolingo.hobune.stream/comment/25646069
,I have a new career.,english,,26545122,2018-03-10,3,yesh li kariérah khadashah,https://duolingo.hobune.stream/comment/26545122
,I have a problem on my computer as a result of the changes that they made to it.,english,,20897702,2017-02-13,20,"As an native Hebrew speaker, the correct form would be: יש לי בעיה במחשב כתוצאה מהשינויים שהם עשו בו.",https://duolingo.hobune.stream/comment/20897702
,I have already paid taxes to the municipality.,english,,41386243,2020-08-19,4,"For those who live in Israel, or plan to: The taxes paid to the municipality עירייה are called arnona ארנונה. https://www.morfix.co.il/ארנונה",https://duolingo.hobune.stream/comment/41386243
,I have an idea for a new product.,english,,54874599,2021-12-29,4,I need to understand when to use ל או ה in front of a noun. Is there a rule?,https://duolingo.hobune.stream/comment/54874599
,I have five carrots.,english,,23735750,2017-07-28,10,yesh li khamishah gzarim,https://duolingo.hobune.stream/comment/23735750
,I have no choice.,english,,47545403,2021-03-10,5,Could one say: אין לי שום ברירה instead ?,https://duolingo.hobune.stream/comment/47545403
,I have only one skull.,english,,56533180,2022-03-03,1,Yesh li raq gulgolet akhat.,https://duolingo.hobune.stream/comment/56533180
,I have seventy six shirts in the closet.,english,,54057314,2021-11-26,5,"Does this mean that ark and closet are the same word? I did not expect this, but it makes sense",https://duolingo.hobune.stream/comment/54057314
,I have to go.,english,,32591382,2019-06-10,12,אני חייב ללכת.,https://duolingo.hobune.stream/comment/32591382
,I hid from the police officer in the bushes next to the school.,english,,31907308,2019-04-26,25,"Hitchabeti me'ha-shoteret¹ ba'shichim leyad beit ha'sefer. ¹ Fem., sing. (Masc., sing.: shoter).",https://duolingo.hobune.stream/comment/31907308
,I like men with hair on their chest.,english,,32790470,2019-06-23,4,DL rejected אני אוהב גברים עם שיער על החזה שלהם. Reported.,https://duolingo.hobune.stream/comment/32790470
,"I like only purple! Not blue and not red, only purple.",english,,17468081,2016-08-31,24,Why would it have to be emphasized only in the first sentence? I would actually put the emphasis on the second sentence rather than on the first,https://duolingo.hobune.stream/comment/17468081
,I look for desert flowers in the Negev.,english,,47926376,2021-03-23,3,ani mekhapés peerkhéi meedbár ba-négev,https://duolingo.hobune.stream/comment/47926376
,I love horses and I also love cats.,english,,22360608,2017-04-27,25,"That is not right to say אני גם אוהב חתולים. Its better to say אני אוהב גם חתולים, the word ""גם"" should be after the verb and not before.",https://duolingo.hobune.stream/comment/22360608
,I love to find interesting places.,english,,27858102,2018-07-03,3,Ani ohev limtzo mekomot me-anyenim,https://duolingo.hobune.stream/comment/27858102
,I love you.,english,,17929299,2016-09-24,37,אני אוהב אותך גם,https://duolingo.hobune.stream/comment/17929299
,I need a new passport.,english,,47458077,2021-03-07,1,Ani Tzricha darkon chadash,https://duolingo.hobune.stream/comment/47458077
,I need his address.,english,,48445960,2021-04-11,2,Ani tsarikh et ha-ktovet shelo.,https://duolingo.hobune.stream/comment/48445960
,I only see him in the court.,english,,28463832,2018-08-15,10,ani roeh oto rak b-beit ha-meeshpat,https://duolingo.hobune.stream/comment/28463832
,I pass the man.,english,,16781083,2016-07-22,19,ani ovér et ha-géver,https://duolingo.hobune.stream/comment/16781083
,I prayed that God will help us.,english,,30162246,2018-12-28,3,"""...that God would help us"" is more natural in English.",https://duolingo.hobune.stream/comment/30162246
,I prefer driving on the wide boulevard.,english,,26257674,2018-02-11,9,"When clicking on the word wide in the English, it gives עבה, not רחבה.",https://duolingo.hobune.stream/comment/26257674
,I read a long book.,english,,23859658,2017-08-05,19,ani kore sefer arokh,https://duolingo.hobune.stream/comment/23859658
,I tell him.,english,,17950697,2016-09-26,26,Why isn't it אני אומר אותו,https://duolingo.hobune.stream/comment/17950697
,I want dry fruit.,english,,16271886,2016-06-22,49,"Why is it not: פרות יבשות Usually the adjective follows the substantive, not now?",https://duolingo.hobune.stream/comment/16271886
,I want the right to go to the court without clothes!,english,,17108439,2016-08-10,13,You will be delighted to learn that if you prance around without any clothes you will indeed find yourself in court,https://duolingo.hobune.stream/comment/17108439
,I want the same thing.,english,,18463324,2016-10-19,11,I thought et was optional when using oto?,https://duolingo.hobune.stream/comment/18463324
,I want to learn spells that mend broken hearts.,english,,34398877,2019-10-04,7,Ani rotze lilmod kishufim she'metaknim levavot shvurim.,https://duolingo.hobune.stream/comment/34398877
,I was hurt because things were said about me that are not correct.,english,,23739330,2017-07-28,15,"In general both כי נאמרו עליי דברים and כי דברים נאמרו עליי are OK. The reason only the first option is accepted, is because the sentence has another clause, which is connected to ",https://duolingo.hobune.stream/comment/23739330
,I watch the water.,english,,16467214,2016-07-03,17,"Why במיים. Why not המיים? It does not say ""in the water."" It says ""I watch the water""",https://duolingo.hobune.stream/comment/16467214
,I will feel better tomorrow.,english,,17699982,2016-09-13,1,It can also be ארגיש without אני because the א in the beginning of ארגיש means אני or me.,https://duolingo.hobune.stream/comment/17699982
,I will use the Aliyah data for the last ten years for my study.,english,,25046529,2017-11-01,27,"Sorry, as a native I would not say this sentence like this, I think this is the correct way of saying it: ""אני אשתמש בנתוני העלייה של עשר השנים האחרונות בשביל המחקר שלי.""",https://duolingo.hobune.stream/comment/25046529
,I will win the elections!,english,,44546121,2020-12-05,8,ani anatzéach ba-bchirot,https://duolingo.hobune.stream/comment/44546121
,I would never use that browser.,english,,26325058,2018-02-17,20,אני לעולם לא אשתמש בדפדפן הזה,https://duolingo.hobune.stream/comment/26325058
,I'm bringing you a straw.,english,,51868639,2021-08-27,2,Ani mevi lakh qashit.,https://duolingo.hobune.stream/comment/51868639
,I'm getting electrocuted and I like it.,english,,16327819,2016-06-25,15,Perhaps someone should contact the writer to see if they are okay.,https://duolingo.hobune.stream/comment/16327819
,"I'm just a little girl, why would I pay taxes?",english,,16864358,2016-07-27,15,ani rak yaldah ktanah lamah sh-ashalem misim,https://duolingo.hobune.stream/comment/16864358
,If I were a ten year old girl I would run among the flowers.,english,,17282759,2016-08-20,21,Can't one just say בת עשר without ילדה ?,https://duolingo.hobune.stream/comment/17282759
,If it weren't for my computer I wouldn't know how to speak Hebrew.,english,,17548335,2016-09-05,23,"What's wrong with אילולא המחשב שלי לא"" הייתי יודע איך לדבר עברית"" ?",https://duolingo.hobune.stream/comment/17548335
,If only you knew how important you are to me.,english,,26122996,2018-02-01,44,Why isn't לוּ הייתָ יודע כמה חשוב אתה לי correct?,https://duolingo.hobune.stream/comment/26122996
,"If you are sending a postcard, you need three stamps.",english,,51890112,2021-08-28,4,"Im aten sholkhot gluya, aten tsrikhot shlosha bulim.",https://duolingo.hobune.stream/comment/51890112
,"If you hadn't given me the suitcase, he would have given it to me.",english,,18025862,2016-09-29,31,"Why the double negative? The word לא is entirely wrong in there. אילולא נתת לי את המזוודה, הוא היה נותן לי אותה",https://duolingo.hobune.stream/comment/18025862
,"If you want to be a soldier, you need to have a strong back.",english,,24056845,2017-08-18,9,"I left out the second להיות and DL said : You missed a word. .אם אתה רוצֶה להיות חייל, צריך להיות לךָ גב חזק",https://duolingo.hobune.stream/comment/24056845
,"If you want to come with us, you need a ticket for the bus.",english,,17559950,2016-09-06,7,"In Israel (as of 2016), most bus companies now sell a card called a Rav Kav (""many-line"" in Hebrew) on the bus. The card can be charged by adding money to the ""arnak"" (wallet) on t",https://duolingo.hobune.stream/comment/17559950
,"If you won't tell me the truth, all those messages will be sent to the police.",english,,16953645,2016-08-01,14,marked wrong - אם לא תספר לי את האמת כל ההודעות האלה יישלחו למשטרה What's wrong with תספר,https://duolingo.hobune.stream/comment/16953645
,In Australia there is a big glacier that everybody goes to see.,english,,41208698,2020-08-13,3,There are no glaciers in Australia!,https://duolingo.hobune.stream/comment/41208698
,In China they are searching for engineers with experience.,english,,44299312,2020-11-27,4,why isn't הם necessary here?,https://duolingo.hobune.stream/comment/44299312
,In Israel there is both a prime minister and a president.,english,,39462718,2020-06-11,6,b-israel yesh gam rosh memshalah ve-gam nasí,https://duolingo.hobune.stream/comment/39462718
,In the United States there are more than fifty governors.,english,,32966187,2019-07-04,5,Should be accepted: יש בארצות...?,https://duolingo.hobune.stream/comment/32966187
,In the synagogue they speak only in Yiddish.,english,,31419169,2019-03-24,5,"""הם רק מדברים"" זה נכון לא?",https://duolingo.hobune.stream/comment/31419169
,In this weather it is recommended to stay at home.,english,,51440351,2021-08-10,1,Be-mezeg ha-avir haze mumlats lehisha’er ba-bayit.,https://duolingo.hobune.stream/comment/51440351
,Is he coming?,english,,26080699,2018-01-29,36,"Duolingo, more audio would be extremely helpful for a complete beginner.",https://duolingo.hobune.stream/comment/26080699
,Is it an eagle?,english,,16319136,2016-06-25,20,"what's ""זהו""?",https://duolingo.hobune.stream/comment/16319136
,Is love coming?,english,,16273215,2016-06-22,117,When is it preferable to write בא verses באה?,https://duolingo.hobune.stream/comment/16273215
,Is mom coming?,english,,16251868,2016-06-21,148,What's the difference between באה and בא?,https://duolingo.hobune.stream/comment/16251868
,Is she sad or happy?,english,,16868162,2016-07-27,18,"I though that האם was normally used for yes or no questions--like ""n'est-ce pas"" in French?",https://duolingo.hobune.stream/comment/16868162
,Is the horse at yours?,english,,17063092,2016-08-08,35,This makes no sense to me in english,https://duolingo.hobune.stream/comment/17063092
,Is the milk hot?,english,,16648488,2016-07-13,41,How do you pronounce חם?,https://duolingo.hobune.stream/comment/16648488
,Is the mom coming?,english,,16254097,2016-06-21,168,I've been using Dou for awhile and I've already learnt a lot with it. But seriously Duo! Why did you start to teach Hebrew like that?! Wouldn't it be better to start with alphabet ,https://duolingo.hobune.stream/comment/16254097
,Is the spoon yours?,english,,21571291,2017-03-15,14,ha-caf shelákh (f) / shelkhá (m),https://duolingo.hobune.stream/comment/21571291
,Is this a donkey?,english,,16382833,2016-06-28,17,"What is ""זהו""? There's an option in the multiple choice ""זהו חמור"".",https://duolingo.hobune.stream/comment/16382833
,Is this a mountain or a hill?,english,,52314757,2021-09-15,1,Ze har o giv’a?,https://duolingo.hobune.stream/comment/52314757
,Is this a supermarket or a grocery store?,english,,27858183,2018-07-03,5,Ze supermarket o makolet,https://duolingo.hobune.stream/comment/27858183
,Is this a telephone or a cellphone?,english,,56824708,2022-03-14,1,Ze telefon o telefon nayad?,https://duolingo.hobune.stream/comment/56824708
,Is volleyball a sport?,english,,52456320,2021-09-21,1,Kaduraf hu sport?,https://duolingo.hobune.stream/comment/52456320
,Israel is a beautiful country.,english,,54933474,2022-01-01,11,"Shouldn't it be ""ישראל היא מדינה יפה""?",https://duolingo.hobune.stream/comment/54933474
,It does not rain here in the summer.,english,,16349578,2016-06-27,16,Why is לא יורד גשם כאן בקיץ not accepted?,https://duolingo.hobune.stream/comment/16349578
,It has a beautiful nut.,english,,16819417,2016-07-24,47,Why not a pair ?,https://duolingo.hobune.stream/comment/16819417
,It is a crime against the state.,english,,51662120,2021-08-19,1,Ze pesha neged ha-medina.,https://duolingo.hobune.stream/comment/51662120
,It is a daily newspaper.,english,,49305831,2021-05-13,5,זה in the sample is not written correctly.,https://duolingo.hobune.stream/comment/49305831
,It is a new month.,english,,26062881,2018-01-27,5,"Is ""זהו"" a typo?",https://duolingo.hobune.stream/comment/26062881
,It is better to break someone's heart than to do nothing with it.,english,,18559236,2016-10-24,17,Ending with כלום איתו should be correct as well as איתו כלום.,https://duolingo.hobune.stream/comment/18559236
,It is counterclockwise.,english,,33191174,2019-07-19,1,Zeh neged kivun ha-sha'on.,https://duolingo.hobune.stream/comment/33191174
,It is forbidden to run on the grass!,english,,48209594,2021-04-02,1,Asur laruts al hadeshe,https://duolingo.hobune.stream/comment/48209594
,It is minus four degrees now!,english,,27727346,2018-06-21,9,"I would say: עכשיו יש מינוס ארבע מעלות בחוץ The official thing is technically correct, but quite formal.",https://duolingo.hobune.stream/comment/27727346
,It is not exactly my genre.,english,,52454984,2021-09-21,1,Ze lo bediyuq ha-zhaner sheli.,https://duolingo.hobune.stream/comment/52454984
,"It is not inside me, it is inside you.",english,,19627213,2016-12-12,10,zeh lo betokhí zeh betokhékh (f) / betokhekhá (m),https://duolingo.hobune.stream/comment/19627213
,It is not too much.,english,,27366731,2018-05-21,6,zeh lo yoter meedai,https://duolingo.hobune.stream/comment/27366731
,It is only humor.,english,,51612992,2021-08-17,5,W hat happened to צרוק,https://duolingo.hobune.stream/comment/51612992
,It was like that when we came in.,english,,33717973,2019-08-20,5,Zeh haya kacha kshe-nichnasnu.,https://duolingo.hobune.stream/comment/33717973
,"It was not me that said that you are stupid, but him.",english,,22632638,2017-05-15,50,Why טיפש is not accepted?,https://duolingo.hobune.stream/comment/22632638
,It will be more efficient studying Geography.,english,,51252872,2021-08-03,2,Ze yihye ya’il yoter lilmod giografia.,https://duolingo.hobune.stream/comment/51252872
,It's not my fault that you're stupid.,english,,17013732,2016-08-04,22,*זאת,https://duolingo.hobune.stream/comment/17013732
,Jerusalem is the capital city of Israel.,english,,19582631,2016-12-09,3,"why ""עיר בירתה"" instead of ""עיר הבירה""? Should be correct ""עיר הבירה""?",https://duolingo.hobune.stream/comment/19582631
,Join the family!,english,,51989006,2021-09-01,1,Hitstaref la-mishpakha!,https://duolingo.hobune.stream/comment/51989006
,"Let's go to the crater, there's shade there.",english,,17735255,2016-09-15,6,"Actually, geologists differ between 'crater' and 'makhtesh'. While the Hebrew word מכתש is used for both geological phenomena, the 'makhtesh' is a unique phenomenon for Israel and ",https://duolingo.hobune.stream/comment/17735255
,Let's not talk about blame.,english,,35495349,2019-12-10,3,Hashma?,https://duolingo.hobune.stream/comment/35495349
,Lightning and thunder.,english,,20275084,2017-01-14,5,Why are both (Hebrew) words in plural? Is it how it's used?,https://duolingo.hobune.stream/comment/20275084
,Love is coming.,english,,16255434,2016-06-21,93,When should I put *בא* and when should I put *באה*? Is the first one for masculine and the second one for feminine? **תודה**!,https://duolingo.hobune.stream/comment/16255434
,Love.,english,,16934509,2016-07-31,75,Why don't they teach us the aleph-bet first?!?!?,https://duolingo.hobune.stream/comment/16934509
,Magic will not help you!,english,,17015621,2016-08-05,4,"Why is ""magic"" plural in the Hebrew?",https://duolingo.hobune.stream/comment/17015621
,Maybe she will return.,english,,54626984,2021-12-19,11,Can someone explain why תחזיר is not used here? And what is the difference between תחזיר to תחזור. I have the impression that תחזיר is to return something תחזור is to go back where,https://duolingo.hobune.stream/comment/54626984
,Meet me tomorrow at nine.,english,,19428549,2016-12-02,7,Why is both פגשו and פגוש correct?,https://duolingo.hobune.stream/comment/19428549
,Men and women.,english,,16255592,2016-06-21,22,gvarim ve-nashim,https://duolingo.hobune.stream/comment/16255592
,"Men see women, women see men.",english,,16349423,2016-06-27,30,"gvarím ro'ím nashím, nashím ro'ót gvarím.",https://duolingo.hobune.stream/comment/16349423
,Milk or water?,english,,19365493,2016-11-30,4,khaláv o máyim,https://duolingo.hobune.stream/comment/19365493
,Mom and dad are warming up the food and in the meantime I am reading a book.,english,,16867424,2016-07-27,13,"Would it work to change the order of this a little and say: אמא ואבא מחממים את האוכל, ואני בינתיים קרא ספר",https://duolingo.hobune.stream/comment/16867424
,Mom does everything and dad does nothing.,english,,17297168,2016-08-21,26,"Why don't you need to include ""את"" before ""הכל""?",https://duolingo.hobune.stream/comment/17297168
,Mom is coming to the sea.,english,,24260514,2017-08-31,4,eema ba'ah la-yam,https://duolingo.hobune.stream/comment/24260514
,Mom or dad?,english,,16267844,2016-06-22,24,Im I the only one who doesn't hear the hebrew words read out when I tap them or the slow version of the speaking sections? (The turtle) that seems unfortunate,https://duolingo.hobune.stream/comment/16267844
,"Mom, is love coming?",english,,18014287,2016-09-29,96,I wish the app would pronounce what u typed as u type it... Im having so much trouble distinguishing these characters. I dnt even know what to call them.,https://duolingo.hobune.stream/comment/18014287
,Music is my life.,english,,48248396,2021-04-04,2,A loan word for something as basic as music?,https://duolingo.hobune.stream/comment/48248396
,My banana is tasty!,english,,17439314,2016-08-30,19,Its called self pleasure,https://duolingo.hobune.stream/comment/17439314
,My big brother is looking after me.,english,,30852639,2019-02-16,13,akhi ha-gadol shomer alai,https://duolingo.hobune.stream/comment/30852639
,My business is closed on Saturday.,english,,32035019,2019-05-05,6,Ha'esek sheli sagur be'yom Shabbat.,https://duolingo.hobune.stream/comment/32035019
,My cat studies English.,english,,17111371,2016-08-10,17,I expect she is using Duolingo,https://duolingo.hobune.stream/comment/17111371
,My children will be at their grandmother's.,english,,52073894,2021-09-05,2,Ha-yeladim sheli yihyu etsel savta shelahem.,https://duolingo.hobune.stream/comment/52073894
,My dog ate my homework!,english,,30289318,2019-01-08,33,"Could someone please explain how/when the possessive ""שלי"" can become just ""לי""?",https://duolingo.hobune.stream/comment/30289318
,My dog does not like you.,english,,18054312,2016-10-01,17,"למה לא ""כלבי""?",https://duolingo.hobune.stream/comment/18054312
,My dog is similar to a mushroom.,english,,16472515,2016-07-03,19,You take one for a walk and the other for a trip.,https://duolingo.hobune.stream/comment/16472515
,My duck does not want to eat you.,english,,17059228,2016-08-07,49,How comforting to know.,https://duolingo.hobune.stream/comment/17059228
,My father had worked for years in the Ministry of Defense.,english,,23875920,2017-08-06,5,"DL keeps telling me that אבא שלי היה עובד is incorrect as a translation of ""had worked"", but I think there's a difference between ""worked"" and ""had worked"".",https://duolingo.hobune.stream/comment/23875920
,My father stopped the tune.,english,,47607022,2021-03-12,2,"I think this actually means, ""My father stopped playing the tune."" Otherwise this sounds like ""עצור"" which implies some kind of force or restraint in the action.",https://duolingo.hobune.stream/comment/47607022
,My food is cold because of him.,english,,25395808,2017-11-30,3,ha okhel sheli kar beeglaló,https://duolingo.hobune.stream/comment/25395808
,My hearing is not good.,english,,51185178,2021-07-31,1,Ha-shmi’a sheli lo tova.,https://duolingo.hobune.stream/comment/51185178
,My keys were lost.,english,,47234068,2021-02-27,4,למה לא נאבדו לי המפתחות?,https://duolingo.hobune.stream/comment/47234068
,My monkey has good grades.,english,,52907942,2021-10-14,1,La-qof sheli yesh tsiyunim tovim.,https://duolingo.hobune.stream/comment/52907942
,My name is not Tal.,english,,16385434,2016-06-28,139,"השם שלי הוא לא טל Why ""hu""? Did not see such construction in lessons.",https://duolingo.hobune.stream/comment/16385434
,My racket is broken.,english,,56391749,2022-02-25,1,Ha-makhbet sheli shavur.,https://duolingo.hobune.stream/comment/56391749
,My room is clean of dust.,english,,51959516,2021-08-31,2,"You don't say ""clean of dust"" in English. This is a direct translation of נקי מאבק which may be fine in Hebrew but not in English. You might say my room is dust free, or has no dus",https://duolingo.hobune.stream/comment/51959516
,My sister works in the bank.,english,,53080041,2021-10-20,3,Akhoti ovedet ba-banq.,https://duolingo.hobune.stream/comment/53080041
,My wife likes eating honey in the morning.,english,,17390474,2016-08-27,5,Why is האישה שלי incorrect?,https://duolingo.hobune.stream/comment/17390474
,No cat loves water.,english,,18939208,2016-11-10,30,"Please can someone explain why there is both ""לא"" and ""שום"" in this sentence? I know Hebrew can use a double negative but I don't understand how this sentence works. You don't alwa",https://duolingo.hobune.stream/comment/18939208
,"No, I'm not religious.",english,,48270793,2021-04-05,2,lo ani lo datí,https://duolingo.hobune.stream/comment/48270793
,"No, he doesn't see a truck.",english,,16893400,2016-07-28,27,Isnt this a bit advanced for a basic letter recognition? I still dont understand how some vowels change in context,https://duolingo.hobune.stream/comment/16893400
,"No, thanks.",english,,32102098,2019-05-09,9,"No, Torah? That doesn't seem right. How is it pronounced?",https://duolingo.hobune.stream/comment/32102098
,North and south.,english,,48690279,2021-04-20,3,tzfon vdarom,https://duolingo.hobune.stream/comment/48690279
,"Not me, but him!",english,,16311015,2016-06-24,28,Can אבל not be used here?,https://duolingo.hobune.stream/comment/16311015
,"OK, see you later!",english,,56555977,2022-03-03,2,En castellano deberia decir bueno en lugar de Ok,https://duolingo.hobune.stream/comment/56555977
,"Oil, salt and lemon.",english,,17275397,2016-08-20,16,"It's ""schEmen"". But I'm asking myself the same question about the word salt. Is it 'melach' or 'malech'? I don't remember",https://duolingo.hobune.stream/comment/17275397
,Ok.,english,,16649811,2016-07-14,21,Why טוב is incorrect here?,https://duolingo.hobune.stream/comment/16649811
,On Simchat Torah all the children come to the synagogue.,english,,56176340,2022-02-17,1,‏בְּשִׂמְחַת תּוֹרָה כָּל הַיְּלָדִים בָּאִים לְבֵית הַכְּנֶסֶת Be-simkhat tora kol ha-yeladim ba’im le-veit ha-kneset.,https://duolingo.hobune.stream/comment/56176340
,On every Sunday she has swimming practice.,english,,51359135,2021-08-07,4,Be-khol yom rishon yesh la imun skhiya.,https://duolingo.hobune.stream/comment/51359135
,"Once I was a student like you, but then I received an arrow in the knee.",english,,24309818,2017-09-04,8,Top notch,https://duolingo.hobune.stream/comment/24309818
,One apple and one cheese.,english,,20708496,2017-02-05,12,"Is the number one special, that it comes after the object counted instead of before?",https://duolingo.hobune.stream/comment/20708496
,Onion is a healthy vegetable.,english,,51877581,2021-08-27,2,Audio please?,https://duolingo.hobune.stream/comment/51877581
,Our children eat.,english,,27523519,2018-06-04,10,"Could someone please explain if Is this incorrect . "" הילדות שלנו אוכלות "" Thank you.",https://duolingo.hobune.stream/comment/27523519
,Our tradition is of great importance.,english,,31284434,2019-03-15,12,חשיבות גדולה would not work?,https://duolingo.hobune.stream/comment/31284434
,"Peppers are red, orange, yellow or green.",english,,16271631,2016-06-22,37,"From Duolingo tips and notes: Tips and notes Copula (אוגד) When we want to define a general feature of an object (i.e. lemons are sour), we use the copula (אוגד). The main purpose ",https://duolingo.hobune.stream/comment/16271631
,Photograph the police officer!,english,,56249699,2022-02-20,1,Tsalem et ha-shoter!,https://duolingo.hobune.stream/comment/56249699
,Pink is a women's and men's color.,english,,24416730,2017-09-12,15,What's the difference between ורוד זה and ורוד הוא? How do I know which to use? Are the הוא and זה even necessary?,https://duolingo.hobune.stream/comment/24416730
,Please do not look for me.,english,,51678640,2021-08-19,4,What does אנא mean exactly?,https://duolingo.hobune.stream/comment/51678640
,"Please, you are welcome!",english,,16304252,2016-06-24,59,Bevakashah ein bead mah,https://duolingo.hobune.stream/comment/16304252
,Present the new dress!,english,,56689624,2022-03-09,1,Hatseg et ha-simla ha-khadasha!,https://duolingo.hobune.stream/comment/56689624
,Put the change in the pocket!,english,,56661638,2022-03-08,1,Sim et ha-odef ba-kis!,https://duolingo.hobune.stream/comment/56661638
,"Quick, I need ice!",english,,52784026,2021-10-08,1,"mahér, aní tzarích kérach.",https://duolingo.hobune.stream/comment/52784026
,Rain is tears of angels.,english,,17398151,2016-08-27,7,"In other sentences we were told to use זה rather than הוא as a copula for inanimate objects, but here זה was rejected in favor of הוא. Is this a DL glitch or is there really a reas",https://duolingo.hobune.stream/comment/17398151
,Safety above everything.,english,,24359384,2017-09-08,2,"Is this correct English? Shouldn't it be ""Safety **is** above everything""? Can you have a sentence without a verb in English?",https://duolingo.hobune.stream/comment/24359384
,Send her the letter next week.,english,,53831613,2021-11-18,2,"in the previous exercise the correct answer was ""שלח אליה"" but in this exercise the correct answer is ""שלח ..."".",https://duolingo.hobune.stream/comment/53831613
,Send me the e-mail!,english,,56336307,2022-02-23,1,Shlakh li et ha-meil!,https://duolingo.hobune.stream/comment/56336307
,Seventeen animals run with us.,english,,25359626,2017-11-27,8,shva esreh khayot ratzot itánu,https://duolingo.hobune.stream/comment/25359626
,Seventeen owls are learning Hebrew.,english,,30585802,2019-01-29,6,sheeva asar yanshufim lomdim ivrit,https://duolingo.hobune.stream/comment/30585802
,Seventeen rabbits are more than ten rabbits.,english,,17411970,2016-08-28,28,sheevah asar arnavim hem yotér me-asarah arnavim,https://duolingo.hobune.stream/comment/17411970
,She also has sufganiyot with chocolate.,english,,26567607,2018-03-13,9,Why isn't acceptable? גם יש לה,https://duolingo.hobune.stream/comment/26567607
,She cleans the floor.,english,,48486824,2021-04-12,0,,https://duolingo.hobune.stream/comment/48486824
,She convinces me to run for parliament.,english,,48698375,2021-04-20,0,audio?,https://duolingo.hobune.stream/comment/48698375
,"She does not know when his birthday is, it is a secret.",english,,26898745,2018-04-11,12,"Can you use מה rather than מתי? (In English, knowing somebody's birthday, knowing what it is, and knowing when it is are practically interchangeable.) Also, why do you translate IT",https://duolingo.hobune.stream/comment/26898745
,She does not know why they live next to the mountain.,english,,56266488,2022-02-20,1,hi lo yodá'at láma hem garím leyád ha-har.,https://duolingo.hobune.stream/comment/56266488
,She does not save this.,english,,18500593,2016-10-20,11,hee lo shomeret et zeh,https://duolingo.hobune.stream/comment/18500593
,She drinks.,english,,20161252,2017-01-09,8,Pronounciation?,https://duolingo.hobune.stream/comment/20161252
,She has a flight tomorrow.,english,,48043065,2021-03-27,1,yesh lah tisah makhar,https://duolingo.hobune.stream/comment/48043065
,She has a global career.,english,,52817180,2021-10-10,1,Yesh la qaryera olamit.,https://duolingo.hobune.stream/comment/52817180
,She has five credit cards.,english,,52575609,2021-09-26,1,Yesh la khamisha kartisei ashrai.,https://duolingo.hobune.stream/comment/52575609
,She has ninety cats.,english,,48074764,2021-03-28,1,Yesh la tish’im khatulim.,https://duolingo.hobune.stream/comment/48074764
,She hates seeing blood.,english,,55371007,2022-01-17,3,hi sonét lir'ót dam.,https://duolingo.hobune.stream/comment/55371007
,She is a very religious woman.,english,,26969915,2018-04-16,4,hee ishah datiyah meod,https://duolingo.hobune.stream/comment/26969915
,She is an international model.,english,,54587174,2021-12-17,5,Hi dugmanit ben-le’umit.,https://duolingo.hobune.stream/comment/54587174
,She is closing the deal with him.,english,,32199080,2019-05-15,2,sound,https://duolingo.hobune.stream/comment/32199080
,She is not as pretty as me.,english,,19262290,2016-11-25,8,hee lo yafah camoni,https://duolingo.hobune.stream/comment/19262290
,"She is only a mayor, not a prime minister.",english,,22223215,2017-04-18,3,ראשת עיר,https://duolingo.hobune.stream/comment/22223215
,She is signing a fat contract.,english,,32140384,2019-05-12,5,Why is necessary the על?,https://duolingo.hobune.stream/comment/32140384
,She is the player of the other team.,english,,31994278,2019-05-02,10,"האם אפשר לומר גם ""הקבוצה האחרת?",https://duolingo.hobune.stream/comment/31994278
,She is the third Minister of Finance in this government.,english,,49962755,2021-06-07,1,Hi sarat ha-otser ha-shlishit be-memshala hazot.,https://duolingo.hobune.stream/comment/49962755
,She is thirsty.,english,,24439869,2017-09-14,2,hee tzmeah,https://duolingo.hobune.stream/comment/24439869
,She is wearing only brands.,english,,24730866,2017-10-06,9,"You would never say that in English. Perhaps, ""she only wears BRAND NAMES or NAME BRANDS""",https://duolingo.hobune.stream/comment/24730866
,She is with him because of his wealth.,english,,34974578,2019-11-09,3,אפשר להשתמש בריכוש?,https://duolingo.hobune.stream/comment/34974578
,She is writing a new script for a movie about the Exodus.,english,,51173874,2021-07-30,1,Hi kotevet tasrit khadash le-seret al yetsiat mitsraim.,https://duolingo.hobune.stream/comment/51173874
,She likes water.,english,,17294168,2016-08-21,28,hi ohévet máyim.,https://duolingo.hobune.stream/comment/17294168
,She needs to learn but does not have anywhere.,english,,17271669,2016-08-20,73,A stupid sentence in English.....,https://duolingo.hobune.stream/comment/17271669
,She needs to remember her grandfather!,english,,52226075,2021-09-11,1,Hi tsrikha lizkor et saba shela!,https://duolingo.hobune.stream/comment/52226075
,She plays tennis every day.,english,,48024371,2021-03-26,2,Please explain the difference between using שחקת or משחקת in this sentence. I'm missing something... My brain...,https://duolingo.hobune.stream/comment/48024371
,She reads books with them.,english,,21797713,2017-03-27,17,hee koret sfarim itan,https://duolingo.hobune.stream/comment/21797713
,She sees a dove.,english,,16266982,2016-06-22,18,hee roah yonah,https://duolingo.hobune.stream/comment/16266982
,She stares at the ugly models.,english,,31349083,2019-03-20,2,"""Hee bohá badugmaním hamecho'arím""",https://duolingo.hobune.stream/comment/31349083
,She thinks that she is a princess.,english,,56023235,2022-02-11,1,Hi khoshevet she-hi nesikha.,https://duolingo.hobune.stream/comment/56023235
,She wants to build a sukkah in the yard.,english,,52385998,2021-09-18,16,Hi rotsa livnot suka be-khatser.,https://duolingo.hobune.stream/comment/52385998
,She wants to eat fish.,english,,16276736,2016-06-22,41,"if the noun is female, shouldnt the verb be female as well? why does it say אוכל and not אוכלת",https://duolingo.hobune.stream/comment/16276736
,She was a governor in nine states.,english,,28833792,2018-09-12,2,What does this mean? How is someone a governor in 9 states?,https://duolingo.hobune.stream/comment/28833792
,"She was not only a Prime Minister, but also a great leader.",english,,16933029,2016-07-31,15,I think there is a wrong use of the word but in here. It should be by my opinion היא לא הייתה רק ראש ממשלה גדולה אלא גם מנהיגה Or היא לא רק הייתה ראש ממשלה גדולה אלא גם מנהיגה,https://duolingo.hobune.stream/comment/16933029
,"She will find herself alone, forty years old with a cat.",english,,16823502,2016-07-24,7,"damn duo, this is edgy",https://duolingo.hobune.stream/comment/16823502
,Shower before Shabbat!,english,,50790155,2021-07-14,6,"hitkalchú lifnéi shabát! (colloquially it will be ""titkalchu"")",https://duolingo.hobune.stream/comment/50790155
,Since yesterday?,english,,17872431,2016-09-22,8,Why not מאתמול?,https://duolingo.hobune.stream/comment/17872431
,Six is a number.,english,,16561078,2016-07-08,13,"Why isn't this correct ""שש היא מספר""? The answer said I should have used ""הוא"" but ""שש' is feminine. Mosalf seems to have a similar problem.",https://duolingo.hobune.stream/comment/16561078
,Sixteen children sit on top of a truck.,english,,53860844,2021-11-19,1,shishá asár yeladím yoshvím al masa'ít.,https://duolingo.hobune.stream/comment/53860844
,Sixteen swimsuits for two children is too many!,english,,21608864,2017-03-17,18,Why is this sentence not correct? שישה עשר בגדי ים זה יותר מדי בשביל שני ילדים.,https://duolingo.hobune.stream/comment/21608864
,Someone has my jewelry!,english,,16468046,2016-07-03,67,"It is my understanding that את is an object marker for a verb and in this sentence talks about the possession of something, you don't use את. Can someone please clarify this gramma",https://duolingo.hobune.stream/comment/16468046
,Sometimes the hero's servant is the hero himself.,english,,34254661,2019-09-24,11,לִפְעָמִים הַמְּשָׁרֵת שֶׁל הַגִּיבּוֹר הוּא הַגִּיבּוֹר בְּעַצְמוֹ,https://duolingo.hobune.stream/comment/34254661
,"Sorry, I am not selling my cat.",english,,17091453,2016-08-09,22,It's so nice that duolingo shows up new words during the reviewings just because,https://duolingo.hobune.stream/comment/17091453
,Speak to me nicely!,english,,48355184,2021-04-08,6,dabér elái yafeh,https://duolingo.hobune.stream/comment/48355184
,Stay at home.,english,,54864188,2021-12-29,2,""" הישאר להיא"" גם תצריכה להיות תשובה נכונה",https://duolingo.hobune.stream/comment/54864188
,Studies are a very important thing!,english,,17931216,2016-09-24,4,"it's curious that לימודים is plural (as shown both in itself and in the use of הם), but the rest of the sentence refers to ""studies"" in the singular as a דבר. The English is simila",https://duolingo.hobune.stream/comment/17931216
,Studying a language is an investment.,english,,42845071,2020-10-09,2,leemud safah hu hashka'ah,https://duolingo.hobune.stream/comment/42845071
,Take a shower immediately!,english,,51988901,2021-09-01,1,Hitqaleakh miyad!,https://duolingo.hobune.stream/comment/51988901
,Tasty water.,english,,16346001,2016-06-26,17,"So why is the adjective plural? Is the word for water plural already, because it's an uncountable quantity of something? I mean, because you can't count pieces of water.",https://duolingo.hobune.stream/comment/16346001
,Teach the baby to respond!,english,,55467754,2022-01-21,4,laméd et ha-tinók lehagív.,https://duolingo.hobune.stream/comment/55467754
,"Thank you, see you later.",english,,17758012,2016-09-16,25,"todá, lehitra'ót.",https://duolingo.hobune.stream/comment/17758012
,Thank you.,english,,24165285,2017-08-25,3,"thank you is todah rabbah, thanks is todah",https://duolingo.hobune.stream/comment/24165285
,That is a big download.,english,,52245884,2021-09-12,1,Zot horada gdola.,https://duolingo.hobune.stream/comment/52245884
,That is excellent content.,english,,48327132,2021-04-07,4,zeh tókhen metzuyán,https://duolingo.hobune.stream/comment/48327132
,That is illegal!,english,,52534241,2021-09-24,4,Does חוקי mean legal?,https://duolingo.hobune.stream/comment/52534241
,That is not how you speak to children.,english,,17769575,2016-09-16,49,"Hi, shouldn't it be ""לילדים"" instead of ""עם"" ? Thanks",https://duolingo.hobune.stream/comment/17769575
,That is not the right chord.,english,,56717605,2022-03-10,1,Ze lo ha-aqord ha-nakhon.,https://duolingo.hobune.stream/comment/56717605
,That is the most comfortable chair that I know!,english,,48447583,2021-04-11,6,"I selected ""זה הכיסא הכי נוח שאני מכיר"" and it was accepted, but the translation above uses ""הנוח ביותר"". Are both correct? I originally wanted to select translation above but went",https://duolingo.hobune.stream/comment/48447583
,The American Dollar is green.,english,,31540989,2019-04-01,3,Ha'dolar ha'amerikai hu yarok.,https://duolingo.hobune.stream/comment/31540989
,The Dome of the Rock is found on the Temple Mount.,english,,52712150,2021-10-05,1,kipát ha-séla nimtzét al har ha-báyit.,https://duolingo.hobune.stream/comment/52712150
,The Internet in Israel is fast.,english,,19322119,2016-11-28,5,לא נכון,https://duolingo.hobune.stream/comment/19322119
,The Knesset has one hundred and twenty Members of Knesset.,english,,28015386,2018-07-15,5,"""You have a typo, but we don't have the accurate answer for you to choose from""",https://duolingo.hobune.stream/comment/28015386
,The Knesset is the Israeli parliament.,english,,27131344,2018-05-01,2,Why not הפרלמנט של ישראל?,https://duolingo.hobune.stream/comment/27131344
,The Minister of Finance worked in a bank for twenty years.,english,,17226100,2016-08-17,9,I'd say שנה and not שנים,https://duolingo.hobune.stream/comment/17226100
,The Minister of Internal Affairs lied to the Minister of Foreign Affairs.,english,,23508625,2017-07-13,10,I guess we're learning to read Israeli headlines now.,https://duolingo.hobune.stream/comment/23508625
,The Minister of Justice orders an ice cream.,english,,24067949,2017-08-18,6,,https://duolingo.hobune.stream/comment/24067949
,The Minister of Justice wants to close down the courts.,english,,49650508,2021-05-25,0,,https://duolingo.hobune.stream/comment/49650508
,The Ministry of Defense recommends staying in Israel.,english,,34078445,2019-09-12,1,Misrad habitachon mamlitz lehisha'er be'yisrael.,https://duolingo.hobune.stream/comment/34078445
,The Ministry of Finance recommends helping the weak.,english,,43662655,2020-11-04,5,מה הבעיה עם *שר האוצר ממליץ עזרת החלשים*?,https://duolingo.hobune.stream/comment/43662655
,The Ministry of Foreign Affairs is on strike.,english,,17225896,2016-08-17,3,I've not seen נמצא used like this -- only too discuss a physical location before. Are there other circumstances where it can be used like this?,https://duolingo.hobune.stream/comment/17225896
,The Ministry of Justice is closed in the next two weeks.,english,,30494673,2019-01-23,6,"Shouldn't this be ""will be closed"" and יהיה סגור? Also, if the sentence means that the ministry will be closed from now until two weeks from now (as opposed to a permanent closure ",https://duolingo.hobune.stream/comment/30494673
,The Sea of Galilee is an important water source.,english,,52730297,2021-10-06,1,ha-kinéret hi mekór máyim chashúv.,https://duolingo.hobune.stream/comment/52730297
,The Western Wall was full of people.,english,,53714155,2021-11-14,4,"Hi, is there any particular reason why ""HaKotel"" on its own isn't an accepted answer? Pretty sure people know what I'm talking about if I say ""HaKotel"" instead of ""HaKotel HaMaarav",https://duolingo.hobune.stream/comment/53714155
,The actors are changing clothes.,english,,50269680,2021-06-20,4,Why is משנים not correct?,https://duolingo.hobune.stream/comment/50269680
,"The animals are beautiful, we are watching them.",english,,24555071,2017-09-22,28,ha-khayot yafot anakhnu tzofim (tzofot) bahen,https://duolingo.hobune.stream/comment/24555071
,The animals have questions.,english,,16631637,2016-07-13,16,I really like this sentence! :),https://duolingo.hobune.stream/comment/16631637
,The apple is sweet.,english,,21212818,2017-02-27,17,"According to Wikipedia, ""הוא"" can mean ""he/it"" or ""is"". So, ""התפוח הוא מתוק"" would mean: ""The apple, **it** is sweet"" or ""The apple **is** sweet"". - https://en.m.wiktionary.org/wik",https://duolingo.hobune.stream/comment/21212818
,The archer doesn't know what to do without his bow and arrow.,english,,25591930,2017-12-18,13,"Isn't the properly ordered translation of ""his bow and arrow"" הקשת והחץ שלו instead of החץ והקשת שלו? Or is חץ וקשת a phrase with a fixed conventional order in Hebrew in the same w",https://duolingo.hobune.stream/comment/25591930
,The archer is repairing his bow.,english,,32198704,2019-05-15,3,ha-kashát metakén et ha-késhet shelo,https://duolingo.hobune.stream/comment/32198704
,The architect loves the waitress.,english,,26562592,2018-03-12,13,ha-adrikhal ohev et ha-meltzarit,https://duolingo.hobune.stream/comment/26562592
,The architect measures the angle of the triangle.,english,,18173530,2016-10-07,5,הארכיטקט מודד את הזווית של המשולש.,https://duolingo.hobune.stream/comment/18173530
,The architect will approve this house.,english,,51160898,2021-07-30,1,Ha-adrikhal ye’asher et ha-bayit haze.,https://duolingo.hobune.stream/comment/51160898
,The armor will not help you without a helmet.,english,,34398958,2019-10-04,2,Ha'shiryon lo ya'azor lecha bli kasda.,https://duolingo.hobune.stream/comment/34398958
,The army and the police are part of the Ministry of Defense.,english,,23066050,2017-06-13,6,Why is it חלק ממשרד and not חלק של משרד ?,https://duolingo.hobune.stream/comment/23066050
,The army goes out to war.,english,,27108611,2018-04-29,6,במדינת הגמדים רעש מהומה הצבא לבוש מדים יוצא למלחמה! ובראש הגדוד צועד אצבעוני המפקד הוא חבוש כובע פלדה ובידו סיכה חדה https://www.youtube.com/watch?v=2YGlteFSEhw,https://duolingo.hobune.stream/comment/27108611
,The artist goes to the cinema every week.,english,,30489512,2019-01-22,2,Audio,https://duolingo.hobune.stream/comment/30489512
,The audience does not like the new gallery.,english,,51341659,2021-08-06,1,Ha-qahal lo ohev et ha-galera ha-khadasha.,https://duolingo.hobune.stream/comment/51341659
,The authors are sitting and working.,english,,30144410,2018-12-27,8,ha-sofrot yoshvot ve-ovdot,https://duolingo.hobune.stream/comment/30144410
,The bad man fell into the water and drowned.,english,,16303008,2016-06-24,4,האיש הרע נפל לתוך המים וטבע should be acceptable,https://duolingo.hobune.stream/comment/16303008
,The bear finds a carrot and sings with it.,english,,17339882,2016-08-24,17,"Finally, I learn how to say this indispensable phrase! Now I'm truly ready to make aliyah. Thanks, Duolingo!",https://duolingo.hobune.stream/comment/17339882
,The bears are free and they know where we are!,english,,16503461,2016-07-05,14,"Why איפה אנחנו is enough in this case? I'd have written איפה שאנחנו, would it be right?",https://duolingo.hobune.stream/comment/16503461
,The beautiful shirts of the children are too small for them.,english,,16415854,2016-06-30,29,"I used ""קטנות מדי"" instead of ""יותר מדי קטנות"" and it was marked wrong. Any reason that shouldn't be correct?",https://duolingo.hobune.stream/comment/16415854
,The birds are singing.,english,,16707228,2016-07-17,10,Why is the form of singing plural female if the plural of birds is male? Shouldn't it be הציפורים שרים?,https://duolingo.hobune.stream/comment/16707228
,The boss wants to see all the versions.,english,,29177451,2018-10-08,3,What is the problem with using feminine? הבוסית רוצה לראות את כל הגרסאות. My version was not accepted:(,https://duolingo.hobune.stream/comment/29177451
,The boy drinks from the water bottle.,english,,48100336,2021-03-29,2,Ha-yeled shote mi-baqbuq ha-mayim.,https://duolingo.hobune.stream/comment/48100336
,The boy finished the food and left the table.,english,,49689942,2021-05-26,1,Ha ieled siam et ha okhel ve azav et ha shulkhan,https://duolingo.hobune.stream/comment/49689942
,The boy is bad.,english,,16269546,2016-06-22,20,heyeled ra,https://duolingo.hobune.stream/comment/16269546
,The boy is drinking water.,english,,17495231,2016-09-02,11,What do three dots under ת mean?,https://duolingo.hobune.stream/comment/17495231
,The boy is reading about them.,english,,50291676,2021-06-21,5,ha-yéled koré aléihen.,https://duolingo.hobune.stream/comment/50291676
,The boy is stronger than the girl.,english,,19705590,2016-12-15,34,why not חזק יותר?,https://duolingo.hobune.stream/comment/19705590
,The boy played with his sister in the park.,english,,54447806,2021-12-12,2,Ha-yeled sikheq im akhoto ba-parq.,https://duolingo.hobune.stream/comment/54447806
,The brown cow likes to drink water.,english,,50161971,2021-06-16,0,,https://duolingo.hobune.stream/comment/50161971
,The brown ducks eat pink fish.,english,,24953165,2017-10-25,23,ha-barvazim ha-khumim okhlim dagim vrudim,https://duolingo.hobune.stream/comment/24953165
,The campaign against me lost control!,english,,51459861,2021-08-11,3,Does this mean that the campaign against me is no longer a threat? Or that it's an even bigger threat?,https://duolingo.hobune.stream/comment/51459861
,The cat appreciates the milk that I give her.,english,,16515061,2016-07-06,26,report: I wrote נותנת and it said it was a typo. It wasn't,https://duolingo.hobune.stream/comment/16515061
,The cat touches a snake.,english,,16931419,2016-07-31,9,"Bad idea, kitty cat.",https://duolingo.hobune.stream/comment/16931419
,The cat wants the sandwich from you.,english,,18731042,2016-11-01,13,"Is it wrong to put ""ממך"" at the end of the sentence instead of the middle?",https://duolingo.hobune.stream/comment/18731042
,"The cats eat the small gray mice, even though they feel sorry for them.",english,,19849868,2016-12-23,27,"Why does ""the small grey mice"" translate to ""העכברים הקטנים והאפורים""? By that I mean, why does ""והאפורים"" need the ""ו""? I wrote ""העכברים הקטנים האפורים"", and was marked with a typ",https://duolingo.hobune.stream/comment/19849868
,The chickens are behind the monkeys.,english,,24965567,2017-10-26,27,is התרנגולות מאחורי הקופים wrong? why do you need הן or נמצאות,https://duolingo.hobune.stream/comment/24965567
,The chief engineer is thinking to change the plan.,english,,52505473,2021-09-23,7,ha-mehandéset ha-rashít khoshévet leshanót et ha-tokhnít,https://duolingo.hobune.stream/comment/52505473
,The children find the candies next to you.,english,,16258805,2016-06-22,20,"I am using the app on my phone so i can't add vowels. Why does it matter which לך is used when it is asking for the word ""to you""?",https://duolingo.hobune.stream/comment/16258805
,The children watch the water.,english,,19314524,2016-11-28,12,"As a native Hebrew speaker, צופים in this case is a bizarre use of the word. I would not use this as part of the placement test as most native speakers would NOT say it this way.",https://duolingo.hobune.stream/comment/19314524
,The cook is opening his new restaurants.,english,,26228732,2018-02-09,16,ha-tabakh poteakh et meesadotav ha-khadashot,https://duolingo.hobune.stream/comment/26228732
,The cook says that the soup is getting hot.,english,,53845653,2021-11-18,4,ha-tabách omér she-ha-marák mitchamém.,https://duolingo.hobune.stream/comment/53845653
,The country does not need more leaders.,english,,35521064,2019-12-11,4,hamediná lo tzrichá od manhigím,https://duolingo.hobune.stream/comment/35521064
,The cow is wearing fifteen scarves.,english,,26419763,2018-02-26,8,ha-parah lovéshet khamishah asár tzeifim,https://duolingo.hobune.stream/comment/26419763
,The crowd needs to know the truth!,english,,56696450,2022-03-09,3,Ha-qahal tsarikh lada’at et ha-emet!,https://duolingo.hobune.stream/comment/56696450
,The cup is more important to us than the league.,english,,32078892,2019-05-07,7,How come that Chashuv Yoter can/must be interrupted with the object Lanu?,https://duolingo.hobune.stream/comment/32078892
,The dad eats a peach.,english,,16440536,2016-07-01,13,"Oh, I just noticed that the word for ""peach"" seems related to the Greek and Latin names too (melon persikon / malum persicum).",https://duolingo.hobune.stream/comment/16440536
,The dad is coming.,english,,17426962,2016-08-29,97,Does Hebrew get easier on Duolingo as you go? It's awfully difficult with no pronunciation available on a lot of the words. I'm not sure there is enough repetition of pronunciation,https://duolingo.hobune.stream/comment/17426962
,The dad likes milk.,english,,17595881,2016-09-07,4,ha-aba ohév khaláv,https://duolingo.hobune.stream/comment/17595881
,The dad or the mom?,english,,18373186,2016-10-16,20,i would really appreciate more audio support in the hebrew course (e.g. audio on click of the word). Had that in the japanese course and it makes learning so much easier. word bank,https://duolingo.hobune.stream/comment/18373186
,The dad.,english,,17437905,2016-08-30,57,Where is the prononcation :/,https://duolingo.hobune.stream/comment/17437905
,The debate is over.,english,,35554784,2019-12-13,2,"So עימות is a masculine noun formed from a *binyan pi'el* verb, like ביקור -- not the usual sort of feminine noun that ends in -ut like הסתדרות, אמנות, זכות, etc?",https://duolingo.hobune.stream/comment/35554784
,The doctor has a boy and a girl.,english,,16775195,2016-07-21,31,"I understand that a son and a daughter are a boy and a girl, but it should not be wrong if one writes only the literal translation.",https://duolingo.hobune.stream/comment/16775195
,The doctor's children want cake.,english,,16251546,2016-06-21,156,עושה??? זה עוגה,https://duolingo.hobune.stream/comment/16251546
,The dog barks every time he hears the bell.,english,,52474298,2021-09-21,3,"Why not זמן ? Are פעם and זמן ever interchangeable? And if not in this case, does anyone know why? Thanks.",https://duolingo.hobune.stream/comment/52474298
,The dove does not like hot bread.,english,,16866440,2016-07-27,71,How do I know which are the vocals in Hebrew?,https://duolingo.hobune.stream/comment/16866440
,The dove likes wine.,english,,16269669,2016-06-22,78,What is the pronunciation of יין?,https://duolingo.hobune.stream/comment/16269669
,The duck and the drake.,english,,19878548,2016-12-24,68,Whats a drake?,https://duolingo.hobune.stream/comment/19878548
,The duck swims underneath me.,english,,19642383,2016-12-12,13,ha-barvaz sokheh meetakhtai,https://duolingo.hobune.stream/comment/19642383
,The egg has a strange taste.,english,,51170616,2021-07-30,1,yesh la-beitzá tá'am muzár.,https://duolingo.hobune.stream/comment/51170616
,"The eggs are tasty, I want to eat them.",english,,17314766,2016-08-22,22,Just a little note to everyone who is not a native speaker...the adjective never lies! It is your friend and not your enemy. There are lots of nouns in Hebrew that are not always t,https://duolingo.hobune.stream/comment/17314766
,The elephant sees an elephant.,english,,17660286,2016-09-11,18,still a better love story than twilight,https://duolingo.hobune.stream/comment/17660286
,The engineer and the architect hate one another.,english,,20861447,2017-02-12,33,As someone who was studying to become a civil engineer this sentence is close to my heart. I used to explain what a civil engineer does by saying that the architect comes up with h,https://duolingo.hobune.stream/comment/20861447
,The famous city hall building is up for sale.,english,,38623732,2020-05-12,6,I assume this is OK even though DL counted it wrong? בניין העירייה המפורסם הוא עומד למכירה,https://duolingo.hobune.stream/comment/38623732
,The feast will begin in half an hour.,english,,28158633,2018-07-25,4,Hamishte yatchil be'od chatzi sha'a.,https://duolingo.hobune.stream/comment/28158633
,The fifteenth century.,english,,21543775,2017-03-14,7,"After all this time, I can finally find the Hebrew letters without having to think too hard about it. But the hyphen, I just couldn't find. It's in the exact same spot as on the En",https://duolingo.hobune.stream/comment/21543775
,The future is not far.,english,,51731133,2021-08-22,1,He-atid lo rakhoq.,https://duolingo.hobune.stream/comment/51731133
,The girl ate all of our apples.,english,,35659894,2019-12-20,2,Auido...,https://duolingo.hobune.stream/comment/35659894
,The girl doesn't go anywhere without her teddy bear.,english,,47553699,2021-03-11,4,ha-yaldah lo holékhet le-shum makóm bli ha-dubón shelah,https://duolingo.hobune.stream/comment/47553699
,The girl is eating bread.,english,,19180819,2016-11-21,8,Pronounciation: Hayalda oCHelet laCHem,https://duolingo.hobune.stream/comment/19180819
,The girl sees a nut.,english,,16270126,2016-06-22,43,Hayaldah roah egoz,https://duolingo.hobune.stream/comment/16270126
,The girl sees a way.,english,,16266761,2016-06-22,32,What is the transliteration of דרך,https://duolingo.hobune.stream/comment/16266761
,The girl wears socks.,english,,17822582,2016-09-19,9,Ha isha gorevet garbaim,https://duolingo.hobune.stream/comment/17822582
,The girls are walking next to her.,english,,50509220,2021-07-01,5,"The word 'לידה' can also mean 'birth', the only difference between them is the pronunciation. לידה as in birth would be pronounced 'leida', and לידה as in next to her would be pron",https://duolingo.hobune.stream/comment/50509220
,The girls give cake to all the kids.,english,,16548615,2016-07-08,68,could you use נותן in place of מכבד?,https://duolingo.hobune.stream/comment/16548615
,The goalkeeper stops the penalty kick.,english,,55962122,2022-02-09,1,Ha-sho’er otser et ha-pendel.,https://duolingo.hobune.stream/comment/55962122
,The government is proposing a new tax.,english,,40364265,2020-07-13,1,ha-memshalah matziah mas khadash,https://duolingo.hobune.stream/comment/40364265
,The government tried to prevent the strike at the last moment.,english,,49563809,2021-05-22,1,This is a strike like when teachers go *on strike.*,https://duolingo.hobune.stream/comment/49563809
,The government's budget is high because of the budget of the army.,english,,34076134,2019-09-12,6,Ha'taktziv shel ha-memshala gavoa biglal ha'taktziv shel ha'tzava.,https://duolingo.hobune.stream/comment/34076134
,The grass is greener on the other side.,english,,19610749,2016-12-11,12,I am pretty sure that יותר ירוק is as correct as ירוק יותר...,https://duolingo.hobune.stream/comment/19610749
,The green owl likes to learn.,english,,21947870,2017-04-04,8,I figured it out! Dou. loves to learn!,https://duolingo.hobune.stream/comment/21947870
,The grocery store sells food.,english,,48610380,2021-04-17,1,Ha'makolet mocheret ochel.,https://duolingo.hobune.stream/comment/48610380
,The humans are looking at us.,english,,28222236,2018-07-29,6,What is the difference between מסתכל and צופה? Could we say בני האדם צופים בנו,https://duolingo.hobune.stream/comment/28222236
,The insurance ends at the end of next month.,english,,25237306,2017-11-17,4,"Could one say מסתיים instead of נגמר for ""ends""? If not, what is the difference in meaning between these verbs?",https://duolingo.hobune.stream/comment/25237306
,The international violinist came for a visit to Israel.,english,,49825792,2021-06-01,1,Ha-kanar ha-bein le-umi ba le-biqur be-israel.,https://duolingo.hobune.stream/comment/49825792
,The investment is turning into a debt.,english,,38394184,2020-05-05,2,ha-hashka'ah hofekhet le-khov,https://duolingo.hobune.stream/comment/38394184
,The judge continues talking about their crimes.,english,,33678283,2019-08-18,2,Ha'shofetet mamshicha ledaber al hapsha'im shelahem.,https://duolingo.hobune.stream/comment/33678283
,The judge uses this strategy in the elections.,english,,44433456,2020-12-02,3,השופט משתמש באסטרטגיה הזאת בבחירות Why noe את האסטרגיה,https://duolingo.hobune.stream/comment/44433456
,The judges are not allowed to accept gifts because that is like a bribe.,english,,42616239,2020-10-01,4,Natives: Is there something wrong with this: השופטים אינם מותרים לקבל מתנות כי זה כשוחד. It was rejected. Many thanks!,https://duolingo.hobune.stream/comment/42616239
,The king walks through water.,english,,18256292,2016-10-11,14,The sentence sounds very biblical,https://duolingo.hobune.stream/comment/18256292
,The knight is bringing his horse to the feast.,english,,35695342,2019-12-23,1,ha-abir mevi et ha-sus shelo la-meeshteh,https://duolingo.hobune.stream/comment/35695342
,The leaders ignore the strike.,english,,32169121,2019-05-14,5,sound,https://duolingo.hobune.stream/comment/32169121
,The leading actor wants a cup of water.,english,,48270739,2021-04-05,3,ha-sakhkán ha-rashí rotzeh cos máim,https://duolingo.hobune.stream/comment/48270739
,The legend tells of a dragon who lives in a palace.,english,,18335707,2016-10-14,10,Ha'agada mesaperet al drakon she'gar be'armon.,https://duolingo.hobune.stream/comment/18335707
,The letter wasn't sent.,english,,49263222,2021-05-12,1,ha-meekhtáv lo neeshlákh,https://duolingo.hobune.stream/comment/49263222
,The lions are beautiful.,english,,16664047,2016-07-14,12,Is there a rule as to when we use masculine-ending(ים) adjectives with feminine-ending(ות) nouns and vice versa?,https://duolingo.hobune.stream/comment/16664047
,The lunch is so big.,english,,17915806,2016-09-23,29,?ארוחת הצהריים היא גדולה כל כך is incorrect,https://duolingo.hobune.stream/comment/17915806
,The machine has an engine.,english,,24759659,2017-10-08,2,Why not יש מנוע למכונה,https://duolingo.hobune.stream/comment/24759659
,The magician disappeared and didn't return.,english,,38513608,2020-05-09,7,.,https://duolingo.hobune.stream/comment/38513608
,The magician is going to buy a new wand.,english,,47714706,2021-03-16,3,"I think that this item is ambiguous. It could mean that the magician is walking, on his way to purchase a new wand. Or it could mean that he will buy a new wand, that he is about t",https://duolingo.hobune.stream/comment/47714706
,The man is eating a beautiful orange.,english,,16253446,2016-06-21,53,"Why האיש? What does it mean? It looks like האישה which would mean 'the woman', not 'the man', not?",https://duolingo.hobune.stream/comment/16253446
,The man sends the letter.,english,,16299521,2016-06-24,5,"למה לא ""האיש שולח"" וכו ?",https://duolingo.hobune.stream/comment/16299521
,The mayor receives threats every day.,english,,56553210,2022-03-03,1,Rosh ha-ir meqabel iyumim kol yom.,https://duolingo.hobune.stream/comment/56553210
,The mayor will come to our school.,english,,51356446,2021-08-07,4,"למה ""העיר"" vs ""הראש העיר"" ?",https://duolingo.hobune.stream/comment/51356446
,The medication is not suitable for heart patients.,english,,18699174,2016-10-30,9,Ha'trufa lo mat'ima le'choli lev.,https://duolingo.hobune.stream/comment/18699174
,The medics from Magen David Adom know how to perform CPR.,english,,26398118,2018-02-24,20,Wouldn't the infinitive לבצע be correct to use instead of the participle מבצעים?,https://duolingo.hobune.stream/comment/26398118
,The men sell us eighteen pairs of glasses.,english,,23787540,2017-07-31,25,Shouldn't זוגות be necessarily present for us to be able to consider the translation correct ? or is זוגות not necessary at all ?,https://duolingo.hobune.stream/comment/23787540
,The mom is coming.,english,,17470011,2016-08-31,72,"How is anyone else doing the part that says ""write in hebrew?"" I don't have a hebrew keyboard...",https://duolingo.hobune.stream/comment/17470011
,The mom or the dad?,english,,16304322,2016-06-24,22,"how about teaching the alphabet first? Like this is an ""a"" it says ""ah."" or something like that.",https://duolingo.hobune.stream/comment/16304322
,The monkeys are against you.,english,,33477412,2019-08-05,6,ha-kofim negdékh (f) / negdekhá (m),https://duolingo.hobune.stream/comment/33477412
,The motel was very dirty.,english,,51380077,2021-08-08,3,Ha-melonit hayta melukhlekhet me’od.,https://duolingo.hobune.stream/comment/51380077
,The neighbors come to our house every day.,english,,19374347,2016-11-30,14,"I was marked wrong for writing לבית שלנו. Any Israeli would accept that, no?",https://duolingo.hobune.stream/comment/19374347
,The nose is in the center of the face.,english,,49122341,2021-05-06,4,של הפנים is what you talk usually but הפנים is more grammartikly,https://duolingo.hobune.stream/comment/49122341
,The olives are tasty!,english,,25887548,2018-01-14,27,ha zeitim teimim,https://duolingo.hobune.stream/comment/25887548
,The orange is not sweet.,english,,16481069,2016-07-04,20,"Because kaf is almost never used at the end of a word, and rarely to make the k sound in modern hebrew. Kuf is much more common. Also, because the root for this word is מ.ת.ק. Usin",https://duolingo.hobune.stream/comment/16481069
,The owl likes teaching languages.,english,,33551354,2019-08-09,10,What is the difference between ללמד and ללמוד?,https://duolingo.hobune.stream/comment/33551354
,The palace is on the hill.,english,,50745882,2021-07-12,2,Ha-armon nimtsa al ha-giv’a.,https://duolingo.hobune.stream/comment/50745882
,The pitch is full of fans.,english,,23196578,2017-06-22,6,"I don't even know what this means in English, let alone in Hebrew. The pitch? Is this a cricket term?",https://duolingo.hobune.stream/comment/23196578
,The police officer jumped over the wall.,english,,25158183,2017-11-10,9,"Could somebody explain why there are two prepositions before חומה? I know what מעל and ל mean, but what is מעל ל? (FWIW, DL accepts מעל החומה, but I'd still like to understand the ",https://duolingo.hobune.stream/comment/25158183
,The police officers want to stop him.,english,,53923424,2021-11-21,2,ha-shotrím rotzím la'atzór otó.,https://duolingo.hobune.stream/comment/53923424
,The president will not agree to this proposal.,english,,51410902,2021-08-09,1,Ha-nasi lo yaskim la-hatsa’a hazot.,https://duolingo.hobune.stream/comment/51410902
,The price of the car is too cheap.,english,,24313227,2017-09-05,11,"I wrote ""מחיר המכונית זול מדי"", which is correct (using construct state), but it wasn't accepted. Reported.",https://duolingo.hobune.stream/comment/24313227
,The princess and the prince are a couple from the fairy tales.,english,,32916198,2019-07-01,1,Ha'nesicha ve'ha-nasich hem zug me'ha-agadot.,https://duolingo.hobune.stream/comment/32916198
,The princess stole his bow.,english,,23916734,2017-08-09,4,"There is no ""his"" among the hebrew words, only ""him"".",https://duolingo.hobune.stream/comment/23916734
,The puppy and the kitten are sleeping together.,english,,49296369,2021-05-13,2,What do you call a female puppy?,https://duolingo.hobune.stream/comment/49296369
,The queen is running away from the kingdom.,english,,44904977,2020-12-17,1,ha-malcah borákhat m-ha-mamlakhah,https://duolingo.hobune.stream/comment/44904977
,The room is filled with a million candies.,english,,17538976,2016-09-04,3,למה לא מלא?,https://duolingo.hobune.stream/comment/17538976
,The sale started an hour ago.,english,,22208916,2017-04-18,3,החלה = התחילה אני חושבת שגם זו תשובה שצריכה להתקבל.,https://duolingo.hobune.stream/comment/22208916
,The secretary is jealous of his boss.,english,,29636889,2018-11-14,17,ha-mazkir mekane ba-bos shelo,https://duolingo.hobune.stream/comment/29636889
,The short dogs are eating cats.,english,,16576375,2016-07-09,48,I thought you could use קצרים as short. Is that incorrect?,https://duolingo.hobune.stream/comment/16576375
,The shy girls are entering the restaurant.,english,,49352746,2021-05-14,1,ha-yeladot ha-baishaniot neekhnasot la-meesadah,https://duolingo.hobune.stream/comment/49352746
,The skirts.,english,,24941809,2017-10-24,10,ha khatzayot,https://duolingo.hobune.stream/comment/24941809
,The slow dog.,english,,22684276,2017-05-19,13,ha-kelev ha-ití,https://duolingo.hobune.stream/comment/22684276
,The snake is not slow.,english,,17561048,2016-09-06,7,ha-nakhásh hu lo ití,https://duolingo.hobune.stream/comment/17561048
,The soldier is in a state of shock.,english,,28325018,2018-08-05,20,"I think this sentence would be better without נמצאת, which is normally used for an actual location. Since a State of Shock is not a physical location, I would think ב is sufficient",https://duolingo.hobune.stream/comment/28325018
,The soldier is in the watchtower.,english,,26150034,2018-02-03,4,Would הוא work in place of נמצא?,https://duolingo.hobune.stream/comment/26150034
,The soldier receives an order.,english,,48244868,2021-04-03,1,Hakhayal mekabel pkuda,https://duolingo.hobune.stream/comment/48244868
,The source of their identity is in Africa.,english,,26381860,2018-02-23,10,"DL is insisting on מקור הזהות rather than המקור של הזהות. Is that accurate, or are both forms acceptable?",https://duolingo.hobune.stream/comment/26381860
,The spell is going to cause him to cry when he sees water.,english,,39885173,2020-06-26,14,"Is יגרום לו incorrect, instead of the usage they used?",https://duolingo.hobune.stream/comment/39885173
,The storm is coming.,english,,16915603,2016-07-30,11,These mysterious synonyms just keep popping up out of nowhere.,https://duolingo.hobune.stream/comment/16915603
,The strawberry and peach are near the banana.,english,,25237720,2017-11-17,53,"the sentence is and peach, not and the peach. shouldn't it be ואפרסק",https://duolingo.hobune.stream/comment/25237720
,The student needs to study Hebrew today.,english,,17653180,2016-09-11,4,I have a quick question. Please can you tell me why do we say ללמוד היום עברית and not ללמוד עברית היום ?,https://duolingo.hobune.stream/comment/17653180
,The student wants to learn a profession.,english,,29163495,2018-10-07,5,ha-talmidah rotzah leelmód meektzóa,https://duolingo.hobune.stream/comment/29163495
,The students will not come to class today.,english,,25572332,2017-12-16,7,Shouldn't it accept יבואו in place of יגיעו?,https://duolingo.hobune.stream/comment/25572332
,The team is my life.,english,,54075998,2021-11-27,4,I wrote הצוות היא החיים שלי and was marked wrong. Is this because צוות is the wrong kind of “team” when we’re talking about sports?,https://duolingo.hobune.stream/comment/54075998
,The teenager won't do it because he is tired.,english,,24360473,2017-09-08,2,what is wrong with בגלל ש,https://duolingo.hobune.stream/comment/24360473
,The thesis answers many questions.,english,,51466140,2021-08-11,1,Ha-teza ona al she’elot rabot.,https://duolingo.hobune.stream/comment/51466140
,The third or fourth window?,english,,50293661,2021-06-21,4,Wasnt חלון feminine? Im so confused rn,https://duolingo.hobune.stream/comment/50293661
,The tiny puppy is barking.,english,,31222312,2019-03-11,5,Ha-klav'lav ha-ktan'tan noveach.,https://duolingo.hobune.stream/comment/31222312
,The tourists complained because they are Israelis.,english,,19320754,2016-11-28,10,"Ha'tayarut hitlonenu ki hen¹ yisraeliyot¹. ¹ Fem, plural. (Masc., plural: hem, yisraelim).",https://duolingo.hobune.stream/comment/19320754
,The two Members of Knesset are coming to a debate.,english,,30093540,2018-12-21,4,"What is the difference between עימות and ויכוח? The hover hints give both as translations for ""debate"", but the exercise only accepts עימות.",https://duolingo.hobune.stream/comment/30093540
,The valley is full of strange creatures.,english,,37088221,2020-03-16,1,Ha-emeq male be-yetsurim muzarim.,https://duolingo.hobune.stream/comment/37088221
,The vocabulary of this course is boring!,english,,34923288,2019-11-06,4,"I can't agree. Sometimes it's really weird, but it's not boring at all. )))",https://duolingo.hobune.stream/comment/34923288
,The waiters are holding the menus.,english,,54550225,2021-12-16,2,Ha-meltsarim makhaziqim et ha-tafritim.,https://duolingo.hobune.stream/comment/54550225
,The warriors need armor!,english,,34398854,2019-10-04,4,Ha'lochamim tzrichim shiryon!,https://duolingo.hobune.stream/comment/34398854
,The werewolves appear when there is a full moon.,english,,25517059,2017-12-11,10,Anshei ha-ze'ev mofi'im kshe'yesh yerach male.,https://duolingo.hobune.stream/comment/25517059
,The wines are tasty.,english,,16666905,2016-07-14,34,"I have fallen for the word ending so many times now... ""היינות... ah, that must be feminine!""",https://duolingo.hobune.stream/comment/16666905
,The witch's curses don't work.,english,,31894004,2019-04-25,3,"Shouldn't ""קללות המכשפה"" be acceptable as an alternative to ""הקללות של המכשפה""?",https://duolingo.hobune.stream/comment/31894004
,The wizard is preparing a potion with a donkey's tail.,english,,37704782,2020-04-12,3,duolingo rejected קוסם for Wizard. is that correct?,https://duolingo.hobune.stream/comment/37704782
,The wizard teaches the teenager a new spell.,english,,24369558,2017-09-08,9,What's wrong with קוסם instead of מכשף here?,https://duolingo.hobune.stream/comment/24369558
,The woman goes to the court.,english,,18326162,2016-10-13,4,ha-ishah holekhet l-beit ha-meeshpat,https://duolingo.hobune.stream/comment/18326162
,The woman wants bread.,english,,17609035,2016-09-08,8,Ha-isha rotsa lekhem.,https://duolingo.hobune.stream/comment/17609035
,Their bedding is not clean.,english,,49644711,2021-05-25,1,Ha-matsaim shelahem lo neqiyim.,https://duolingo.hobune.stream/comment/49644711
,Their candies are tasty.,english,,23221518,2017-06-23,11,ha mamtakim shelahem teimim,https://duolingo.hobune.stream/comment/23221518
,Their husbands stand behind the restaurant.,english,,25349469,2017-11-27,18,שלהם SHOULD ALSO BE ACCEPTED SINCE GAY MARRIAGES EXIST.,https://duolingo.hobune.stream/comment/25349469
,Their jewelry is beautiful.,english,,18777125,2016-11-02,28,"is the root for תכשיטים כשט? If not, can someone tell me what the root is? If yes, what is the meaning of the root? I can't seem to find anything that makes sense... Thanks!",https://duolingo.hobune.stream/comment/18777125
,Their safety is important to me.,english,,30626201,2019-01-31,13,"What's wrong about inserting היא? הבטחות שלהם היא חשובה לי. Sometimes I do not 'repeat' the pronoun and it's marked wrong without it, now it's marked wrong with... I'm confused. Is",https://duolingo.hobune.stream/comment/30626201
,Their searches don't help us.,english,,55377005,2022-01-18,5,"the ""hint"" given when you click on 'search' is מחפש-- this is refused in the exercise however, where we are told to write חיפוש",https://duolingo.hobune.stream/comment/55377005
,Their synagogues are big and pretty.,english,,31780863,2019-04-17,1,batei ha-cneset shelahem gdolim ve-yafim,https://duolingo.hobune.stream/comment/31780863
,There are flies above the cows.,english,,17797173,2016-09-18,9,Pronounciation?,https://duolingo.hobune.stream/comment/17797173
,"There are hundreds here, if not thousands!",english,,30537570,2019-01-25,9,יש מאות כאן... Was not accepted. It required יש כאן מאות... That seems incorrect.,https://duolingo.hobune.stream/comment/30537570
,There are no more superheroes in the world.,english,,30392525,2019-01-16,12,"Can you say עוד rather than כבר? I thought כבר suggested a time sequence (e.g. we used to have superheroes, but they don't exist anymore) as opposed to mere absence (there are none",https://duolingo.hobune.stream/comment/30392525
,There is hail and rain outside.,english,,51942561,2021-08-30,5,Yesh barad ve-geshem bakhuts.,https://duolingo.hobune.stream/comment/51942561
,There is no such thing as no such thing.,english,,16549813,2016-07-08,49,"I don't quite understand the Hebrew translation. I gather that דבר כזה translates to ""such thing"". But it seems the ""as"" is not translated.",https://duolingo.hobune.stream/comment/16549813
,There is not a decision regarding it.,english,,17124051,2016-08-11,16,"Why not ""לגבי זה""?",https://duolingo.hobune.stream/comment/17124051
,There is pepper inside it.,english,,16484281,2016-07-04,15,"Yesh betokha pilpel. On the previous page, Yesh pilpel betokho was given as the correct translation.",https://duolingo.hobune.stream/comment/16484281
,There isn't enough food in the country because of the king's feasts.,english,,26575406,2018-03-13,14,"What about the word order? I wrote אין מספיק אוכל במדינה... and it was marked wrong. Doesn't really convince me, though.",https://duolingo.hobune.stream/comment/26575406
,These are mine and her bedrooms.,english,,29981302,2018-12-12,35,"This is unnatural English. We would usually say ""These bedrooms are mine and hers.""",https://duolingo.hobune.stream/comment/29981302
,These are the bodyguards of the Prime Minister.,english,,55715605,2022-01-30,1,Ele shomrei ha-rosh shel rosh ha-memshala.,https://duolingo.hobune.stream/comment/55715605
,These are the guest room windows.,english,,26260303,2018-02-11,9,Why is הם needed here? Isn't אלה חלונות חדר האורחים already unambiguous?,https://duolingo.hobune.stream/comment/26260303
,These are the scissors of the student.,english,,50325519,2021-06-23,5,"So awkward... should be ""These are the student's scissors""",https://duolingo.hobune.stream/comment/50325519
,They are a threat to the country.,english,,28903191,2018-09-17,14,sound?,https://duolingo.hobune.stream/comment/28903191
,They are answering me.,english,,16495498,2016-07-05,14,"sorry, but הם עונות לי can't be right.",https://duolingo.hobune.stream/comment/16495498
,They are beautiful.,english,,17377647,2016-08-26,8,hen yafot / hem yafim,https://duolingo.hobune.stream/comment/17377647
,They are becoming dogs.,english,,25228444,2017-11-16,16,hem hofkhim le-khlavim hen hofkhot le-khlavot also commonly pronounced clavim and calbot,https://duolingo.hobune.stream/comment/25228444
,They are both cooking on Friday.,english,,27787386,2018-06-27,6,לכבוד שבת קודש!,https://duolingo.hobune.stream/comment/27787386
,They are cutting carrots among the horses and giving them to them.,english,,28210742,2018-07-28,34,What's wrong with the sentence הם חותכים גזרים בין הסוסים ונותנים אותם להם? Why does להם have to go in front of אותם?,https://duolingo.hobune.stream/comment/28210742
,They are discovering an ancient cave.,english,,52314819,2021-09-15,1,Hem megalim me’ara atiqa.,https://duolingo.hobune.stream/comment/52314819
,They are five people but they have six opinions.,english,,17366566,2016-08-25,4,"The original joke is ""Two Jews, three opinions"". Another one is ""Even if there is only one Jew in the town, there will be 2 synagogues so he could go to the second synagogue if som",https://duolingo.hobune.stream/comment/17366566
,They are in Greece.,english,,56851805,2022-03-15,1,Hen nimtsa’ot be-yavan.,https://duolingo.hobune.stream/comment/56851805
,They are looking for the city center.,english,,51018546,2021-07-24,6,hem mechapsím et merkáz ha-ir.,https://duolingo.hobune.stream/comment/51018546
,They are men.,english,,25507322,2017-12-10,18,is that a bet or a vet in the word men,https://duolingo.hobune.stream/comment/25507322
,They are not considering this.,english,,17639945,2016-09-10,14,Hem lo shoklim et ze,https://duolingo.hobune.stream/comment/17639945
,They are not sad.,english,,23039219,2017-06-12,16,hen lo atzuvot,https://duolingo.hobune.stream/comment/23039219
,They are tasty.,english,,18065688,2016-10-02,16,Why is טעים not correct?,https://duolingo.hobune.stream/comment/18065688
,They are the King and Queen of England.,english,,50907205,2021-07-19,2,hem ha-mélech ve-ha-malká shel ángliya.,https://duolingo.hobune.stream/comment/50907205
,They are the most important economies in the world.,english,,31207730,2019-03-09,5,"What is wrong with "" הן הכלכלות הכי חשובות שבעולם ""?",https://duolingo.hobune.stream/comment/31207730
,They are wearing shoes with socks.,english,,16665340,2016-07-14,18,hem noalim na'aláim eem garbáim,https://duolingo.hobune.stream/comment/16665340
,They both want to use you.,english,,23420089,2017-07-08,5,"Because it is saying they both, i translated to hem shneyhem... But it gave me wrong and said shneyhem only. But if that was the case, shouldnt it have been both of them instead of",https://duolingo.hobune.stream/comment/23420089
,They do not like this topic.,english,,52908007,2021-10-14,1,Hem lo ohavim et ha-nose haze.,https://duolingo.hobune.stream/comment/52908007
,"They do not want to die, they are just stupid girls.",english,,32662797,2019-06-15,2,Why not מטומטמות,https://duolingo.hobune.stream/comment/32662797
,They have a lot of pens.,english,,50923023,2021-07-20,1,Yesh lahem harbe etim.,https://duolingo.hobune.stream/comment/50923023
,They have a pot.,english,,19535586,2016-12-07,10,yesh lahem / lahen sir,https://duolingo.hobune.stream/comment/19535586
,They have in the bag special weapons.,english,,28482788,2018-08-17,11,"""They have special weapons in the bag."" Yes. ""In the bag, they have special weapons."" Not as common, but yes. ""They have in the bag special weapons."" NEVER. ""They have, in the bag,",https://duolingo.hobune.stream/comment/28482788
,They have wood workshops.,english,,31206388,2019-03-09,5,"Does this mean that they have workshops for doing carpentry, or workshops made out of wood?",https://duolingo.hobune.stream/comment/31206388
,They like the scenery of Israel.,english,,52075464,2021-09-05,1,Hen ohavot et ha-nof shel israel.,https://duolingo.hobune.stream/comment/52075464
,They manage to write.,english,,18986199,2016-11-12,6,Hem matzlichim lichtov.,https://duolingo.hobune.stream/comment/18986199
,They say that there will be war before there is peace.,english,,44870833,2020-12-16,1,omrim sh-teehyeh meelkhamah leefnei sh-yihye shalom,https://duolingo.hobune.stream/comment/44870833
,"They sell furniture, so they understand Swedish.",english,,19084431,2016-11-17,8,IKEA anyone?,https://duolingo.hobune.stream/comment/19084431
,They want milk from us!,english,,16506422,2016-07-05,41,why not ממנו?,https://duolingo.hobune.stream/comment/16506422
,They wear necklaces.,english,,16273687,2016-06-22,26,One main rule in learning a different language is: never question a grammatical rule of that new language just because it is different than your native language. Just accept it and,https://duolingo.hobune.stream/comment/16273687
,They wear shirts.,english,,20153146,2017-01-08,4,hem lovshím chultzót.,https://duolingo.hobune.stream/comment/20153146
,They went to a party but I stayed at home with my seven cats.,english,,25683486,2017-12-28,12,אני should be optional here no?,https://duolingo.hobune.stream/comment/25683486
,This actress is very popular.,english,,54821214,2021-12-27,1,ha-sachkanít ha-zot hi me'ód populárit.,https://duolingo.hobune.stream/comment/54821214
,This belt is efficient.,english,,26408604,2018-02-25,8,How can a belt be efficient?,https://duolingo.hobune.stream/comment/26408604
,This booklet will explain the role to you.,english,,52267471,2021-09-13,1,Ha-sifron haze yasbir lekha et ha-tafqid.,https://duolingo.hobune.stream/comment/52267471
,This brand is familiar to me from Russia.,english,,39229341,2020-06-02,3,Why is it המותג and not מותג?,https://duolingo.hobune.stream/comment/39229341
,This investment is too risky.,english,,51660537,2021-08-19,1,Ha-hashqa’a hazot mesukenet midai.,https://duolingo.hobune.stream/comment/51660537
,This is a big school.,english,,21791740,2017-03-26,2,zeh bet sefer gadol,https://duolingo.hobune.stream/comment/21791740
,This is a bowl.,english,,16318158,2016-06-25,14,Why is this זו rather than זאת?,https://duolingo.hobune.stream/comment/16318158
,This is a closed military area.,english,,19480856,2016-12-05,10,What's the difference between שטח and איזור?,https://duolingo.hobune.stream/comment/19480856
,This is a girl.,english,,16495777,2016-07-05,13,Firstly (זו) means (this for masculine) and pronounces as (zeh) while (זאת) means (this for feminine) and pronounces as (zot) .... hope it helps,https://duolingo.hobune.stream/comment/16495777
,This is a good book.,english,,16610603,2016-07-11,21,"Okay, this might be an obvious question! But how do you know to write the ""book"" before ""good""? Is that a rule that applies every time you're talking about something being good/bad",https://duolingo.hobune.stream/comment/16610603
,"This is a good deal, but our budget is low.",english,,38701969,2020-05-15,3,That creepy voiceover for the word “אבל” is back in action. Startles me every time...,https://duolingo.hobune.stream/comment/38701969
,This is a good time to eat.,english,,18852309,2016-11-06,11,The word *זמן* is like Turkish *zaman* (Problably the Turkish one came from Arabic),https://duolingo.hobune.stream/comment/18852309
,This is a long and difficult chapter.,english,,31855865,2019-04-23,5,zeh pérek arokh v-kasheh,https://duolingo.hobune.stream/comment/31855865
,This is a new building.,english,,26212555,2018-02-07,1,Ze binyan khadash.,https://duolingo.hobune.stream/comment/26212555
,"This is a noun, not an adjective.",english,,48956815,2021-04-30,2,"Ze shem etsem, lo shem to’ar. Edited.",https://duolingo.hobune.stream/comment/48956815
,This is a sweet peach.,english,,17398368,2016-08-27,25,"The translation cannot be ""This peach is sweet"", because that would be **""האפרסק הזה מתוק""**, right? On the other hand, ""This is the sweet peach"" would be **""זה האפרסק המתוק""**, ri",https://duolingo.hobune.stream/comment/17398368
,This is a truck.,english,,16283999,2016-06-23,48,"So זה for masculine nouns and זאת or זו for feminine nouns, is that right?",https://duolingo.hobune.stream/comment/16283999
,This is absolutely repulsive.,english,,56255789,2022-02-20,1,Ze dokhe legamrei.,https://duolingo.hobune.stream/comment/56255789
,This is an ancient tradition of Russia.,english,,54664395,2021-12-20,1,zot masóret atiká shel rúsya.,https://duolingo.hobune.stream/comment/54664395
,This is an interesting strategy but I prefer to wait.,english,,41844886,2020-09-05,6,zot astratéguia meaniénet avál ani ma'adíf lekhacót,https://duolingo.hobune.stream/comment/41844886
,This is an island without laws.,english,,27843433,2018-07-01,8,What is the difference between ללא and בלי? Could you use בלי in this sentence?,https://duolingo.hobune.stream/comment/27843433
,This is bread.,english,,20893089,2017-02-13,19,"That's because there is no ""to be"" verb in Hebrew in the present tense. The is is basically implied.",https://duolingo.hobune.stream/comment/20893089
,This is from yesterday.,english,,49906917,2021-06-05,3,Ze me-etmol.,https://duolingo.hobune.stream/comment/49906917
,This is fun!,english,,20355340,2017-01-18,23,כיף how to pronunce,https://duolingo.hobune.stream/comment/20355340
,This is his mom.,english,,16548037,2016-07-08,46,WHY NOT האמא שלו,https://duolingo.hobune.stream/comment/16548037
,This is just the beginning.,english,,54496714,2021-12-14,3,זאת סתם ההתחלה?,https://duolingo.hobune.stream/comment/54496714
,This is less sweet than my banana.,english,,27188657,2018-05-05,9,"כן, הבננה שלי זה משהו!!! (((",https://duolingo.hobune.stream/comment/27188657
,This is mine and that is theirs.,english,,52420163,2021-09-19,5,"Is this a sentence in Hebrew? Maybe you could show us the Hebrew translation, so we would know what the problem is. Did they use זה for that and this?",https://duolingo.hobune.stream/comment/52420163
,This is my first step after the accident.,english,,52574156,2021-09-26,1,Ze ha-tsa’ad ha-rishon sheli akharei ha-te’una.,https://duolingo.hobune.stream/comment/52574156
,This is my second dog.,english,,48040704,2021-03-27,3,What would the masculine singular read?,https://duolingo.hobune.stream/comment/48040704
,This is my skirt.,english,,17948060,2016-09-25,16,zot ha-chatz'aít shelí.,https://duolingo.hobune.stream/comment/17948060
,This is not pure.,english,,48270649,2021-04-05,3,zeh lo tahór,https://duolingo.hobune.stream/comment/48270649
,This is not the reason.,english,,51301302,2021-08-04,1,Zot lo ha-siba.,https://duolingo.hobune.stream/comment/51301302
,This is our new program.,english,,54340426,2021-12-08,1,zot ha-tochnít ha-chadashá shelánu.,https://duolingo.hobune.stream/comment/54340426
,This is sad.,english,,16283044,2016-06-23,12,"Alexa, play despacito",https://duolingo.hobune.stream/comment/16283044
,This is the fourth birth within five hours.,english,,52622368,2021-09-28,1,Zot ha-leda ha-revi’it betokh khamesh sha’ot.,https://duolingo.hobune.stream/comment/52622368
,"This is the invitation to the conference, but it is in Japanese.",english,,16951562,2016-08-01,6,"There is a small difference, but both should be accepted in this case. Usually KENES - the something much bigger (think of Knesset). An international conference will be KENES. Howe",https://duolingo.hobune.stream/comment/16951562
,This is the last number.,english,,56227504,2022-02-19,1,Ze ha-mispar ha-akharon,https://duolingo.hobune.stream/comment/56227504
,This is the orange.,english,,16527993,2016-07-07,17,ze ha-tapúz.,https://duolingo.hobune.stream/comment/16527993
,This is the period of year.,english,,19122299,2016-11-18,27,"The English here is poor. It should be ""This is the period of *the* year.""",https://duolingo.hobune.stream/comment/19122299
,This law gives us rights.,english,,50413602,2021-06-27,2,Men cannot grant rights to other men since rights are already bestowed upon all men by the Creator. Men can only join forces with one another to deprive other weaker men of these r,https://duolingo.hobune.stream/comment/50413602
,This list is too long.,english,,47247886,2021-02-28,7,"Why not ""הרשימה הזאת היא יותר מדי ארוכה.""?",https://duolingo.hobune.stream/comment/47247886
,This orange belongs in another category.,english,,54671368,2021-12-21,4,ha-tapúz ha-ze shayách le-kategórya achéret.,https://duolingo.hobune.stream/comment/54671368
,This painting belongs to a famous painter.,english,,48181625,2021-04-01,1,Ha'tziur haze shayach le'tzayar mefursam.,https://duolingo.hobune.stream/comment/48181625
,This pen does not work!,english,,26940722,2018-04-14,4,Ha'et ha'ze lo oved!,https://duolingo.hobune.stream/comment/26940722
,This question has already been asked and the answer was forty-two.,english,,17555413,2016-09-05,13,"This is the ultimate sentence in the Hebrew course, the universe, and everything.",https://duolingo.hobune.stream/comment/17555413
,This root is only conjugated in one binyan.,english,,25688263,2017-12-28,24,"Is it really necessary to put ""רק"" after the verb?",https://duolingo.hobune.stream/comment/25688263
,This situation is very complicated.,english,,29337705,2018-10-21,2,"Passive form of הִרְכִּיב, to assemble, to put together.",https://duolingo.hobune.stream/comment/29337705
,This train is very long!,english,,55140801,2022-01-08,1,ha-rakévet ha-zot me'ód aruká.,https://duolingo.hobune.stream/comment/55140801
,This will end in blood.,english,,28753092,2018-09-05,2,The official motto of the Middle East.,https://duolingo.hobune.stream/comment/28753092
,Three calendars.,english,,22162407,2017-04-15,12,Why is it masculin (שלושה) when the noun it is counting (לוחות) is feminine ?,https://duolingo.hobune.stream/comment/22162407
,"Three, five and six are my numbers.",english,,16697646,2016-07-17,22,"Why is it not הן, since numbers are in their feminine form?",https://duolingo.hobune.stream/comment/16697646
,Tiberias is an ancient city.,english,,52591805,2021-09-27,3,Tiveria hi ir atiqa.,https://duolingo.hobune.stream/comment/52591805
,Today it is easier to find a programmer than a waiter.,english,,34126823,2019-09-16,1,Hayom kal yoter limtzo metachnet mimeltzar.,https://duolingo.hobune.stream/comment/34126823
,"Together, everything is possible.",english,,30007432,2018-12-14,2,"Beyáchad, ha-kol efsharí",https://duolingo.hobune.stream/comment/30007432
,Tomorrow I will call the Ministry of Internal Affairs and ask.,english,,37690812,2020-04-11,1,.,https://duolingo.hobune.stream/comment/37690812
,"Tomorrow evening the theater will be closed, it is open only Tuesday morning.",english,,24863694,2017-10-17,25,Why wasn't ביום שלישי בבקר accepted? It should be. Spoken hebrew even says בשלישי בבקר in short,https://duolingo.hobune.stream/comment/24863694
,Tomorrow the committee will have an agreement.,english,,16420346,2016-06-30,6,התשובה הנכונה אינה נכונה - מחר הוועדה תגיע להסכם,https://duolingo.hobune.stream/comment/16420346
,Tonight at six o'clock.,english,,27282726,2018-05-14,20,"Why not הַלַּ֫יְלָה? But הָעֶ֫רֶב means ""this evening"". Well, six o'clock is not exactly at night... I think I have more a problem with the English expression.",https://duolingo.hobune.stream/comment/27282726
,Turn off or on?,english,,51891371,2021-08-28,1,Lekhabot o lehadliq?,https://duolingo.hobune.stream/comment/51891371
,Two times five equals ten.,english,,54886162,2021-12-30,1,Shtayim kaful khamesh shave eser.,https://duolingo.hobune.stream/comment/54886162
,Underwater.,english,,19476417,2016-12-05,13,Mitakhat lamaim,https://duolingo.hobune.stream/comment/19476417
,Use the book!,english,,49645371,2021-05-25,4,I'm wondering why it's not השתמשו את הספר?,https://duolingo.hobune.stream/comment/49645371
,Water.,english,,19417501,2016-12-02,12,It would be awesome if I can hear the word everytime I touch it.,https://duolingo.hobune.stream/comment/19417501
,"We are going on a journey in France, Germany and Spain.",english,,25544454,2017-12-14,10,"למה לא הולכים למסע, רק יוצאים למסע?",https://duolingo.hobune.stream/comment/25544454
,We are learning to let ourselves forget everything we have said.,english,,22248049,2017-04-20,18,באופן רשמי זה המשפט הכי מטומטם בדולינגו,https://duolingo.hobune.stream/comment/22248049
,We are men.,english,,16269938,2016-06-22,9,anáchnu gvarím.,https://duolingo.hobune.stream/comment/16269938
,We are not so different.,english,,53781163,2021-11-16,3,Why not אנחנו כל כך לא שונים ?,https://duolingo.hobune.stream/comment/53781163
,We are the children.,english,,17067457,2016-08-08,33,"_""We are the world, we are the children""_",https://duolingo.hobune.stream/comment/17067457
,We are working on a solution.,english,,50077640,2021-06-12,0,,https://duolingo.hobune.stream/comment/50077640
,"We aren't sleeping, we're continuing on the way.",english,,55937091,2022-02-08,1,"Anakhnu lo yeshenim, anakhnu mamshikhim ba-derekh",https://duolingo.hobune.stream/comment/55937091
,We ask them what they want.,english,,16324425,2016-06-25,29,I don't think we've been taught the אנו that was used in this multiple choice.,https://duolingo.hobune.stream/comment/16324425
,We buy food.,english,,21748107,2017-03-24,11,why it can't be אנחנו קונים אוכל?,https://duolingo.hobune.stream/comment/21748107
,We do not have an interest in this.,english,,52108352,2021-09-06,2,Ein lanu inian baze.,https://duolingo.hobune.stream/comment/52108352
,We eat the same things.,english,,19007772,2016-11-13,18,"This sentence have two את's in it! Since אותו is already a form of את, why do we need the separate את?",https://duolingo.hobune.stream/comment/19007772
,We give you the horse.,english,,19307830,2016-11-27,21,anakhnu notnim lekhá (m) / lakh (f) et ha-sus,https://duolingo.hobune.stream/comment/19307830
,We had a map but the monkeys stole it.,english,,33811566,2019-08-27,5,Ha'ita lanu mapa aval ha'kofim ganvu ota,https://duolingo.hobune.stream/comment/33811566
,We have all the colors but purple.,english,,16400865,2016-06-29,31,"Why can't we omit את here? ""yesh lanu"" literally stands for ""there is at our disposal"", so, technically, את is not supposed to be used with ""yesh"". I know it is commonly used with ",https://duolingo.hobune.stream/comment/16400865
,We have good results.,english,,52498480,2021-09-22,1,Yesh lanu totsa’ot tovot.,https://duolingo.hobune.stream/comment/52498480
,We have hope.,english,,53509189,2021-11-06,2,Yesh lanu tiqva.,https://duolingo.hobune.stream/comment/53509189
,We have nine eggs and nine fish.,english,,21408862,2017-03-08,11,"why is there no hei at the end of the adjectif, when there is one at the end of the second ""nine"" ?",https://duolingo.hobune.stream/comment/21408862
,We have reached a peace agreement.,english,,29680500,2018-11-17,9,Higanu l-heskem shalom.,https://duolingo.hobune.stream/comment/29680500
,We need new blankets for the winter.,english,,30416341,2019-01-17,2,I thought בשביל meant 'for' in the sense of 'for the sake of'. Is this a usual way of using בשביל?,https://duolingo.hobune.stream/comment/30416341
,We see you.,english,,16620339,2016-07-12,86,COULD IT ALSO BE אנחנו רואים אתכן?,https://duolingo.hobune.stream/comment/16620339
,We split up.,english,,53473062,2021-11-04,9,nifrádnu.,https://duolingo.hobune.stream/comment/53473062
,We support animals.,english,,19462826,2016-12-04,16,Why is it בחיות here and not simply חיות?,https://duolingo.hobune.stream/comment/19462826
,We want to start a brand with a new name.,english,,34076154,2019-09-12,3,Anachnu rotzim lehatchil mutag im shem chadash.,https://duolingo.hobune.stream/comment/34076154
,We will go in when we are all ready.,english,,33266811,2019-07-23,7,"למה לא ""ניכנס כשכולנו מוכנים""?",https://duolingo.hobune.stream/comment/33266811
,Welcome to the yearly volleyball championship!,english,,47392792,2021-03-05,2,brukhim habaim l-alifut ha-caduraf ha-shnatit,https://duolingo.hobune.stream/comment/47392792
,Welcome.,english,,17279356,2016-08-20,22,"This might be a good time to remind everyone that learning Hebrew requires a change of mindset , i.e. the way that your mind processes information. In some ways Duo facilitates thi",https://duolingo.hobune.stream/comment/17279356
,What a tall tower!,english,,50661737,2021-07-08,3,Whats up with the איזה,https://duolingo.hobune.stream/comment/50661737
,What a view!,english,,51239815,2021-08-02,3,Audio.,https://duolingo.hobune.stream/comment/51239815
,What are they doing in America?,english,,51357675,2021-08-07,3,ma hem osím be-amérika?,https://duolingo.hobune.stream/comment/51357675
,What did we say?,english,,55321918,2022-01-15,1,Ma amarnu?,https://duolingo.hobune.stream/comment/55321918
,What did you sing?,english,,49735502,2021-05-28,2,Audio?,https://duolingo.hobune.stream/comment/49735502
,What do they decide?,english,,55162331,2022-01-09,1,Ma hem makhlitim?,https://duolingo.hobune.stream/comment/55162331
,What exactly do you want to say to me?,english,,16649751,2016-07-14,13,"What are the rules for where to put בדיוק in this sentence? Can it only go in the one place, or can it move around? (In English, ""exactly"" can go several places, but I don't think ",https://duolingo.hobune.stream/comment/16649751
,What happened on Tisha Be'av?,english,,52058545,2021-09-04,2,מָה קָרָה בְּתִשְׁעָה בְּאָב?,https://duolingo.hobune.stream/comment/52058545
,What is her level?,english,,35331214,2019-12-01,4,"In the sentence ""what is a profile?"", we are required to put a זה between מה and פרופיל. But in this sentence we don't put a היא or זאת between מה and הרמה שלה. *What's the differe",https://duolingo.hobune.stream/comment/35331214
,What is the area of the apartment?,english,,17326543,2016-08-23,8,Can איזור be used here instead of שטח ? Is there significant difference between them?,https://duolingo.hobune.stream/comment/17326543
,What is the best league in the world?,english,,51358704,2021-08-07,1,Ma-ha-liga hakhi tova ba-olam?,https://duolingo.hobune.stream/comment/51358704
,What is the depth of the water?,english,,41626199,2020-08-28,5,How about מה עומק המים?,https://duolingo.hobune.stream/comment/41626199
,What is the municipality's policy regarding old schools?,english,,28475704,2018-08-16,15,mah mediniyút ha-iriah legabéi batéi séfer yeshanim,https://duolingo.hobune.stream/comment/28475704
,What is the reason that he left?,english,,50732604,2021-07-11,3,It would sound more natural to say 'למה הוא עזב?',https://duolingo.hobune.stream/comment/50732604
,What is the value of the bank on the stock market?,english,,47722832,2021-03-16,3,"Could you translate ""value"" in this sentence also as ערך?",https://duolingo.hobune.stream/comment/47722832
,What is your plan?,english,,50282354,2021-06-21,1,Ma ha-tokhnit shelkha?,https://duolingo.hobune.stream/comment/50282354
,What must we do?,english,,16649214,2016-07-13,14,"Okay, so this doesn't match the hints at all. Can someone explain this please?",https://duolingo.hobune.stream/comment/16649214
,When I saw you three years ago you didn't have children.,english,,32162280,2019-05-13,20,¹Kshe-ra'iti etchen lifnei shalosh shanim lo hayu lachen yeladim. ¹ kshe as in *milkshake.*,https://duolingo.hobune.stream/comment/32162280
,When are we going?,english,,16331753,2016-06-25,7,what the story with אנו?,https://duolingo.hobune.stream/comment/16331753
,"When he was a child, he wanted to be a guitarist.",english,,49789503,2021-05-31,3,audio,https://duolingo.hobune.stream/comment/49789503
,When were you there?,english,,32846268,2019-06-27,12,Why only feminine form is considered correct?,https://duolingo.hobune.stream/comment/32846268
,When will we be rich already?,english,,50933837,2021-07-20,5,"Earlier in this module there was a sentence that began with, ""When will I be"" and the Hebrew was ""כשאהיה..."". I tried it here using ""כשנהיה"" but it was not accepted. Would that rea",https://duolingo.hobune.stream/comment/50933837
,When will we send them a postcard?,english,,54908745,2021-12-31,1,Matai nishlach lahem gluya?,https://duolingo.hobune.stream/comment/54908745
,Where are the bears?,english,,16898268,2016-07-29,21,What is the difference between איפה and היכן ?,https://duolingo.hobune.stream/comment/16898268
,Where are the trash bags?,english,,51380038,2021-08-08,1,Eifo nimtsa’ot saqiyot ha-ashpa?,https://duolingo.hobune.stream/comment/51380038
,Where are we sailing to?,english,,53622594,2021-11-10,1,Lean anakhnu shatim?,https://duolingo.hobune.stream/comment/53622594
,Where are you going?,english,,17409876,2016-08-28,11,Why isn't it אופה which was the suggestion?,https://duolingo.hobune.stream/comment/17409876
,Where did humans come from?,english,,25352455,2017-11-27,13,It can be written in the both ways- מאין בני האדם באו,https://duolingo.hobune.stream/comment/25352455
,Where do you have a cookie from?,english,,20871163,2017-02-12,33,"*From where there is to you a cookie?* Talk about confusing, lol.",https://duolingo.hobune.stream/comment/20871163
,Where is he from?,english,,20085059,2017-01-05,13,This one was tricky. Basically it is From where does he come? Not too easy when only given the English to translate into Hebrew.,https://duolingo.hobune.stream/comment/20085059
,"Where there is reddish earth, there aren't trees.",english,,20658174,2017-02-03,6,"Is there any reason DL should not have accepted ""איפה נמצאת"" instead of ""איפה שיש""?",https://duolingo.hobune.stream/comment/20658174
,Which courses do you have?,english,,22490007,2017-05-05,46,IT SHOULD ALSO ACCEPT SINGULAR YOU (יש לך) without considering it a typo.,https://duolingo.hobune.stream/comment/22490007
,Who can love him?,english,,52770347,2021-10-08,1,Mi yakhol le’ehov oto?,https://duolingo.hobune.stream/comment/52770347
,Who does not like sport?,english,,42160935,2020-09-16,3,אני שונאת ספורט אבל אוהבת גוף ספורטיבי;),https://duolingo.hobune.stream/comment/42160935
,Who eats my banana?,english,,29180014,2018-10-09,11,mi ochél et ha-banána shelí?,https://duolingo.hobune.stream/comment/29180014
,Who is that behind the disguise?,english,,19674139,2016-12-14,19,why not having the object marker of מי זה מאחורי את התחפושית,https://duolingo.hobune.stream/comment/19674139
,Whose fault is it?,english,,36529799,2020-02-12,1,.,https://duolingo.hobune.stream/comment/36529799
,Whose is this shopping bag?,english,,48875711,2021-04-27,2,"More natural sounding would be, ""Whose shopping bag is this?""",https://duolingo.hobune.stream/comment/48875711
,Why are you eating your fork?,english,,17991071,2016-09-27,15,Beats eating my knife )_('.' )_(,https://duolingo.hobune.stream/comment/17991071
,Why are you staring at my belly?,english,,34446110,2019-10-07,6,lámah atén bohot ba-béten sheli,https://duolingo.hobune.stream/comment/34446110
,Why do you lie to me?,english,,17333359,2016-08-23,12,Are למה and מדוע interchangeable?,https://duolingo.hobune.stream/comment/17333359
,Why is he first and not me?,english,,52407379,2021-09-19,1,Lama hu rishon ve-lo ani?,https://duolingo.hobune.stream/comment/52407379
,Why is he putting honey in it?,english,,21389591,2017-03-07,23,What is מדוע?,https://duolingo.hobune.stream/comment/21389591
,Why is nobody supporting that woman?,english,,22045593,2017-04-09,49,Why is it באישה הזאת instead of את האישה הזאת (or something else entirely? What function is the ב filling?,https://duolingo.hobune.stream/comment/22045593
,Why not tell him?,english,,24489199,2017-09-17,14,When is each of these used: להגיד לומר לספר,https://duolingo.hobune.stream/comment/24489199
,Why now?,english,,55013578,2022-01-04,1,Lama akhshav?,https://duolingo.hobune.stream/comment/55013578
,With whom are you going?,english,,24916220,2017-10-21,11,eem mi at holekhet / atah holekh,https://duolingo.hobune.stream/comment/24916220
,Yesterday I saw a great watch.,english,,28974879,2018-09-22,8,"Is the יד really necessary, or does the term שעון include watches as well as clocks?",https://duolingo.hobune.stream/comment/28974879
,You are a dove and I am a dove.,english,,16259955,2016-06-22,46,Where can we learn the alphabet in this App?,https://duolingo.hobune.stream/comment/16259955
,You are drinking.,english,,18032779,2016-09-30,30,Is אתם plural? I don't think I've seen it before.,https://duolingo.hobune.stream/comment/18032779
,You are far from the ducks.,english,,16306261,2016-06-24,23,at rechoká me-ha-barvazím.,https://duolingo.hobune.stream/comment/16306261
,"You are welcome, good night.",english,,16254141,2016-06-21,31,"Could this not also be בבקשה,לילה טוב",https://duolingo.hobune.stream/comment/16254141
,You can hear the harp.,english,,49382293,2021-05-16,3,"Why not, ""אתה שומע את הנבל""?",https://duolingo.hobune.stream/comment/49382293
,You eat bread.,english,,22509191,2017-05-07,9,Atá ochél léchem.,https://duolingo.hobune.stream/comment/22509191
,You have to pay before me.,english,,17764325,2016-09-16,25,atah tzarikh leshalém lefanái,https://duolingo.hobune.stream/comment/17764325
,You like bread and milk.,english,,16254848,2016-06-21,29,"I don't think that אתם has been taught at this point. I understand that it means ""you,"" but in what sense?",https://duolingo.hobune.stream/comment/16254848
,You like bread.,english,,17687365,2016-09-13,9,Why assume the person addressed is a woman?,https://duolingo.hobune.stream/comment/17687365
,You look like a cucumber.,english,,19006145,2016-11-13,4,I simply must remember this pick-up line. I bet I'll be very popular with the ladies.,https://duolingo.hobune.stream/comment/19006145
,You must agree that this policy does not succeed at preventing the problem.,english,,34078581,2019-09-12,5,"why is אתה צריך not accepted as ""you must""",https://duolingo.hobune.stream/comment/34078581
,You need to break the window!,english,,53533648,2021-11-07,2,atá tzarích lishbór et ha-chalón!,https://duolingo.hobune.stream/comment/53533648
,You or her?,english,,16255347,2016-06-21,49,It'd be nice if they gave you something like a list of word's with their translation... before or after every exercise.,https://duolingo.hobune.stream/comment/16255347
,"You were cheap once, but now you are expensive, why?",english,,19542684,2016-12-07,20,"This is one of those situations where Duolingo inexplicably wants a translation which employs a particular gender or number. The sentence היית זול פעם, אבל עכשיו אתה יקר, למה? Shou",https://duolingo.hobune.stream/comment/19542684
,You will see the new building when you come to visit us.,english,,18107193,2016-10-04,24,תראה את הבניין החדש כשתבוא לבקר אותנו.,https://duolingo.hobune.stream/comment/18107193
,You will swim.,english,,50660199,2021-07-08,3,אַתְּ תִּשְׁחִי.,https://duolingo.hobune.stream/comment/50660199
,Your boy is happy!,english,,16544627,2016-07-07,17,Can someone explain to me why is it wrong to write 'הילד שלך הוא שמח'?,https://duolingo.hobune.stream/comment/16544627
,Your cat wants to eat.,english,,22288947,2017-04-22,39,ha-chatúl shelách rotzé le'echól.,https://duolingo.hobune.stream/comment/22288947
,Your change is five Agorot.,english,,16251875,2016-06-21,3,"כי אנחנו בניינטיז ועדין יש מטבעות כאלה, מסתבר.",https://duolingo.hobune.stream/comment/16251875
,Your recommendation does not suit the government's policy.,english,,35043991,2019-11-13,6,Is the construct state necessary here? I had the following rejected. ההמלצה שלך לא מתאימה למדיניות של הממשלה,https://duolingo.hobune.stream/comment/35043991
,Your sugar is sweet!,english,,16346456,2016-06-26,23,Is there nonsweet sugar as well?,https://duolingo.hobune.stream/comment/16346456
